chunk_id,lemma
ch1_p1_s0_c0,heure
ch1_p1_s1_c0,peine
ch1_p1_s1_c0,bougie
ch1_p1_s1_c0,oeil
ch1_p1_s1_c0,temps
ch1_p1_s2_c0,pensée
ch1_p1_s2_c0,temps
ch1_p1_s2_c0,sommeil
ch1_p1_s2_c0,volume
ch1_p1_s2_c0,main
ch1_p1_s2_c0,lumière
ch1_p1_s2_c0,dormant
ch1_p1_s2_c0,réflexion
ch1_p1_s2_c0,réflexion
ch1_p1_s2_c0,tour
ch1_p1_s2_c0,ouvrage
ch1_p1_s2_c0,église
ch1_p1_s2_c0,quatuor
ch1_p1_s2_c0,rivalité
ch1_p1_s2_c0,françois
ch1_p1_s2_c0,charles
ch1_p1_s2_c0,quint
ch1_p1_s3_c0,croyance
ch1_p1_s3_c0,seconde
ch1_p1_s3_c0,réveil
ch1_p1_s3_c0,raison
ch1_p1_s3_c0,écaille
ch1_p1_s3_c0,oeil
ch1_p1_s3_c0,compte
ch1_p1_s3_c0,bougeoir
ch1_p1_s4_c0,métempsycose
ch1_p1_s4_c0,pensée
ch1_p1_s4_c0,existence
ch1_p1_s4_c0,sujet
ch1_p1_s4_c0,livre
ch1_p1_s4_c0,vue
ch1_p1_s4_c0,obscurité
ch1_p1_s4_c0,oeil
ch1_p1_s4_c0,esprit
ch1_p1_s4_c0,chose
ch1_p1_s4_c0,cause
ch1_p1_s4_c1,chose
ch1_p1_s5_c0,heure
ch1_p1_s5_c0,sifflement
ch1_p1_s5_c0,train
ch1_p1_s5_c0,chant
ch1_p1_s5_c0,oiseau
ch1_p1_s5_c0,forêt
ch1_p1_s5_c0,distance
ch1_p1_s5_c0,étendue
ch1_p1_s5_c0,campagne
ch1_p1_s5_c0,voyageur
ch1_p1_s5_c0,station
ch1_p1_s5_c0,chemin
ch1_p1_s5_c0,souvenir
ch1_p1_s5_c0,excitation
ch1_p1_s5_c0,lieu
ch1_p1_s5_c0,acte
ch1_p1_s5_c1,causerie
ch1_p1_s5_c1,adieu
ch1_p1_s5_c1,lampe
ch1_p1_s5_c1,silence
ch1_p1_s5_c1,nuit
ch1_p1_s5_c1,douceur
ch1_p2_s0_c0,joue
ch1_p2_s0_c0,joue
ch1_p2_s0_c0,oreiller
ch1_p2_s0_c0,joue
ch1_p2_s0_c0,enfance
ch1_p2_s1_c0,allumette
ch1_p2_s2_c0,minuit
ch1_p2_s3_c0,instant
ch1_p2_s3_c0,malade
ch1_p2_s3_c0,voyage
ch1_p2_s3_c0,hôtel
ch1_p2_s3_c0,crise
ch1_p2_s3_c0,porte
ch1_p2_s3_c0,raie
ch1_p2_s3_c0,jour
ch1_p2_s4_c0,bonheur
ch1_p2_s4_c0,matin
ch1_p2_s5_c0,moment
ch1_p2_s5_c0,domestique
ch1_p2_s5_c0,secours
ch1_p2_s6_c0,espérance
ch1_p2_s6_c0,courage
ch1_p2_s8_c0,raie
ch1_p2_s8_c0,jour
ch1_p2_s8_c0,porte
ch1_p2_s9_c0,minuit
ch1_p2_s9_c0,gaz
ch1_p2_s9_c0,nuit
ch1_p2_s9_c0,remède
ch1_p3_s0_c0,réveil
ch1_p3_s0_c0,instant
ch1_p3_s0_c0,temps
ch1_p3_s0_c0,craquement
ch1_p3_s0_c0,boiserie
ch1_p3_s0_c0,oeil
ch1_p3_s0_c0,kaléidoscope
ch1_p3_s0_c0,obscurité
ch1_p3_s0_c0,goûter
ch1_p3_s0_c0,grâce
ch1_p3_s0_c0,lueur
ch1_p3_s0_c0,momentanée
ch1_p3_s0_c0,conscience
ch1_p3_s0_c0,sommeil
ch1_p3_s0_c0,meuble
ch1_p3_s0_c0,chambre
ch1_p3_s0_c0,partie
ch1_p3_s0_c0,insensibilité
ch1_p3_s1_c0,dormant
ch1_p3_s1_c0,effort
ch1_p3_s1_c0,âge
ch1_p3_s1_c0,vie
ch1_p3_s1_c0,terreur
ch1_p3_s1_c0,boucle
ch1_p3_s1_c0,jour
ch1_p3_s1_c0,date
ch1_p3_s1_c0,ère
ch1_p3_s2_c0,événement
ch1_p3_s2_c0,sommeil
ch1_p3_s2_c0,souvenir
ch1_p3_s2_c0,main
ch1_p3_s2_c0,mesure
ch1_p3_s2_c0,précaution
ch1_p3_s2_c0,tête
ch1_p3_s2_c0,oreiller
ch1_p3_s2_c0,monde
ch1_p3_s2_c0,rêve
ch1_p4_s0_c0,ève
ch1_p4_s0_c0,côte
ch1_p4_s0_c0,adam
ch1_p4_s0_c0,femme
ch1_p4_s0_c0,sommeil
ch1_p4_s0_c0,position
ch1_p4_s0_c0,cuisse
ch1_p4_s1_c0,formée
ch1_p4_s1_c0,plaisir
ch1_p4_s1_c0,point
ch1_p4_s1_c0,goûter
ch1_p4_s2_c0,corps
ch1_p4_s2_c0,chaleur
ch1_p4_s3_c0,humain
ch1_p4_s3_c0,femme
ch1_p4_s3_c0,moment
ch1_p4_s3_c0,peine
ch1_p4_s3_c0,baiser
ch1_p4_s3_c0,corps
ch1_p4_s3_c0,poids
ch1_p4_s3_c0,taille
ch1_p4_s4_c0,trait
ch1_p4_s4_c0,femme
ch1_p4_s4_c0,vie
ch1_p4_s4_c0,but
ch1_p4_s4_c0,voyage
ch1_p4_s4_c0,oeil
ch1_p4_s4_c0,cité
ch1_p4_s4_c0,réalité
ch1_p4_s4_c0,charme
ch1_p4_s4_c0,songe
ch1_p4_s5_c0,souvenir
ch1_p4_s5_c0,fille
ch1_p4_s5_c0,rêve
ch1_p5_s0_c0,homme
ch1_p5_s0_c0,cercle
ch1_p5_s0_c0,fil
ch1_p5_s0_c0,heure
ch1_p5_s0_c0,ordre
ch1_p5_s0_c0,année
ch1_p5_s0_c0,monde
ch1_p5_s1_c0,instinct
ch1_p5_s1_c0,point
ch1_p5_s1_c0,terre
ch1_p5_s1_c0,temps
ch1_p5_s1_c0,réveil
ch1_p5_s1_c0,rang
ch1_p5_s2_c0,matin
ch1_p5_s2_c0,insomnie
ch1_p5_s2_c0,sommeil
ch1_p5_s2_c0,train
ch1_p5_s2_c0,posture
ch1_p5_s2_c0,bras
ch1_p5_s2_c0,soleil
ch1_p5_s2_c0,minute
ch1_p5_s2_c0,réveil
ch1_p5_s2_c0,heure
ch1_p5_s2_c0,peine
ch1_p5_s3_c0,position
ch1_p5_s3_c0,exemple
ch1_p5_s3_c0,dîner
ch1_p5_s3_c0,fauteuil
ch1_p5_s3_c0,bouleversement
ch1_p5_s3_c0,monde
ch1_p5_s3_c0,fauteuil
ch1_p5_s3_c0,vitesse
ch1_p5_s3_c0,temps
ch1_p5_s3_c0,espace
ch1_p5_s3_c0,moment
ch1_p5_s3_c0,paupière
ch1_p5_s3_c0,mois
ch1_p5_s3_c0,contrée
ch1_p5_s4_c0,lit
ch1_p5_s4_c0,sommeil
ch1_p5_s4_c0,esprit
ch1_p5_s4_c0,plan
ch1_p5_s4_c0,lieu
ch1_p5_s4_c0,milieu
ch1_p5_s4_c0,nuit
ch1_p5_s4_c0,instant
ch1_p5_s4_c0,simplicité
ch1_p5_s4_c1,sentiment
ch1_p5_s4_c1,existence
ch1_p5_s4_c1,fond
ch1_p5_s4_c1,animal
ch1_p5_s4_c1,homme
ch1_p5_s4_c1,caverne
ch1_p5_s4_c1,souvenir
ch1_p5_s4_c1,lieu
ch1_p5_s4_c1,secours
ch1_p5_s4_c1,néant
ch1_p5_s4_c1,siècle
ch1_p5_s4_c1,civilisation
ch1_p5_s4_c2,image
ch1_p5_s4_c2,entrevue
ch1_p5_s4_c2,lampe
ch1_p5_s4_c2,pétrole
ch1_p5_s4_c2,chemise
ch1_p5_s4_c2,col
ch1_p5_s4_c2,trait
ch1_p6_s0_c0,immobilité
ch1_p6_s0_c0,chose
ch1_p6_s0_c0,certitude
ch1_p6_s0_c0,immobilité
ch1_p6_s0_c0,pensée
ch1_p6_s0_c0,face
ch1_p6_s1_c0,esprit
ch1_p6_s1_c0,obscurité
ch1_p6_s1_c0,chose
ch1_p6_s1_c0,pays
ch1_p6_s1_c0,année
ch1_p6_s2_c0,corps
ch1_p6_s2_c0,engourdi
ch1_p6_s2_c0,forme
ch1_p6_s2_c0,fatigue
ch1_p6_s2_c0,position
ch1_p6_s2_c0,membre
ch1_p6_s2_c0,direction
ch1_p6_s2_c0,mur
ch1_p6_s2_c0,place
ch1_p6_s2_c0,meuble
ch1_p6_s2_c0,demeure
ch1_p6_s3_c0,mémoire
ch1_p6_s3_c0,mémoire
ch1_p6_s3_c0,côte
ch1_p6_s3_c0,genou
ch1_p6_s3_c0,épaule
ch1_p6_s3_c0,chambre
ch1_p6_s3_c0,mur
ch1_p6_s3_c0,place
ch1_p6_s3_c0,forme
ch1_p6_s3_c0,pièce
ch1_p6_s3_c0,ténèbre
ch1_p6_s4_c0,pensée
ch1_p6_s4_c0,seuil
ch1_p6_s4_c0,temps
ch1_p6_s4_c0,forme
ch1_p6_s4_c0,logis
ch1_p6_s4_c0,circonstance
ch1_p6_s4_c0,corps
ch1_p6_s4_c0,genre
ch1_p6_s4_c0,lit
ch1_p6_s4_c0,place
ch1_p6_s4_c0,porte
ch1_p6_s4_c0,prise
ch1_p6_s4_c0,jour
ch1_p6_s4_c0,fenêtre
ch1_p6_s4_c0,existence
ch1_p6_s4_c0,couloir
ch1_p6_s4_c0,pensée
ch1_p6_s4_c0,réveil
ch1_p6_s5_c0,côté
ch1_p6_s5_c0,orientation
ch1_p6_s5_c0,exemple
ch1_p6_s5_c0,face
ch1_p6_s5_c0,mur
ch1_p6_s5_c0,lit
ch1_p6_s5_c0,baldaquin
ch1_p6_s5_c0,maman
ch1_p6_s5_c0,campagne
ch1_p6_s5_c0,mort
ch1_p6_s5_c0,année
ch1_p6_s5_c0,corps
ch1_p6_s5_c0,côté
ch1_p6_s5_c0,gardien
ch1_p6_s5_c0,passé
ch1_p6_s5_c0,esprit
ch1_p6_s5_c1,flamme
ch1_p6_s5_c1,veilleuse
ch1_p6_s5_c1,verre
ch1_p6_s5_c1,bohême
ch1_p6_s5_c1,forme
ch1_p6_s5_c1,urne
ch1_p6_s5_c1,plafond
ch1_p6_s5_c1,chaînette
ch1_p6_s5_c1,cheminée
ch1_p6_s5_c1,marbre
ch1_p6_s5_c1,chambre
ch1_p6_s5_c1,combray
ch1_p6_s5_c1,grand
ch1_p6_s5_c1,parent
ch1_p6_s5_c1,jour
ch1_p6_s5_c1,moment
ch1_p6_s5_c1,heure
ch1_p7_s0_c0,souvenir
ch1_p7_s0_c0,attitude
ch1_p7_s0_c0,mur
ch1_p7_s0_c0,direction
ch1_p7_s0_c0,chambre
ch1_p7_s0_c0,mme
ch1_p7_s0_c0,campagne
ch1_p7_s0_c0,dieu
ch1_p7_s1_c0,heure
ch1_p7_s1_c0,dîner
ch1_p7_s2_c0,sieste
ch1_p7_s2_c0,soir
ch1_p7_s2_c0,promenade
ch1_p7_s2_c0,mme
ch1_p7_s2_c0,habit
ch1_p7_s3_c0,année
ch1_p7_s3_c0,combray
ch1_p7_s3_c0,retour
ch1_p7_s3_c0,reflet
ch1_p7_s3_c0,couchant
ch1_p7_s3_c0,vitrage
ch1_p7_s3_c0,fenêtre
ch1_p7_s4_c0,genre
ch1_p7_s4_c0,vie
ch1_p7_s4_c0,tansonville
ch1_p7_s4_c0,mme
ch1_p7_s4_c0,genre
ch1_p7_s4_c0,plaisir
ch1_p7_s4_c0,nuit
ch1_p7_s4_c0,clair
ch1_p7_s4_c0,lune
ch1_p7_s4_c0,chemin
ch1_p7_s4_c0,jadis
ch1_p7_s4_c0,soleil
ch1_p7_s4_c0,chambre
ch1_p7_s4_c0,lieu
ch1_p7_s4_c0,dîner
ch1_p7_s4_c0,feu
ch1_p7_s4_c0,lampe
ch1_p7_s4_c0,phare
ch1_p7_s4_c0,nuit
ch1_p8_s0_c0,évocation
ch1_p8_s0_c0,seconde
ch1_p8_s0_c0,incertitude
ch1_p8_s0_c0,lieu
ch1_p8_s0_c0,supposition
ch1_p8_s0_c0,cheval
ch1_p8_s0_c0,position
ch1_p8_s0_c0,kinétoscope
ch1_p8_s1_c0,chambre
ch1_p8_s1_c0,vie
ch1_p8_s1_c0,rêverie
ch1_p8_s1_c0,réveil
ch1_p8_s1_c0,chambre
ch1_p8_s1_c0,hiver
ch1_p8_s1_c0,tête
ch1_p8_s1_c0,nid
ch1_p8_s1_c0,tresse
ch1_p8_s1_c0,chose
ch1_p8_s1_c0,coin
ch1_p8_s1_c0,oreiller
ch1_p8_s1_c0,haut
ch1_p8_s1_c0,couverture
ch1_p8_s1_c0,bout
ch1_p8_s1_c0,châle
ch1_p8_s1_c0,bord
ch1_p8_s1_c0,lit
ch1_p8_s1_c0,numéro
ch1_p8_s1_c0,débat
ch1_p8_s1_c0,rose
ch1_p8_s1_c1,ensemble
ch1_p8_s1_c1,technique
ch1_p8_s1_c1,oiseau
ch1_p8_s1_c1,temps
ch1_p8_s1_c1,plaisir
ch1_p8_s1_c1,hirondelle
ch1_p8_s1_c1,mer
ch1_p8_s1_c1,nid
ch1_p8_s1_c1,fond
ch1_p8_s1_c1,souterrain
ch1_p8_s1_c1,chaleur
ch1_p8_s1_c1,terre
ch1_p8_s1_c1,feu
ch1_p8_s1_c1,nuit
ch1_p8_s1_c1,cheminée
ch1_p8_s1_c1,manteau
ch1_p8_s1_c1,air
ch1_p8_s1_c1,lueur
ch1_p8_s1_c1,tison
ch1_p8_s1_c2,sorte
ch1_p8_s1_c2,alcôve
ch1_p8_s1_c2,caverne
ch1_p8_s1_c2,sein
ch1_p8_s1_c2,chambre
ch1_p8_s1_c2,zone
ch1_p8_s1_c2,contour
ch1_p8_s1_c2,souffle
ch1_p8_s1_c2,figure
ch1_p8_s1_c2,angle
ch1_p8_s1_c2,party
ch1_p8_s1_c2,fenêtre
ch1_p8_s1_c2,foyer
ch1_p8_s1_c2,chambre
ch1_p8_s1_c2,uni
ch1_p8_s1_c2,nuit
ch1_p8_s1_c2,clair
ch1_p8_s1_c2,lune
ch1_p8_s1_c2,volet
ch1_p8_s1_c3,pied
ch1_p8_s1_c3,lit
ch1_p8_s1_c3,échelle
ch1_p8_s1_c3,air
ch1_p8_s1_c3,mésange
ch1_p8_s1_c3,brise
ch1_p8_s1_c3,pointe
ch1_p8_s1_c3,rayon
ch1_p8_s1_c3,chambre
ch1_p8_s1_c3,louis
ch1_p8_s1_c3,soir
ch1_p8_s1_c3,colonnette
ch1_p8_s1_c3,plafond
ch1_p8_s1_c3,grâce
ch1_p8_s1_c3,place
ch1_p8_s1_c3,lit
ch1_p8_s1_c3,contraire
ch1_p8_s1_c3,plafond
ch1_p8_s1_c4,forme
ch1_p8_s1_c4,pyramide
ch1_p8_s1_c4,hauteur
ch1_p8_s1_c4,étage
ch1_p8_s1_c4,acajou
ch1_p8_s1_c4,odeur
ch1_p8_s1_c4,hostilité
ch1_p8_s1_c4,rideau
ch1_p8_s1_c4,indifférence
ch1_p8_s1_c4,pendule
ch1_p8_s1_c4,étrange
ch1_p8_s1_c4,glace
ch1_p8_s1_c4,pied
ch1_p8_s1_c5,angle
ch1_p8_s1_c5,pièce
ch1_p8_s1_c5,vif
ch1_p8_s1_c5,plénitude
ch1_p8_s1_c5,champ
ch1_p8_s1_c5,emplacement
ch1_p8_s1_c5,pensée
ch1_p8_s1_c5,heure
ch1_p8_s1_c5,hauteur
ch1_p8_s1_c5,forme
ch1_p8_s1_c5,chambre
ch1_p8_s1_c5,entonnoir
ch1_p8_s1_c5,nuit
ch1_p8_s1_c5,lit
ch1_p8_s1_c5,oeil
ch1_p8_s1_c6,oreille
ch1_p8_s1_c6,narine
ch1_p8_s1_c6,cœur
ch1_p8_s1_c6,habitude
ch1_p8_s1_c6,couleur
ch1_p8_s1_c6,rideau
ch1_p8_s1_c6,pendule
ch1_p8_s1_c6,pitié
ch1_p8_s1_c6,glace
ch1_p8_s1_c6,odeur
ch1_p8_s1_c6,hauteur
ch1_p8_s1_c6,plafond
ch1_p8_s2_c0,habitude
ch1_p8_s3_c0,aménageuse
ch1_p8_s3_c0,esprit
ch1_p8_s3_c0,semaine
ch1_p8_s3_c0,installation
ch1_p8_s3_c0,habitude
ch1_p8_s3_c0,moyen
ch1_p8_s3_c0,logis
ch1_p9_s0_c0,corps
ch1_p9_s0_c0,fois
ch1_p9_s0_c0,ange
ch1_p9_s0_c0,certitude
ch1_p9_s0_c0,couverture
ch1_p9_s0_c0,chambre
ch1_p9_s0_c0,place
ch1_p9_s0_c0,obscurité
ch1_p9_s0_c0,bureau
ch1_p9_s0_c0,cheminée
ch1_p9_s0_c0,fenêtre
ch1_p9_s0_c0,rue
ch1_p9_s0_c0,porte
ch1_p9_s1_c0,demeure
ch1_p9_s1_c0,ignorance
ch1_p9_s1_c0,réveil
ch1_p9_s1_c0,instant
ch1_p9_s1_c0,image
ch1_p9_s1_c0,présence
ch1_p9_s1_c0,branle
ch1_p9_s1_c0,mémoire
ch1_p9_s1_c0,suite
ch1_p9_s1_c0,partie
ch1_p9_s1_c0,nuit
ch1_p9_s1_c0,vie
ch1_p9_s1_c0,autrefoi
ch1_p9_s1_c0,combray
ch1_p9_s1_c0,balbec
ch1_p9_s1_c0,paris
ch1_p9_s1_c0,venise
ch1_p9_s1_c1,lieu
ch1_p9_s1_c1,personne
ch1_p10_s0_c0,combray
ch1_p10_s0_c0,jour
ch1_p10_s0_c0,fin
ch1_p10_s0_c0,moment
ch1_p10_s0_c0,lit
ch1_p10_s0_c0,mère
ch1_p10_s0_c0,chambre
ch1_p10_s0_c0,point
ch1_p10_s0_c0,préoccupation
ch1_p10_s1_c0,soir
ch1_p10_s1_c0,air
ch1_p10_s1_c0,lanterne
ch1_p10_s1_c0,heure
ch1_p10_s1_c0,dîner
ch1_p10_s1_c0,lampe
ch1_p10_s1_c0,instar
ch1_p10_s1_c0,architecte
ch1_p10_s1_c0,âge
ch1_p10_s1_c0,opacité
ch1_p10_s1_c0,mur
ch1_p10_s1_c0,irisation
ch1_p10_s1_c0,apparition
ch1_p10_s1_c1,légende
ch1_p10_s1_c1,vitrail
ch1_p10_s1_c1,momentané
ch1_p10_s2_c0,tristesse
ch1_p10_s2_c0,changement
ch1_p10_s2_c0,éclairage
ch1_p10_s2_c0,habitude
ch1_p10_s2_c0,chambre
ch1_p10_s2_c0,grâce
ch1_p10_s2_c0,supplice
ch1_p10_s2_c0,coucher
ch1_p10_s3_c0,reconnaissai
ch1_p10_s3_c0,chambre
ch1_p10_s3_c0,hôtel
ch1_p10_s3_c0,chalet
ch1_p10_s3_c0,fois
ch1_p10_s3_c0,descendant
ch1_p10_s3_c0,chemin
ch1_p10_s3_c0,fer
ch1_p11_s0_c0,cheval
ch1_p11_s0_c0,golo
ch1_p11_s0_c0,dessein
ch1_p11_s0_c0,forêt
ch1_p11_s0_c0,vert
ch1_p11_s0_c0,pente
ch1_p11_s0_c0,colline
ch1_p11_s0_c0,château
ch1_p11_s0_c0,pauvre
ch1_p11_s0_c0,geneviève
ch1_p11_s0_c0,brabant
ch1_p11_s1_c0,château
ch1_p11_s1_c0,ligne
ch1_p11_s1_c0,courbe
ch1_p11_s1_c0,limite
ch1_p11_s1_c0,ovale
ch1_p11_s1_c0,verre
ch1_p11_s1_c0,châssis
ch1_p11_s1_c0,coulisse
ch1_p11_s1_c0,lanterne
ch1_p11_s2_c0,pan
ch1_p11_s2_c0,château
ch1_p11_s2_c0,lande
ch1_p11_s2_c0,geneviève
ch1_p11_s2_c0,ceinture
ch1_p11_s3_c0,château
ch1_p11_s3_c0,lande
ch1_p11_s3_c0,couleur
ch1_p11_s3_c0,verre
ch1_p11_s3_c0,châssis
ch1_p11_s3_c0,sonorité
ch1_p11_s3_c0,nom
ch1_p11_s3_c0,brabant
ch1_p11_s3_c0,évidence
ch1_p11_s4_c0,golo
ch1_p11_s4_c0,instant
ch1_p11_s4_c0,tristesse
ch1_p11_s4_c0,boniment
ch1_p11_s4_c0,voix
ch1_p11_s4_c0,air
ch1_p11_s4_c0,attitude
ch1_p11_s4_c0,docilité
ch1_p11_s4_c0,majesté
ch1_p11_s4_c0,indication
ch1_p11_s4_c0,texte
ch1_p11_s5_c0,chevauchée
ch1_p11_s6_c0,lanterne
ch1_p11_s6_c0,cheval
ch1_p11_s6_c0,golo
ch1_p11_s6_c0,rideau
ch1_p11_s6_c0,fenêtre
ch1_p11_s6_c0,pli
ch1_p11_s6_c0,fente
ch1_p11_s7_c0,corps
ch1_p11_s7_c0,golo
ch1_p11_s7_c0,essence
ch1_p11_s7_c0,monture
ch1_p11_s7_c0,obstacle
ch1_p11_s7_c0,objet
ch1_p11_s7_c0,ossature
ch1_p11_s7_c0,bouton
ch1_p11_s7_c0,porte
ch1_p11_s7_c0,robe
ch1_p11_s7_c0,figure
ch1_p11_s7_c1,trouble
ch1_p11_s7_c1,transvertébration
ch1_p12_s0_c0,charme
ch1_p12_s0_c0,projection
ch1_p12_s0_c0,passé
ch1_p12_s0_c0,reflet
ch1_p12_s0_c0,histoire
ch1_p12_s1_c0,malaise
ch1_p12_s1_c0,intrusion
ch1_p12_s1_c0,mystère
ch1_p12_s1_c0,beauté
ch1_p12_s1_c0,chambre
ch1_p12_s1_c0,point
ch1_p12_s1_c0,attention
ch1_p12_s2_c0,influence
ch1_p12_s2_c0,habitude
ch1_p12_s2_c0,chose
ch1_p12_s3_c0,bouton
ch1_p12_s3_c0,porte
ch1_p12_s3_c0,chambre
ch1_p12_s3_c0,bouton
ch1_p12_s3_c0,porte
ch1_p12_s3_c0,monde
ch1_p12_s3_c0,besoin
ch1_p12_s3_c0,maniement
ch1_p12_s3_c0,corps
ch1_p12_s3_c0,astral
ch1_p12_s3_c0,golo
ch1_p12_s4_c0,dîner
ch1_p12_s4_c0,salle
ch1_p12_s4_c0,lampe
ch1_p12_s4_c0,suspension
ch1_p12_s4_c0,golo
ch1_p12_s4_c0,barbe
ch1_p12_s4_c0,bleue
ch1_p12_s4_c0,parent
ch1_p12_s4_c0,bœuf
ch1_p12_s4_c0,casserole
ch1_p12_s4_c0,lumière
ch1_p12_s4_c0,soir
ch1_p12_s4_c0,bras
ch1_p12_s4_c0,maman
ch1_p12_s4_c0,malheur
ch1_p12_s4_c0,geneviève
ch1_p12_s4_c0,brabant
ch1_p12_s4_c1,crime
ch1_p12_s4_c1,golo
ch1_p12_s4_c1,conscience
ch1_p12_s4_c1,scrupule
ch1_p13_s0_c0,dîner
ch1_p13_s0_c0,maman
ch1_p13_s0_c0,jardin
ch1_p13_s0_c0,salon
ch1_p13_s0_c0,monde
ch1_p13_s1_c0,monde
ch1_p13_s1_c0,pitié
ch1_p13_s1_c0,campagne
ch1_p13_s1_c0,discussion
ch1_p13_s1_c0,père
ch1_p13_s1_c0,jour
ch1_p13_s1_c0,pluie
ch1_p13_s1_c0,chambre
ch1_p13_s1_c0,lieu
ch1_p13_s2_c0,besoin
ch1_p13_s2_c0,force
ch1_p13_s2_c0,volonté
ch1_p13_s3_c0,père
ch1_p13_s3_c0,épaule
ch1_p13_s3_c0,baromètre
ch1_p13_s3_c0,météorologie
ch1_p13_s3_c0,mère
ch1_p13_s3_c0,bruit
ch1_p13_s3_c0,respect
ch1_p13_s3_c0,mystère
ch1_p13_s3_c0,supériorité
ch1_p13_s4_c0,temps
ch1_p13_s4_c0,pluie
ch1_p13_s4_c0,rage
ch1_p13_s4_c0,françoise
ch1_p13_s4_c0,fauteuil
ch1_p13_s4_c0,osier
ch1_p13_s4_c0,peur
ch1_p13_s4_c0,jardin
ch1_p13_s4_c0,averse
ch1_p13_s4_c0,mèche
ch1_p13_s4_c0,front
ch1_p13_s4_c0,salubrité
ch1_p13_s4_c0,vent
ch1_p13_s4_c0,pluie
ch1_p13_s6_c0,allée
ch1_p13_s6_c0,gré
ch1_p13_s6_c0,jardinier
ch1_p13_s6_c0,sentiment
ch1_p13_s6_c0,nature
ch1_p13_s6_c0,père
ch1_p13_s6_c0,matin
ch1_p13_s6_c0,temps
ch1_p13_s6_c0,mouvement
ch1_p13_s6_c0,âme
ch1_p13_s6_c0,ivresse
ch1_p13_s6_c0,orage
ch1_p13_s6_c0,puissance
ch1_p13_s6_c0,hygiène
ch1_p13_s6_c0,stupidité
ch1_p13_s6_c0,éducation
ch1_p13_s6_c0,symétrie
ch1_p13_s6_c0,jardin
ch1_p13_s6_c1,désir
ch1_p13_s6_c1,jupe
ch1_p13_s6_c1,prune
ch1_p13_s6_c1,tache
ch1_p13_s6_c1,boue
ch1_p13_s6_c1,hauteur
ch1_p13_s6_c1,femme
ch1_p13_s6_c1,chambre
ch1_p13_s6_c1,désespoir
ch1_p13_s6_c1,problème
ch1_p14_s0_c0,tour
ch1_p14_s0_c0,jardin
ch1_p14_s0_c0,lieu
ch1_p14_s0_c0,dîner
ch1_p14_s0_c0,chose
ch1_p14_s0_c0,pouvoir
ch1_p14_s0_c0,moment
ch1_p14_s0_c0,révolution
ch1_p14_s0_c0,promenade
ch1_p14_s0_c0,insecte
ch1_p14_s0_c0,face
ch1_p14_s0_c0,lumière
ch1_p14_s0_c0,salon
ch1_p14_s0_c0,liqueur
ch1_p14_s0_c0,table
ch1_p14_s0_c0,jeu
ch1_p14_s0_c0,bathilde
ch1_p14_s1_c0,mari
ch1_p14_s1_c0,cognac
ch1_p14_s2_c0,taquiner
ch1_p14_s2_c0,famille
ch1_p14_s2_c0,père
ch1_p14_s2_c0,esprit
ch1_p14_s2_c0,monde
ch1_p14_s2_c0,liqueur
ch1_p14_s2_c0,goutte
ch1_p14_s3_c0,pauvre
ch1_p14_s3_c0,mari
ch1_p14_s3_c0,goûter
ch1_p14_s3_c0,cognac
ch1_p14_s3_c0,gorgée
ch1_p14_s3_c0,cœur
ch1_p14_s3_c0,tendresse
ch1_p14_s3_c0,cas
ch1_p14_s3_c0,souffrance
ch1_p14_s3_c0,regard
ch1_p14_s3_c0,sourire
ch1_p14_s3_c1,visage
ch1_p14_s3_c1,humain
ch1_p14_s3_c1,ironie
ch1_p14_s3_c1,baiser
ch1_p14_s3_c1,oeil
ch1_p14_s3_c1,regard
ch1_p14_s4_c0,supplice
ch1_p14_s4_c0,spectacle
ch1_p14_s4_c0,prière
ch1_p14_s4_c0,faiblesse
ch1_p14_s4_c0,avance
ch1_p14_s4_c0,verre
ch1_p14_s4_c0,liqueur
ch1_p14_s4_c1,chose
ch1_p14_s4_c1,vue
ch1_p14_s4_c1,parti
ch1_p14_s4_c1,persécuteur
ch1_p14_s4_c1,persécution
ch1_p14_s4_c1,horreur
ch1_p14_s5_c0,bathilde
ch1_p14_s5_c0,mari
ch1_p14_s5_c0,cognac
ch1_p14_s6_c0,homme
ch1_p14_s6_c0,lâcheté
ch1_p14_s6_c0,fois
ch1_p14_s6_c0,souffrance
ch1_p14_s6_c0,injustice
ch1_p14_s6_c0,maison
ch1_p14_s6_c0,côté
ch1_p14_s6_c0,salle
ch1_p14_s6_c0,étude
ch1_p14_s6_c0,toit
ch1_p14_s6_c0,pièce
ch1_p14_s6_c0,iris
ch1_p14_s6_c0,cassis
ch1_p14_s6_c0,pierre
ch1_p14_s6_c0,muraille
ch1_p14_s6_c0,branche
ch1_p14_s6_c0,fleur
ch1_p14_s6_c0,fenêtre
ch1_p14_s7_c0,usage
ch1_p14_s7_c0,pièce
ch1_p14_s7_c0,jour
ch1_p14_s7_c0,donjon
ch1_p14_s7_c0,refuge
ch1_p14_s7_c0,doute
ch1_p14_s7_c0,clef
ch1_p14_s7_c0,occupation
ch1_p14_s7_c0,solitude
ch1_p14_s7_c0,lecture
ch1_p14_s7_c0,rêverie
ch1_p14_s7_c0,larme
ch1_p14_s7_c0,volupté
ch1_p14_s9_c0,écart
ch1_p14_s9_c0,régime
ch1_p14_s9_c0,mari
ch1_p14_s9_c0,manque
ch1_p14_s9_c0,volonté
ch1_p14_s9_c0,santé
ch1_p14_s9_c0,incertitude
ch1_p14_s9_c0,avenir
ch1_p14_s9_c0,cours
ch1_p14_s9_c0,déambulation
ch1_p14_s9_c0,soir
ch1_p14_s9_c0,ciel
ch1_p14_s9_c0,visage
ch1_p14_s9_c0,joue
ch1_p14_s9_c1,âge
ch1_p14_s9_c1,labour
ch1_p14_s9_c1,automne
ch1_p14_s9_c1,voilette
ch1_p14_s9_c1,demi
ch1_p14_s9_c1,froid
ch1_p14_s9_c1,pensée
ch1_p14_s9_c1,train
ch1_p14_s9_c1,pleur
ch1_p15_s0_c0,consolation
ch1_p15_s0_c0,maman
ch1_p15_s0_c0,lit
ch1_p15_s1_c0,bonsoir
ch1_p15_s1_c0,temps
ch1_p15_s1_c0,moment
ch1_p15_s1_c0,couloir
ch1_p15_s1_c0,bruit
ch1_p15_s1_c0,robe
ch1_p15_s1_c0,jardin
ch1_p15_s1_c0,mousseline
ch1_p15_s1_c0,cordon
ch1_p15_s1_c0,paille
ch1_p15_s1_c0,moment
ch1_p15_s3_c0,sorte
ch1_p15_s3_c0,bonsoir
ch1_p15_s3_c0,prolongeât
ch1_p15_s3_c0,temps
ch1_p15_s3_c0,répit
ch1_p15_s3_c0,maman
ch1_p15_s4_c0,porte
ch1_p15_s4_c0,fois
ch1_p15_s4_c0,visage
ch1_p15_s4_c0,concession
ch1_p15_s4_c0,tristesse
ch1_p15_s4_c0,agitation
ch1_p15_s4_c0,montant
ch1_p15_s4_c0,baiser
ch1_p15_s4_c0,paix
ch1_p15_s4_c0,père
ch1_p15_s4_c0,rite
ch1_p15_s4_c0,besoin
ch1_p15_s4_c1,habitude
ch1_p15_s4_c1,porte
ch1_p15_s4_c1,baiser
ch1_p15_s5_c0,calme
ch1_p15_s5_c0,instant
ch1_p15_s5_c0,lit
ch1_p15_s5_c0,figure
ch1_p15_s5_c0,hostie
ch1_p15_s5_c0,communion
ch1_p15_s5_c0,paix
ch1_p15_s5_c0,lèvre
ch1_p15_s5_c0,présence
ch1_p15_s5_c0,pouvoir
ch1_p15_s6_c0,soir
ch1_p15_s6_c0,maman
ch1_p15_s6_c0,somme
ch1_p15_s6_c0,temps
ch1_p15_s6_c0,chambre
ch1_p15_s6_c0,comparaison
ch1_p15_s6_c0,monde
ch1_p15_s6_c0,dîner
ch1_p15_s6_c0,cause
ch1_p15_s7_c0,monde
ch1_p15_s7_c0,swann
ch1_p15_s7_c0,étranger
ch1_p15_s7_c0,passage
ch1_p15_s7_c0,combray
ch1_p15_s7_c0,dîner
ch1_p15_s7_c0,voisin
ch1_p15_s7_c0,mariage
ch1_p15_s7_c0,parent
ch1_p15_s7_c0,femme
ch1_p15_s7_c0,dîner
ch1_p15_s8_c0,soir
ch1_p15_s8_c0,maison
ch1_p15_s8_c0,marronnier
ch1_p15_s8_c0,table
ch1_p15_s8_c0,fer
ch1_p15_s8_c0,bout
ch1_p15_s8_c0,jardin
ch1_p15_s8_c0,grelot
ch1_p15_s8_c0,profu
ch1_p15_s8_c0,passage
ch1_p15_s8_c0,bruit
ch1_p15_s8_c0,intarissable
ch1_p15_s8_c0,maison
ch1_p15_s8_c0,tintement
ch1_p15_s8_c0,clochette
ch1_p15_s8_c0,étranger
ch1_p15_s8_c1,monde
ch1_p15_s8_c1,visite
ch1_p15_s9_c0,swann
ch1_p15_s9_c0,voix
ch1_p15_s9_c0,exemple
ch1_p15_s9_c0,train
ch1_p15_s9_c0,chose
ch1_p15_s9_c0,éclaireur
ch1_p15_s9_c1,prétexte
ch1_p15_s9_c1,tour
ch1_p15_s9_c1,jardin
ch1_p15_s9_c1,passage
ch1_p15_s9_c1,tuteur
ch1_p15_s9_c1,rosier
ch1_p15_s9_c1,rose
ch1_p15_s9_c1,mère
ch1_p15_s9_c1,main
ch1_p15_s9_c1,cheveu
ch1_p15_s9_c1,fils
ch1_p15_s9_c1,coiffeur
ch1_p15_s9_c1,aplati
ch1_p16_s0_c0,ennemi
ch1_p16_s0_c0,nombre
ch1_p16_s0_c0,assaillant
ch1_p16_s0_c0,voix
ch1_p16_s0_c0,swann
ch1_p16_s1_c0,voix
ch1_p16_s1_c0,mal
ch1_p16_s1_c0,visage
ch1_p16_s1_c0,nez
ch1_p16_s1_c0,oeil
ch1_p16_s1_c0,front
ch1_p16_s1_c0,cheveu
ch1_p16_s1_c0,bressant
ch1_p16_s1_c0,lumière
ch1_p16_s1_c0,jardin
ch1_p16_s1_c0,moustique
ch1_p16_s1_c0,air
ch1_p16_s1_c0,sirop
ch1_p16_s1_c0,importance
ch1_p16_s1_c1,air
ch1_p16_s1_c1,visite
ch1_p16_s2_c0,swann
ch1_p16_s2_c0,ami
ch1_p16_s2_c0,père
ch1_p16_s2_c0,homme
ch1_p16_s2_c0,élan
ch1_p16_s2_c0,cœur
ch1_p16_s2_c0,cours
ch1_p16_s2_c0,pensée
ch1_p16_s3_c0,fois
ch1_p16_s3_c0,an
ch1_p16_s3_c0,table
ch1_p16_s3_c0,anecdote
ch1_p16_s3_c0,attitude
ch1_p16_s3_c0,swann
ch1_p16_s3_c0,père
ch1_p16_s3_c0,mort
ch1_p16_s3_c0,femme
ch1_p16_s3_c0,jour
ch1_p16_s3_c0,nuit
ch1_p16_s4_c0,propriété
ch1_p16_s4_c0,swann
ch1_p16_s4_c0,environ
ch1_p16_s4_c0,combray
ch1_p16_s4_c0,mise
ch1_p16_s4_c0,bière
ch1_p16_s4_c0,moment
ch1_p16_s4_c0,pleur
ch1_p16_s4_c0,chambre
ch1_p16_s5_c0,parc
ch1_p16_s5_c0,soleil
ch1_p16_s6_c0,coup
ch1_p16_s6_c0,swann
ch1_p16_s6_c0,bras
ch1_p16_s7_c0,ami
ch1_p16_s7_c0,bonheur
ch1_p16_s7_c0,ensemble
ch1_p16_s7_c0,temps
ch1_p16_s8_c0,arbre
ch1_p16_s8_c0,aubépine
ch1_p16_s8_c0,étang
ch1_p16_s9_c0,air
ch1_p16_s9_c0,bonnet
ch1_p16_s9_c0,nuit
ch1_p16_s10_c0,vent
ch1_p16_s12_c0,vie
ch1_p16_s12_c0,amédée
ch1_p16_s13_c0,souvenir
ch1_p16_s13_c0,femme
ch1_p16_s13_c0,doute
ch1_p16_s13_c0,moment
ch1_p16_s13_c0,mouvement
ch1_p16_s13_c0,joie
ch1_p16_s13_c0,geste
ch1_p16_s13_c0,fois
ch1_p16_s13_c0,question
ch1_p16_s13_c0,esprit
ch1_p16_s13_c0,main
ch1_p16_s13_c0,front
ch1_p16_s13_c0,oeil
ch1_p16_s13_c0,verre
ch1_p16_s13_c0,lorgnon
ch1_p16_s14_c0,mort
ch1_p16_s14_c0,femme
ch1_p16_s14_c0,année
ch1_p16_s14_c0,drôle
ch1_p16_s14_c0,pauvre
ch1_p16_s14_c0,femme
ch1_p16_s14_c0,fois
ch1_p16_s15_c0,fois
ch1_p16_s15_c0,père
ch1_p16_s15_c0,swann
ch1_p16_s15_c0,phrase
ch1_p16_s15_c0,propos
ch1_p16_s15_c0,chose
ch1_p16_s16_c0,père
ch1_p16_s16_c0,swann
ch1_p16_s16_c0,monstre
ch1_p16_s16_c0,juge
ch1_p16_s16_c0,sentence
ch1_p16_s16_c0,jurisprudence
ch1_p16_s16_c0,suite
ch1_p16_s16_c0,faute
ch1_p16_s17_c0,cœur
ch1_p17_s0_c0,année
ch1_p17_s0_c0,mariage
ch1_p17_s0_c0,swann
ch1_p17_s0_c0,fils
ch1_p17_s0_c0,combray
ch1_p17_s0_c0,grand
ch1_p17_s0_c0,parent
ch1_p17_s0_c0,société
ch1_p17_s0_c0,famille
ch1_p17_s0_c0,espèce
ch1_p17_s0_c0,incognito
ch1_p17_s0_c0,nom
ch1_p17_s0_c0,swann
ch1_p17_s0_c0,innocence
ch1_p17_s0_c0,savoir
ch1_p17_s0_c0,brigand
ch1_p17_s0_c1,membre
ch1_p17_s0_c1,jockey
ch1_p17_s0_c1,club
ch1_p17_s0_c1,ami
ch1_p17_s0_c1,comte
ch1_p17_s0_c1,paris
ch1_p17_s0_c1,prince
ch1_p17_s0_c1,galles
ch1_p17_s0_c1,homme
ch1_p17_s0_c1,société
ch1_p17_s0_c1,faubourg
ch1_p18_s0_c0,ignorance
ch1_p18_s0_c0,vie
ch1_p18_s0_c0,swann
ch1_p18_s0_c0,partie
ch1_p18_s0_c0,réserve
ch1_p18_s0_c0,discrétion
ch1_p18_s0_c0,caractère
ch1_p18_s0_c0,bourgeois
ch1_p18_s0_c0,société
ch1_p18_s0_c0,idée
ch1_p18_s0_c0,caste
ch1_p18_s0_c0,naissance
ch1_p18_s0_c0,rang
ch1_p18_s0_c0,parent
ch1_p18_s0_c1,hasard
ch1_p18_s0_c1,carrière
ch1_p18_s0_c1,mariage
ch1_p18_s0_c1,caste
ch1_p18_s1_c0,swann
ch1_p18_s1_c0,père
ch1_p18_s1_c0,agent
ch1_p18_s1_c0,change
ch1_p18_s1_c0,fils
ch1_p18_s1_c0,partie
ch1_p18_s1_c0,vie
ch1_p18_s1_c0,caste
ch1_p18_s1_c0,fortune
ch1_p18_s1_c0,catégorie
ch1_p18_s1_c0,contribuable
ch1_p18_s1_c0,revenu
ch1_p18_s2_c0,fréquentation
ch1_p18_s2_c0,père
ch1_p18_s2_c0,personne
ch1_p18_s2_c0,situation
ch1_p18_s3_c0,relation
ch1_p18_s3_c0,homme
ch1_p18_s3_c0,ami
ch1_p18_s3_c0,famille
ch1_p18_s3_c0,parent
ch1_p18_s3_c0,bienveillamment
ch1_p18_s3_c0,oeil
ch1_p18_s4_c0,force
ch1_p18_s4_c0,swann
ch1_p18_s4_c0,coefficient
ch1_p18_s4_c0,fils
ch1_p18_s4_c0,agent
ch1_p18_s4_c0,situation
ch1_p18_s4_c0,parent
ch1_p18_s4_c0,coefficient
ch1_p18_s4_c0,toquade
ch1_p18_s4_c0,objet
ch1_p18_s4_c0,peinture
ch1_p18_s4_c0,hôtel
ch1_p18_s4_c0,collection
ch1_p18_s4_c1,quai
ch1_p18_s4_c1,orléans
ch1_p18_s4_c1,quartier
ch1_p18_s6_c0,intérêt
ch1_p18_s6_c0,croûte
ch1_p18_s6_c0,marchand
ch1_p18_s6_c0,compétence
ch1_p18_s6_c0,idée
ch1_p18_s6_c0,point
ch1_p18_s6_c0,vue
ch1_p18_s6_c0,homme
ch1_p18_s6_c0,conversation
ch1_p18_s6_c0,sujet
ch1_p18_s6_c0,précision
ch1_p18_s6_c0,détail
ch1_p18_s6_c0,recette
ch1_p18_s6_c0,cuisine
ch1_p18_s6_c1,sœur
ch1_p18_s6_c1,sujet
ch1_p18_s7_c0,avis
ch1_p18_s7_c0,admiration
ch1_p18_s7_c0,tableau
ch1_p18_s7_c0,silence
ch1_p18_s7_c0,revanche
ch1_p18_s7_c0,musée
ch1_p18_s7_c0,date
ch1_p18_s7_c0,renseignement
ch1_p18_s8_c0,habitude
ch1_p18_s8_c0,fois
ch1_p18_s8_c0,histoire
ch1_p18_s8_c0,pharmacien
ch1_p18_s8_c0,combray
ch1_p18_s8_c0,cuisinière
ch1_p18_s8_c0,cocher
ch1_p18_s9_c0,récit
ch1_p18_s9_c0,cause
ch1_p18_s9_c0,rôle
ch1_p18_s9_c0,swann
ch1_p18_s9_c0,esprit
ch1_p18_s9_c0,type
ch1_p18_s9_c0,monsieur
ch1_p18_s9_c0,swann
ch1_p18_s10_c0,famille
ch1_p18_s10_c0,soin
ch1_p18_s10_c0,étranger
ch1_p18_s10_c0,swann
ch1_p18_s10_c0,boulevard
ch1_p18_s10_c0,haussmann
ch1_p18_s10_c0,avenue
ch1_p18_s10_c0,opéra
ch1_p18_s10_c0,fils
ch1_p18_s10_c0,swann
ch1_p18_s10_c0,million
ch1_p18_s10_c0,fantaisie
ch1_p18_s11_c0,fantaisie
ch1_p18_s11_c0,paris
ch1_p18_s11_c0,swann
ch1_p18_s11_c0,janvier
ch1_p18_s11_c0,sac
ch1_p18_s11_c0,marron
ch1_p18_s11_c0,monde
ch1_p18_s12_c0,swann
ch1_p18_s12_c0,entrepôt
ch1_p18_s12_c0,vin
ch1_p18_s12_c0,train
ch1_p18_s12_c0,chemin
ch1_p18_s12_c0,lyon
ch1_p18_s13_c0,coin
ch1_p18_s13_c0,œil
ch1_p18_s13_c0,lorgnon
ch1_p18_s13_c0,visiteur
ch1_p19_s0_c0,swann
ch1_p19_s0_c0,fils
ch1_p19_s0_c0,swann
ch1_p19_s0_c0,bourgeoisie
ch1_p19_s0_c0,notaire
ch1_p19_s0_c0,avoué
ch1_p19_s0_c0,paris
ch1_p19_s0_c0,privilège
ch1_p19_s0_c0,quenouille
ch1_p19_s0_c0,cachette
ch1_p19_s0_c0,vie
ch1_p19_s0_c0,paris
ch1_p19_s0_c1,chemin
ch1_p19_s0_c1,peine
ch1_p19_s0_c1,rue
ch1_p19_s0_c1,tournée
ch1_p19_s0_c1,salon
ch1_p19_s0_c1,œil
ch1_p19_s0_c1,agent
ch1_p19_s0_c1,agent
ch1_p19_s0_c1,tante
ch1_p19_s0_c1,dame
ch1_p19_s0_c1,pensée
ch1_p19_s0_c1,aristée
ch1_p19_s0_c1,sein
ch1_p19_s0_c1,royaume
ch1_p19_s0_c1,thétis
ch1_p19_s0_c2,empire
ch1_p19_s0_c2,oeil
ch1_p19_s0_c2,mortel
ch1_p19_s0_c2,virgile
ch1_p19_s0_c2,bras
ch1_p19_s0_c2,image
ch1_p19_s0_c2,chance
ch1_p19_s0_c2,esprit
ch1_p19_s0_c2,vue
ch1_p19_s0_c2,assiette
ch1_p19_s0_c2,four
ch1_p19_s0_c2,combray
ch1_p19_s0_c2,dîner
ch1_p19_s0_c2,ali
ch1_p19_s0_c2,baba
ch1_p19_s0_c2,caverne
ch1_p19_s0_c2,trésor
ch1_p20_s0_c0,jour
ch1_p20_s0_c0,paris
ch1_p20_s0_c0,dîner
ch1_p20_s0_c0,habit
ch1_p20_s0_c0,françoise
ch1_p20_s0_c0,départ
ch1_p20_s0_c0,princesse
ch1_p20_s0_c0,princesse
ch1_p20_s1_c0,tante
ch1_p20_s1_c0,épaule
ch1_p20_s1_c0,oeil
ch1_p20_s1_c0,tricot
ch1_p20_s1_c0,ironie
ch1_p21_s1_c0,invitation
ch1_p21_s1_c0,main
ch1_p21_s1_c0,panier
ch1_p21_s1_c0,pêche
ch1_p21_s1_c0,framboise
ch1_p21_s1_c0,jardin
ch1_p21_s1_c0,voyage
ch1_p21_s1_c0,italie
ch1_p21_s1_c0,photographie
ch1_p21_s1_c0,chef
ch1_p21_s1_c0,œuvre
ch1_p22_s0_c0,besoin
ch1_p22_s0_c0,recette
ch1_p22_s0_c0,sauce
ch1_p22_s0_c0,salade
ch1_p22_s0_c0,ananas
ch1_p22_s0_c0,dîner
ch1_p22_s0_c0,prestige
ch1_p22_s0_c0,étranger
ch1_p22_s0_c0,fois
ch1_p22_s1_c0,conversation
ch1_p22_s1_c0,prince
ch1_p22_s1_c0,maison
ch1_p22_s1_c0,france
ch1_p22_s1_c0,swann
ch1_p22_s1_c0,poche
ch1_p22_s1_c0,lettre
ch1_p22_s1_c0,twickenham
ch1_p22_s1_c0,piano
ch1_p22_s1_c0,page
ch1_p22_s1_c0,soir
ch1_p22_s1_c0,sœur
ch1_p22_s1_c1,brusquerie
ch1_p22_s1_c1,enfant
ch1_p22_s1_c1,bibelot
ch1_p22_s1_c1,collection
ch1_p22_s1_c1,précaution
ch1_p22_s1_c1,objet
ch1_p22_s1_c1,marché
ch1_p22_s2_c0,doute
ch1_p22_s2_c0,swann
ch1_p22_s2_c0,époque
ch1_p22_s2_c0,clubman
ch1_p22_s2_c0,soir
ch1_p22_s2_c0,jardin
ch1_p22_s2_c0,combray
ch1_p22_s2_c0,coup
ch1_p22_s2_c0,clochette
ch1_p22_s2_c0,famille
ch1_p22_s2_c0,swann
ch1_p22_s2_c0,obscur
ch1_p22_s2_c0,personnage
ch1_p22_s2_c0,fond
ch1_p22_s2_c0,ténèbre
ch1_p22_s2_c0,voix
ch1_p22_s3_c0,point
ch1_p22_s3_c0,vue
ch1_p22_s3_c0,chose
ch1_p22_s3_c0,vie
ch1_p22_s3_c0,monde
ch1_p22_s3_c0,connaissance
ch1_p22_s3_c0,cahier
ch1_p22_s3_c0,charge
ch1_p22_s3_c0,testament
ch1_p22_s3_c0,personnalité
ch1_p22_s3_c0,création
ch1_p22_s3_c0,pensée
ch1_p22_s4_c0,acte
ch1_p22_s4_c0,partie
ch1_p22_s4_c0,acte
ch1_p22_s5_c0,apparence
ch1_p22_s5_c0,notion
ch1_p22_s5_c0,aspect
ch1_p22_s5_c0,notion
ch1_p22_s5_c0,part
ch1_p22_s6_c0,joue
ch1_p22_s6_c0,adhérence
ch1_p22_s6_c0,ligne
ch1_p22_s6_c0,nez
ch1_p22_s6_c0,sonorité
ch1_p22_s6_c0,voix
ch1_p22_s6_c0,transparente
ch1_p22_s6_c0,enveloppe
ch1_p22_s6_c0,fois
ch1_p22_s6_c0,visage
ch1_p22_s6_c0,voix
ch1_p22_s6_c0,notion
ch1_p22_s7_c0,doute
ch1_p22_s7_c0,swann
ch1_p22_s7_c0,parent
ch1_p22_s7_c0,ignorance
ch1_p22_s7_c0,foule
ch1_p22_s7_c0,particularité
ch1_p22_s7_c0,vie
ch1_p22_s7_c0,cause
ch1_p22_s7_c0,personne
ch1_p22_s7_c0,présence
ch1_p22_s7_c0,élégance
ch1_p22_s7_c0,visage
ch1_p22_s7_c0,nez
ch1_p22_s7_c0,frontière
ch1_p22_s7_c0,visage
ch1_p22_s7_c0,prestige
ch1_p22_s7_c0,fond
ch1_p22_s7_c0,oeil
ch1_p22_s7_c1,vague
ch1_p22_s7_c1,résidu
ch1_p22_s7_c1,heure
ch1_p22_s7_c1,dîner
ch1_p22_s7_c1,table
ch1_p22_s7_c1,jeu
ch1_p22_s7_c1,jardin
ch1_p22_s7_c1,vie
ch1_p22_s7_c1,voisinage
ch1_p22_s8_c0,enveloppe
ch1_p22_s8_c0,ami
ch1_p22_s8_c0,souvenir
ch1_p22_s8_c0,parent
ch1_p22_s8_c0,swann
ch1_p22_s8_c0,impression
ch1_p22_s8_c0,mémoire
ch1_p22_s8_c0,swann
ch1_p22_s8_c0,exactitude
ch1_p22_s8_c0,swann
ch1_p22_s8_c0,swann
ch1_p22_s8_c0,erreur
ch1_p22_s8_c0,jeunesse
ch1_p22_s8_c1,personne
ch1_p22_s8_c1,époque
ch1_p22_s8_c1,vie
ch1_p22_s8_c1,musée
ch1_p22_s8_c1,portrait
ch1_p22_s8_c1,temps
ch1_p22_s8_c1,air
ch1_p22_s8_c1,famille
ch1_p22_s8_c1,tonalité
ch1_p22_s8_c1,swann
ch1_p22_s8_c1,loisir
ch1_p22_s8_c1,odeur
ch1_p22_s8_c1,marronnier
ch1_p22_s8_c1,panier
ch1_p22_s8_c1,framboise
ch1_p22_s8_c1,brin
ch1_p22_s8_c1,estragon
ch1_p23_s0_c0,jour
ch1_p23_s0_c0,service
ch1_p23_s0_c0,dame
ch1_p23_s0_c0,sacré
ch1_p23_s0_c0,cœur
ch1_p23_s0_c0,cause
ch1_p23_s0_c0,conception
ch1_p23_s0_c0,caste
ch1_p23_s0_c0,relation
ch1_p23_s0_c0,sympathie
ch1_p23_s0_c0,marquis
ch1_p23_s0_c0,villeparisis
ch1_p23_s0_c0,famille
ch1_p23_s0_c0,bouillon
ch1_p23_s0_c0,swann
ch1_p23_s0_c0,ami
ch1_p23_s0_c0,neveu
ch1_p23_s0_c0,laume
ch1_p23_s1_c0,visite
ch1_p23_s1_c0,maison
ch1_p23_s1_c0,jardin
ch1_p23_s1_c0,mme
ch1_p23_s1_c0,villeparisis
ch1_p23_s1_c0,giletier
ch1_p23_s1_c0,fille
ch1_p23_s1_c0,boutique
ch1_p23_s1_c0,cour
ch1_p23_s1_c0,point
ch1_p23_s1_c0,jupe
ch1_p23_s1_c0,escalier
ch1_p23_s2_c0,perle
ch1_p23_s2_c0,giletier
ch1_p23_s2_c0,homme
ch1_p23_s2_c0,mieux
ch1_p23_s3_c0,distinction
ch1_p23_s3_c0,chose
ch1_p23_s3_c0,rang
ch1_p23_s4_c0,réponse
ch1_p23_s4_c0,giletier
ch1_p23_s4_c0,maman
ch1_p23_s4_c0,sévigné
ch1_p23_s5_c0,revanche
ch1_p23_s5_c0,neveu
ch1_p23_s5_c0,mme
ch1_p23_s5_c0,villeparisis
ch1_p23_s6_c0,fille
ch1_p24_s0_c0,propos
ch1_p24_s0_c0,swann
ch1_p24_s0_c0,esprit
ch1_p24_s0_c0,mme
ch1_p24_s0_c0,villeparisis
ch1_p24_s1_c0,considération
ch1_p24_s1_c0,foi
ch1_p24_s1_c0,mme
ch1_p24_s1_c0,villeparisis
ch1_p24_s1_c0,créât
ch1_p24_s1_c0,devoir
ch1_p24_s1_c0,existence
ch1_p24_s1_c0,swann
ch1_p24_s1_c0,parent
ch1_p24_s2_c0,swann
ch1_p24_s3_c0,maréchal
ch1_p24_s3_c0,mac
ch1_p24_s3_c0,mahon
ch1_p24_s4_c0,opinion
ch1_p24_s4_c0,parent
ch1_p24_s4_c0,relation
ch1_p24_s4_c0,swann
ch1_p24_s4_c0,mariage
ch1_p24_s4_c0,femme
ch1_p24_s4_c0,société
ch1_p24_s4_c0,cocotte
ch1_p24_s4_c0,prise
ch1_p24_s4_c0,milieu
ch1_p25_s0_c0,fois
ch1_p25_s0_c0,journal
ch1_p25_s0_c0,swann
ch1_p25_s0_c0,déjeuner
ch1_p25_s0_c0,dimanche
ch1_p25_s0_c0,duc
ch1_p25_s0_c0,x
ch1_p25_s0_c0,père
ch1_p25_s0_c0,oncle
ch1_p25_s0_c0,homme
ch1_p25_s0_c0,état
ch1_p25_s0_c0,vue
ch1_p25_s0_c0,règne
ch1_p25_s1_c0,fait
ch1_p25_s1_c0,pensée
ch1_p25_s1_c0,vie
ch1_p25_s1_c0,homme
ch1_p25_s1_c0,molé
ch1_p25_s1_c0,duc
ch1_p25_s1_c0,pasquier
ch1_p25_s1_c0,duc
ch1_p25_s1_c0,broglie
ch1_p25_s2_c0,swann
ch1_p25_s3_c0,contraire
ch1_p25_s3_c0,sens
ch1_p25_s3_c0,swann
ch1_p25_s3_c0,fréquentation
ch1_p25_s3_c0,caste
ch1_p25_s3_c0,classe
ch1_p25_s3_c0,oeil
ch1_p25_s3_c0,déclassement
ch1_p25_s4_c0,coup
ch1_p25_s4_c0,fruit
ch1_p25_s4_c0,relation
ch1_p25_s4_c0,enfant
ch1_p25_s4_c0,famille
ch1_p25_s4_c0,fils
ch1_p25_s4_c0,notaire
ch1_p25_s4_c0,ami
ch1_p25_s4_c0,altesse
ch1_p25_s4_c0,rang
ch1_p25_s4_c0,fils
ch1_p25_s4_c0,notaire
ch1_p25_s4_c0,aventurier
ch1_p25_s4_c1,valet
ch1_p25_s4_c1,chambre
ch1_p25_s4_c1,garçon
ch1_p25_s4_c1,écurie
ch1_p25_s4_c1,reine
ch1_p25_s4_c1,bonté
ch1_p25_s5_c0,projet
ch1_p25_s5_c0,swann
ch1_p25_s5_c0,soir
ch1_p25_s5_c0,dîner
ch1_p25_s5_c0,ami
ch1_p25_s6_c0,part
ch1_p25_s6_c0,sœur
ch1_p25_s6_c0,fille
ch1_p25_s6_c0,nature
ch1_p25_s6_c0,esprit
ch1_p25_s6_c0,plaisir
ch1_p25_s6_c0,niaiserie
ch1_p25_s7_c0,personne
ch1_p25_s7_c0,aspiration
ch1_p25_s7_c0,cause
ch1_p25_s7_c0,potin
ch1_p25_s7_c0,intérêt
ch1_p25_s7_c0,objet
ch1_p25_s8_c0,désintéressement
ch1_p25_s8_c0,pensée
ch1_p25_s8_c0,égard
ch1_p25_s8_c0,vie
ch1_p25_s8_c0,sens
ch1_p25_s8_c0,inutilité
ch1_p25_s8_c0,momentanée
ch1_p25_s8_c0,dîner
ch1_p25_s8_c0,conversation
ch1_p25_s8_c0,terre
ch1_p25_s8_c0,terre
ch1_p25_s8_c0,demoiselle
ch1_p25_s8_c0,sujet
ch1_p25_s8_c0,repos
ch1_p25_s8_c0,organe
ch1_p25_s8_c0,récepteur
ch1_p25_s8_c0,atrophie
ch1_p25_s9_c0,besoin
ch1_p25_s9_c0,attention
ch1_p25_s9_c0,sœur
ch1_p25_s9_c0,recours
ch1_p25_s9_c0,avertissement
ch1_p25_s9_c0,médecin
ch1_p25_s9_c0,égard
ch1_p25_s9_c0,distraction
ch1_p25_s9_c0,coup
ch1_p25_s9_c0,reprise
ch1_p25_s9_c0,verre
ch1_p25_s9_c0,lame
ch1_p25_s9_c0,couteau
ch1_p25_s9_c0,brusque
ch1_p25_s9_c0,interpellation
ch1_p25_s9_c0,voix
ch1_p25_s9_c0,regard
ch1_p25_s9_c0,moyen
ch1_p25_s9_c0,psychiatre
ch1_p25_s9_c0,rapport
ch1_p25_s9_c1,habitude
ch1_p25_s9_c1,monde
ch1_p26_s0_c0,veille
ch1_p26_s0_c0,jour
ch1_p26_s0_c0,swann
ch1_p26_s0_c0,dîner
ch1_p26_s0_c0,caisse
ch1_p26_s0_c0,vin
ch1_p26_s0_c0,asti
ch1_p26_s0_c0,tante
ch1_p26_s0_c0,numéro
ch1_p26_s0_c0,figaro
ch1_p26_s0_c0,côté
ch1_p26_s0_c0,nom
ch1_p26_s0_c0,tableau
ch1_p26_s0_c0,exposition
ch1_p26_s0_c0,corot
ch1_p26_s0_c0,mot
ch1_p26_s0_c0,collection
ch1_p26_s0_c0,charles
ch1_p26_s0_c0,swann
ch1_p26_s0_c0,swann
ch1_p26_s0_c0,honneur
ch1_p26_s0_c0,figaro
ch1_p26_s1_c0,goût
ch1_p26_s2_c0,moment
ch1_p26_s2_c0,avis
ch1_p26_s2_c0,avis
ch1_p26_s2_c0,raison
ch1_p26_s2_c0,condamnation
ch1_p26_s2_c0,bloc
ch1_p26_s2_c0,opinion
ch1_p26_s2_c0,force
ch1_p26_s4_c0,sœur
ch1_p26_s4_c0,intention
ch1_p26_s4_c0,swann
ch1_p26_s4_c0,mot
ch1_p26_s4_c0,figaro
ch1_p26_s5_c0,fois
ch1_p26_s5_c0,avantage
ch1_p26_s5_c0,avantage
ch1_p26_s5_c0,mal
ch1_p26_s5_c0,envier
ch1_p26_s6_c0,plaisir
ch1_p26_s6_c0,nom
ch1_p26_s6_c0,vif
ch1_p26_s6_c0,journal
ch1_p26_s7_c0,sœur
ch1_p26_s7_c0,horreur
ch1_p26_s7_c0,vulgarité
ch1_p26_s7_c0,art
ch1_p26_s7_c0,périphrase
ch1_p26_s7_c0,allusion
ch1_p26_s8_c0,mère
ch1_p26_s8_c0,père
ch1_p26_s8_c0,swann
ch1_p26_s8_c0,femme
ch1_p26_s8_c0,fille
ch1_p26_s8_c0,cause
ch1_p26_s8_c0,mariage
ch1_p26_s9_c0,mot
ch1_p26_s11_c0,père
ch1_p26_s12_c0,idée
ch1_p27_s0_c0,venue
ch1_p27_s0_c0,swann
ch1_p27_s0_c0,objet
ch1_p27_s0_c0,préoccupation
ch1_p27_s1_c0,soir
ch1_p27_s1_c0,étranger
ch1_p27_s1_c0,swann
ch1_p27_s1_c0,maman
ch1_p27_s1_c0,chambre
ch1_p27_s2_c0,table
ch1_p27_s2_c0,dîner
ch1_p27_s2_c0,jardin
ch1_p27_s2_c0,heure
ch1_p27_s3_c0,monde
ch1_p27_s3_c0,table
ch1_p27_s3_c0,heure
ch1_p27_s3_c0,baiser
ch1_p27_s3_c0,maman
ch1_p27_s3_c0,habitude
ch1_p27_s3_c0,lit
ch1_p27_s3_c0,moment
ch1_p27_s3_c0,salle
ch1_p27_s3_c0,chambre
ch1_p27_s3_c0,temps
ch1_p27_s3_c0,douceur
ch1_p27_s3_c0,répandre
ch1_p27_s3_c0,vertu
ch1_p27_s3_c1,soir
ch1_p27_s3_c1,besoin
ch1_p27_s3_c1,précaution
ch1_p27_s3_c1,prisse
ch1_p27_s3_c1,temps
ch1_p27_s3_c1,liberté
ch1_p27_s3_c1,esprit
ch1_p27_s3_c1,attention
ch1_p27_s3_c1,maniaque
ch1_p27_s3_c1,chose
ch1_p27_s3_c1,porte
ch1_p27_s3_c1,incertitude
ch1_p27_s3_c1,souvenir
ch1_p27_s3_c1,moment
ch1_p27_s4_c0,jardin
ch1_p27_s4_c0,coup
ch1_p27_s4_c0,clochette
ch1_p27_s5_c0,monde
ch1_p27_s5_c0,air
ch1_p27_s5_c0,reconnaissance
ch1_p27_s6_c0,vin
ch1_p27_s6_c0,caisse
ch1_p27_s8_c0,maison
ch1_p27_s8_c0,monde
ch1_p27_s10_c0,swann
ch1_p27_s11_c0,père
ch1_p27_s12_c0,mère
ch1_p27_s12_c0,mot
ch1_p27_s12_c0,peine
ch1_p27_s12_c0,famille
ch1_p27_s12_c0,swann
ch1_p27_s12_c0,mariage
ch1_p27_s13_c0,moyen
ch1_p27_s13_c0,écart
ch1_p27_s14_c0,heure
ch1_p27_s14_c0,salle
ch1_p27_s14_c0,chambre
ch1_p27_s14_c0,soir
ch1_p27_s14_c0,consolation
ch1_p27_s15_c0,voyons
ch1_p27_s15_c0,monsieur
ch1_p27_s15_c0,swann
ch1_p27_s15_c0,fille
ch1_p27_s15_c0,goût
ch1_p27_s15_c0,œuvre
ch1_p27_s15_c0,papa
ch1_p27_s16_c0,véranda
ch1_p27_s17_c0,mère
ch1_p27_s17_c0,contrainte
ch1_p27_s17_c0,pensée
ch1_p27_s17_c0,poète
ch1_p27_s17_c0,tyrannie
ch1_p27_s17_c0,rime
ch1_p27_s17_c0,force
ch1_p27_s17_c0,beauté
ch1_p27_s17_c0,swann
ch1_p27_s18_c0,maman
ch1_p27_s19_c0,avis
ch1_p27_s20_c0,table
ch1_p27_s20_c0,fer
ch1_p27_s21_c0,heure
ch1_p27_s21_c0,angoisse
ch1_p27_s21_c0,soir
ch1_p27_s21_c0,chambre
ch1_p27_s21_c0,importance
ch1_p27_s21_c0,matin
ch1_p27_s21_c0,idée
ch1_p27_s21_c0,avenir
ch1_p27_s21_c0,pont
ch1_p27_s21_c0,abîme
ch1_p27_s22_c0,esprit
ch1_p27_s22_c0,préoccupation
ch1_p27_s22_c0,regard
ch1_p27_s22_c0,mère
ch1_p27_s22_c0,impression
ch1_p27_s23_c0,pensée
ch1_p27_s23_c0,condition
ch1_p27_s23_c0,élément
ch1_p27_s23_c0,beauté
ch1_p27_s23_c0,drôlerie
ch1_p27_s24_c0,malade
ch1_p27_s24_c0,grâce
ch1_p27_s24_c0,anesthésique
ch1_p27_s24_c0,lucidité
ch1_p27_s24_c0,opération
ch1_p27_s24_c0,effort
ch1_p27_s24_c0,swann
ch1_p27_s24_c0,duc
ch1_p27_s24_c0,audiffret
ch1_p27_s24_c0,pasquier
ch1_p27_s24_c0,émotion
ch1_p27_s24_c0,second
ch1_p27_s24_c0,gaîté
ch1_p27_s25_c0,effort
ch1_p27_s26_c0,peine
ch1_p27_s26_c0,swann
ch1_p27_s26_c0,question
ch1_p27_s26_c0,orateur
ch1_p27_s26_c0,sœur
ch1_p27_s26_c0,oreille
ch1_p27_s26_c0,question
ch1_p27_s26_c0,silence
ch1_p27_s26_c0,imagine
ch1_p27_s26_c0,céline
ch1_p27_s26_c0,connaissance
ch1_p27_s26_c0,instituteur
ch1_p27_s26_c0,coopérative
ch1_p27_s26_c0,pays
ch1_p27_s26_c0,détail
ch1_p27_s27_c0,soir
ch1_p27_s29_c0,sœur
ch1_p27_s29_c0,flora
ch1_p27_s29_c0,temps
ch1_p27_s30_c0,vinteuil
ch1_p27_s30_c0,détail
ch1_p27_s30_c0,rôle
ch1_p27_s32_c0,voisin
ch1_p27_s32_c0,vinteuil
ch1_p27_s33_c0,vinteuil
ch1_p27_s33_c0,voisin
ch1_p27_s33_c0,tante
ch1_p27_s33_c0,céline
ch1_p27_s33_c0,voix
ch1_p27_s33_c0,timidité
ch1_p27_s33_c0,préméditation
ch1_p27_s33_c0,factice
ch1_p27_s33_c0,swann
ch1_p27_s33_c0,regard
ch1_p27_s34_c0,temps
ch1_p27_s34_c0,tante
ch1_p27_s34_c0,flora
ch1_p27_s34_c0,phrase
ch1_p27_s34_c0,remerciement
ch1_p27_s34_c0,céline
ch1_p27_s34_c0,vin
ch1_p27_s34_c0,asti
ch1_p27_s34_c0,swann
ch1_p27_s34_c0,air
ch1_p27_s34_c0,congratulation
ch1_p27_s34_c0,ironie
ch1_p27_s34_c0,trait
ch1_p27_s34_c0,esprit
ch1_p27_s34_c0,sœur
ch1_p27_s34_c0,swann
ch1_p27_s34_c0,sellette
ch1_p27_s35_c0,monsieur
ch1_p27_s35_c0,dîner
ch1_p27_s35_c0,flora
ch1_p27_s35_c0,maubant
ch1_p27_s35_c0,mme
ch1_p27_s35_c0,materna
ch1_p27_s35_c0,heure
ch1_p27_s36_c0,esprit
ch1_p27_s36_c0,nature
ch1_p27_s36_c0,possibilité
ch1_p27_s36_c0,composition
ch1_p27_s36_c0,rôle
ch1_p27_s36_c0,maubant
ch1_p27_s36_c0,sœur
ch1_p27_s36_c0,grain
ch1_p27_s36_c0,sel
ch1_p27_s36_c0,saveur
ch1_p27_s36_c0,récit
ch1_p27_s36_c0,vie
ch1_p27_s36_c0,molé
ch1_p27_s36_c0,comte
ch1_p27_s36_c0,paris
ch1_p27_s37_c0,swann
ch1_p27_s37_c0,rapport
ch1_p27_s37_c0,air
ch1_p27_s37_c0,point
ch1_p27_s37_c0,chose
ch1_p27_s38_c0,matin
ch1_p27_s38_c0,chose
ch1_p27_s39_c0,volume
ch1_p27_s39_c0,ambassade
ch1_p27_s39_c0,espagne
ch1_p27_s39_c0,meilleur
ch1_p27_s39_c0,journal
ch1_p27_s39_c0,journal
ch1_p27_s39_c0,différence
ch1_p27_s39_c0,assommant
ch1_p27_s39_c0,journal
ch1_p27_s39_c0,matin
ch1_p27_s39_c0,soir
ch1_p27_s40_c0,avis
ch1_p27_s40_c0,jour
ch1_p27_s40_c0,lecture
ch1_p27_s40_c0,journal
ch1_p27_s40_c0,flora
ch1_p27_s40_c0,phrase
ch1_p27_s40_c0,corot
ch1_p27_s40_c0,swann
ch1_p27_s40_c0,figaro
ch1_p27_s41_c0,chose
ch1_p27_s42_c0,tante
ch1_p27_s42_c0,céline
ch1_p27_s43_c0,swann
ch1_p27_s44_c0,journal
ch1_p27_s44_c0,attention
ch1_p27_s44_c0,jour
ch1_p27_s44_c0,chose
ch1_p27_s44_c0,fois
ch1_p27_s44_c0,vie
ch1_p27_s44_c0,livre
ch1_p27_s44_c0,chose
ch1_p27_s45_c0,moment
ch1_p27_s45_c0,matin
ch1_p27_s45_c0,bande
ch1_p27_s45_c0,journal
ch1_p27_s45_c0,chose
ch1_p27_s45_c0,journal
ch1_p27_s45_c0,pensée
ch1_p27_s45_c0,pascal
ch1_p27_s46_c0,mot
ch1_p27_s46_c0,emphase
ch1_p27_s46_c0,air
ch1_p27_s47_c0,volume
ch1_p27_s47_c0,tranche
ch1_p27_s47_c0,fois
ch1_p27_s47_c0,an
ch1_p27_s47_c0,chose
ch1_p27_s47_c0,dédain
ch1_p27_s47_c0,homme
ch1_p27_s47_c0,monde
ch1_p27_s47_c0,reine
ch1_p27_s47_c0,grèce
ch1_p27_s47_c0,cannes
ch1_p27_s47_c0,princesse
ch1_p27_s47_c0,léon
ch1_p27_s47_c0,bal
ch1_p27_s48_c0,proportion
ch1_p27_s49_c0,chose
ch1_p27_s49_c0,conversation
ch1_p27_s49_c0,sommet
ch1_p27_s49_c0,maulevrier
ch1_p27_s49_c0,audace
ch1_p27_s49_c0,main
ch1_p27_s49_c0,fils
ch1_p27_s50_c0,maulevrier
ch1_p27_s50_c0,épaisse
ch1_p27_s50_c0,bouteille
ch1_p27_s50_c0,humeur
ch1_p27_s50_c0,grossièreté
ch1_p27_s50_c0,sottise
ch1_p27_s51_c0,épaisse
ch1_p27_s51_c0,bouteille
ch1_p27_s51_c0,chose
ch1_p27_s51_c0,flora
ch1_p27_s51_c0,swann
ch1_p27_s51_c0,présent
ch1_p27_s51_c0,vin
ch1_p27_s51_c0,asti
ch1_p27_s52_c0,céline
ch1_p27_s52_c0,rire
ch1_p27_s53_c0,ignorance
ch1_p27_s53_c0,panneau
ch1_p27_s53_c0,main
ch1_p27_s53_c0,enfant
ch1_p27_s55_c0,ignorance
ch1_p27_s55_c0,panneau
ch1_p27_s55_c0,mlle
ch1_p27_s55_c0,céline
ch1_p27_s55_c0,nom
ch1_p27_s55_c0,littérateur
ch1_p27_s55_c0,anesthésie
ch1_p27_s55_c0,faculté
ch1_p27_s59_c0,homme
ch1_p27_s60_c0,intelligence
ch1_p27_s60_c0,cœur
ch1_p27_s61_c0,manière
ch1_p27_s61_c0,enfant
ch1_p27_s61_c0,main
ch1_p27_s64_c0,impossibilité
ch1_p27_s64_c0,obstruction
ch1_p27_s64_c0,swann
ch1_p27_s64_c0,histoire
ch1_p27_s64_c0,voix
ch1_p27_s64_c0,maman
ch1_p27_s64_c0,moment
ch1_p27_s66_c0,seigneur
ch1_p27_s66_c0,vertu
ch1_p28_s0_c0,mère
ch1_p28_s0_c0,oeil
ch1_p28_s0_c0,table
ch1_p28_s0_c0,durée
ch1_p28_s0_c0,dîner
ch1_p28_s0_c0,père
ch1_p28_s0_c0,maman
ch1_p28_s0_c0,reprise
ch1_p28_s0_c0,monde
ch1_p28_s0_c0,chambre
ch1_p28_s1_c0,salle
ch1_p28_s1_c0,dîner
ch1_p28_s1_c0,heure
ch1_p28_s1_c0,avance
ch1_p28_s1_c0,baiser
ch1_p28_s1_c0,regard
ch1_p28_s1_c0,place
ch1_p28_s1_c0,pensée
ch1_p28_s1_c0,grâce
ch1_p28_s1_c0,minute
ch1_p28_s1_c0,maman
ch1_p28_s1_c0,lèvre
ch1_p28_s1_c1,peintre
ch1_p28_s1_c1,séance
ch1_p28_s1_c1,pose
ch1_p28_s1_c1,palette
ch1_p28_s1_c1,avance
ch1_p28_s1_c1,souvenir
ch1_p28_s1_c1,note
ch1_p28_s1_c1,rigueur
ch1_p28_s1_c1,présence
ch1_p28_s1_c1,modèle
ch1_p28_s2_c0,dîner
ch1_p28_s2_c0,férocité
ch1_p28_s2_c0,petit
ch1_p28_s2_c0,air
ch1_p28_s3_c0,soir
ch1_p28_s4_c0,père
ch1_p28_s4_c0,mère
ch1_p28_s4_c0,foi
ch1_p28_s4_c0,traité
ch1_p28_s5_c0,maman
ch1_p28_s5_c0,instant
ch1_p28_s5_c0,cloche
ch1_p28_s5_c0,dîner
ch1_p28_s6_c0,mère
ch1_p28_s6_c0,manifestation
ch1_p28_s8_c0,viatique
ch1_p28_s8_c0,marche
ch1_p28_s8_c0,escalier
ch1_p28_s8_c0,expression
ch1_p28_s8_c0,montant
ch1_p28_s8_c0,cœur
ch1_p28_s8_c0,mère
ch1_p28_s8_c0,licence
ch1_p28_s9_c0,escalier
ch1_p28_s9_c0,odeur
ch1_p28_s9_c0,vernis
ch1_p28_s9_c0,sorte
ch1_p28_s9_c0,sorte
ch1_p28_s9_c0,chagrin
ch1_p28_s9_c0,soir
ch1_p28_s9_c0,sensibilité
ch1_p28_s9_c0,forme
ch1_p28_s9_c0,intelligence
ch1_p28_s9_c0,part
ch1_p28_s10_c0,rage
ch1_p28_s10_c0,dent
ch1_p28_s10_c0,fille
ch1_p28_s10_c0,fois
ch1_p28_s10_c0,suite
ch1_p28_s10_c0,eau
ch1_p28_s10_c0,molière
ch1_p28_s10_c0,soulagement
ch1_p28_s10_c0,intelligence
ch1_p28_s10_c0,idée
ch1_p28_s10_c0,rage
ch1_p28_s10_c0,dent
ch1_p28_s10_c0,déguisement
ch1_p28_s10_c0,cadencé
ch1_p28_s11_c0,inverse
ch1_p28_s11_c0,soulagement
ch1_p28_s11_c0,chagrin
ch1_p28_s11_c0,chambre
ch1_p28_s11_c0,fois
ch1_p28_s11_c0,inhalation
ch1_p28_s11_c0,pénétration
ch1_p28_s11_c0,odeur
ch1_p28_s11_c0,vernis
ch1_p28_s11_c0,escalier
ch1_p28_s12_c0,fois
ch1_p28_s12_c0,chambre
ch1_p28_s12_c0,volet
ch1_p28_s12_c0,tombeau
ch1_p28_s12_c0,couverture
ch1_p28_s12_c0,suaire
ch1_p28_s12_c0,chemise
ch1_p28_s12_c0,nuit
ch1_p28_s13_c0,lit
ch1_p28_s13_c0,fer
ch1_p28_s13_c0,chambre
ch1_p28_s13_c0,courtine
ch1_p28_s13_c0,reps
ch1_p28_s13_c0,lit
ch1_p28_s13_c0,mouvement
ch1_p28_s13_c0,révolte
ch1_p28_s13_c0,ruse
ch1_p28_s14_c0,mère
ch1_p28_s14_c0,chose
ch1_p28_s14_c0,lettre
ch1_p28_s15_c0,effroi
ch1_p28_s15_c0,françoise
ch1_p28_s15_c0,cuisinière
ch1_p28_s15_c0,tante
ch1_p28_s15_c0,combray
ch1_p28_s15_c0,mot
ch1_p28_s16_c0,commission
ch1_p28_s16_c0,mère
ch1_p28_s16_c0,monde
ch1_p28_s16_c0,portier
ch1_p28_s16_c0,théâtre
ch1_p28_s16_c0,lettre
ch1_p28_s16_c0,acteur
ch1_p28_s16_c0,scène
ch1_p28_s17_c0,égard
ch1_p28_s17_c0,chose
ch1_p28_s17_c0,code
ch1_p28_s17_c0,distinction
ch1_p28_s17_c0,apparence
ch1_p28_s17_c0,loi
ch1_p28_s17_c0,côté
ch1_p28_s17_c0,prescription
ch1_p28_s17_c0,enfant
ch1_p28_s17_c0,mamelle
ch1_p28_s17_c0,délicatesse
ch1_p28_s17_c0,chevreau
ch1_p28_s17_c0,lait
ch1_p28_s17_c0,mère
ch1_p28_s17_c0,animal
ch1_p28_s17_c0,nerf
ch1_p28_s17_c0,cuisse
ch1_p28_s18_c0,code
ch1_p28_s18_c0,entêtement
ch1_p28_s18_c0,commission
ch1_p28_s18_c0,donner
ch1_p28_s18_c0,complexité
ch1_p28_s18_c0,raffinement
ch1_p28_s18_c0,entourage
ch1_p28_s18_c0,françoise
ch1_p28_s18_c0,vie
ch1_p28_s18_c0,domestique
ch1_p28_s18_c0,village
ch1_p28_s18_c0,passé
ch1_p28_s18_c1,cité
ch1_p28_s18_c1,hôtel
ch1_p28_s18_c1,vie
ch1_p28_s18_c1,cour
ch1_p28_s18_c1,ouvrier
ch1_p28_s18_c1,usine
ch1_p28_s18_c1,produit
ch1_p28_s18_c1,milieu
ch1_p28_s18_c1,sculpture
ch1_p28_s18_c1,miracle
ch1_p28_s18_c1,saint
ch1_p28_s18_c1,théophile
ch1_p28_s18_c1,fils
ch1_p28_s18_c1,aymon
ch1_p28_s19_c0,cas
ch1_p28_s19_c0,article
ch1_p28_s19_c0,code
ch1_p28_s19_c0,cause
ch1_p28_s19_c0,cas
ch1_p28_s19_c0,incendie
ch1_p28_s19_c0,françoise
ch1_p28_s19_c0,maman
ch1_p28_s19_c0,présence
ch1_p28_s19_c0,swann
ch1_p28_s19_c0,personnage
ch1_p28_s19_c0,respect
ch1_p28_s19_c0,parent
ch1_p28_s19_c0,mort
ch1_p28_s19_c0,prêtre
ch1_p28_s19_c0,roi
ch1_p28_s19_c0,étranger
ch1_p28_s19_c0,hospitalité
ch1_p28_s19_c0,respect
ch1_p28_s19_c0,livre
ch1_p28_s19_c0,bouche
ch1_p28_s19_c1,cause
ch1_p28_s19_c1,soir
ch1_p28_s19_c1,caractère
ch1_p28_s19_c1,dîner
ch1_p28_s19_c1,cérémonie
ch1_p28_s20_c0,chance
ch1_p28_s20_c0,côté
ch1_p28_s20_c0,maman
ch1_p28_s20_c0,maman
ch1_p28_s20_c0,réponse
ch1_p28_s20_c0,objet
ch1_p28_s20_c0,mot
ch1_p28_s21_c0,françoise
ch1_p28_s21_c0,homme
ch1_p28_s21_c0,sens
ch1_p28_s21_c0,signe
ch1_p28_s21_c0,vérité
ch1_p28_s21_c0,minute
ch1_p28_s21_c0,enveloppe
ch1_p28_s21_c0,examen
ch1_p28_s21_c0,papier
ch1_p28_s21_c0,aspect
ch1_p28_s21_c0,écriture
ch1_p28_s21_c0,nature
ch1_p28_s21_c0,contenu
ch1_p28_s21_c0,article
ch1_p28_s21_c0,code
ch1_p28_s22_c0,air
ch1_p28_s22_c0,parent
ch1_p28_s22_c0,enfant
ch1_p28_s23_c0,bout
ch1_p28_s23_c0,moment
ch1_p28_s23_c0,glace
ch1_p28_s23_c0,maître
ch1_p28_s23_c0,hôtel
ch1_p28_s23_c0,lettre
ch1_p28_s23_c0,moment
ch1_p28_s23_c0,monde
ch1_p28_s23_c0,rince
ch1_p28_s23_c0,bouche
ch1_p28_s23_c0,moyen
ch1_p28_s23_c0,maman
ch1_p28_s24_c0,anxiété
ch1_p28_s24_c0,heure
ch1_p28_s24_c0,mère
ch1_p28_s24_c0,mot
ch1_p28_s24_c0,fâchant
ch1_p28_s24_c0,doute
ch1_p28_s24_c0,manège
ch1_p28_s24_c0,oeil
ch1_p28_s24_c0,swann
ch1_p28_s24_c0,pièce
ch1_p28_s24_c0,oreille
ch1_p28_s24_c0,salle
ch1_p28_s24_c0,instant
ch1_p28_s24_c1,glace
ch1_p28_s24_c1,granité
ch1_p28_s24_c1,rince
ch1_p28_s24_c1,bouche
ch1_p28_s24_c1,plaisir
ch1_p28_s24_c1,maman
ch1_p28_s24_c1,fruit
ch1_p28_s24_c1,enveloppe
ch1_p28_s24_c1,cœur
ch1_p28_s24_c1,attention
ch1_p28_s24_c1,maman
ch1_p28_s24_c1,ligne
ch1_p28_s25_c0,barrière
ch1_p28_s25_c0,fil
ch1_p28_s26_c0,maman
ch1_p28_s26_c0,doute
ch1_p29_s0_c0,angoisse
ch1_p29_s0_c0,swann
ch1_p29_s0_c0,lettre
ch1_p29_s0_c0,but
ch1_p29_s0_c0,contraire
ch1_p29_s0_c0,angoisse
ch1_p29_s0_c0,tourment
ch1_p29_s0_c0,année
ch1_p29_s0_c0,vie
ch1_p29_s0_c0,angoisse
ch1_p29_s0_c0,lieu
ch1_p29_s0_c0,plaisir
ch1_p29_s0_c1,amour
ch1_p29_s0_c1,amour
ch1_p29_s0_c1,sorte
ch1_p29_s0_c1,apparition
ch1_p29_s0_c1,vie
ch1_p29_s0_c1,flotte
ch1_p29_s0_c1,vague
ch1_p29_s0_c1,affectation
ch1_p29_s0_c1,service
ch1_p29_s0_c1,jour
ch1_p29_s0_c1,sentiment
ch1_p29_s0_c1,lendemain
ch1_p29_s0_c2,tendresse
ch1_p29_s0_c2,filiale
ch1_p29_s0_c2,amitié
ch1_p29_s0_c2,camarade
ch1_p29_s1_c0,joie
ch1_p29_s1_c0,apprentissage
ch1_p29_s1_c0,françoise
ch1_p29_s1_c0,lettre
ch1_p29_s1_c0,swann
ch1_p29_s1_c0,joie
ch1_p29_s1_c0,ami
ch1_p29_s1_c0,parent
ch1_p29_s1_c0,femme
ch1_p29_s1_c0,hôtel
ch1_p29_s1_c0,théâtre
ch1_p29_s1_c0,bal
ch1_p29_s1_c0,redoute
ch1_p29_s1_c0,ami
ch1_p29_s1_c0,occasion
ch1_p29_s3_c0,chose
ch1_p29_s3_c0,amie
ch1_p29_s3_c0,vestibule
ch1_p29_s3_c0,minute
ch1_p29_s4_c0,moment
ch1_p29_s4_c0,françoise
ch1_p29_s4_c0,intermédiaire
ch1_p29_s4_c0,mot
ch1_p29_s4_c0,fête
ch1_p29_s4_c0,sein
ch1_p29_s4_c0,tourbillon
ch1_p29_s4_c0,pervers
ch1_p29_s4_c0,rire
ch1_p29_s5_c0,jugeon
ch1_p29_s5_c0,parent
ch1_p29_s5_c0,initié
ch1_p29_s5_c0,mystère
ch1_p29_s5_c0,invité
ch1_p29_s5_c0,fête
ch1_p29_s6_c0,heure
ch1_p29_s6_c0,goûter
ch1_p29_s6_c0,plaisir
ch1_p29_s6_c0,brèche
ch1_p29_s6_c0,moment
ch1_p29_s6_c0,succession
ch1_p29_s6_c0,moment
ch1_p29_s6_c0,maîtresse
ch1_p29_s6_c0,mêlée
ch1_p29_s6_c0,moment
ch1_p29_s7_c0,doute
ch1_p29_s7_c0,moment
ch1_p29_s7_c0,fête
ch1_p29_s7_c0,essence
ch1_p29_s7_c0,ami
ch1_p29_s8_c0,plaisir
ch1_p29_s10_c0,swann
ch1_p29_s10_c0,expérience
ch1_p29_s10_c0,intention
ch1_p29_s10_c0,tiers
ch1_p29_s10_c0,femme
ch1_p29_s10_c0,fête
ch1_p29_s11_c0,ami
ch1_p30_s0_c0,mère
ch1_p30_s0_c0,ménagement
ch1_p30_s0_c0,amour
ch1_p30_s0_c0,fable
ch1_p30_s0_c0,recherche
ch1_p30_s0_c0,résultat
ch1_p30_s0_c0,françoise
ch1_p30_s0_c0,mot
ch1_p30_s0_c0,réponse
ch1_p30_s0_c0,concierge
ch1_p30_s0_c0,palace
ch1_p30_s0_c0,valet
ch1_p30_s0_c0,pied
ch1_p30_s0_c0,tripot
ch1_p30_s0_c0,fille
ch1_p30_s1_c0,lettre
ch1_p30_s3_c0,besoin
ch1_p30_s3_c0,bec
ch1_p30_s3_c0,concierge
ch1_p30_s3_c0,propos
ch1_p30_s3_c0,temps
ch1_p30_s3_c0,concierge
ch1_p30_s3_c0,chasseur
ch1_p30_s3_c0,coup
ch1_p30_s3_c0,heure
ch1_p30_s3_c0,glace
ch1_p30_s3_c0,boisson
ch1_p30_s3_c0,client
ch1_p30_s3_c1,françoise
ch1_p30_s3_c1,tisane
ch1_p30_s3_c1,office
ch1_p30_s3_c1,oeil
ch1_p30_s3_c1,voix
ch1_p30_s3_c1,parent
ch1_p30_s3_c1,café
ch1_p30_s3_c1,jardin
ch1_p30_s4_c0,bout
ch1_p30_s4_c0,seconde
ch1_p30_s4_c0,mot
ch1_p30_s4_c0,maman
ch1_p30_s4_c0,risque
ch1_p30_s4_c0,moment
ch1_p30_s4_c0,possibilité
ch1_p30_s4_c0,revue
ch1_p30_s4_c0,battement
ch1_p30_s4_c0,cœur
ch1_p30_s4_c0,minute
ch1_p30_s4_c0,minute
ch1_p30_s4_c0,agitation
ch1_p30_s4_c0,calme
ch1_p30_s4_c0,acceptation
ch1_p30_s4_c0,infortune
ch1_p30_s5_c0,coup
ch1_p30_s5_c0,anxiété
ch1_p30_s5_c0,félicité
ch1_p30_s5_c0,médicament
ch1_p30_s5_c0,douleur
ch1_p30_s5_c0,résolution
ch1_p30_s5_c0,maman
ch1_p30_s5_c0,certitude
ch1_p30_s6_c0,calme
ch1_p30_s6_c0,angoisse
ch1_p30_s6_c0,allégresse
ch1_p30_s6_c0,attente
ch1_p30_s6_c0,soif
ch1_p30_s6_c0,peur
ch1_p30_s6_c0,danger
ch1_p30_s7_c0,fenêtre
ch1_p30_s7_c0,bruit
ch1_p30_s7_c0,pied
ch1_p30_s7_c0,lit
ch1_p30_s7_c0,mouvement
ch1_p30_s8_c0,chose
ch1_p30_s8_c0,attention
ch1_p30_s8_c0,clair
ch1_p30_s8_c0,lune
ch1_p30_s8_c0,chose
ch1_p30_s8_c0,extension
ch1_p30_s8_c0,reflet
ch1_p30_s8_c0,concret
ch1_p30_s8_c0,fois
ch1_p30_s8_c0,paysage
ch1_p30_s8_c0,plan
ch1_p30_s9_c0,besoin
ch1_p30_s9_c0,feuillage
ch1_p30_s9_c0,marronnier
ch1_p30_s10_c0,frissonnement
ch1_p30_s10_c0,total
ch1_p30_s10_c0,nuance
ch1_p30_s10_c0,délicatesse
ch1_p30_s11_c0,exposés
ch1_p30_s11_c0,silence
ch1_p30_s11_c0,bruit
ch1_p30_s11_c0,jardin
ch1_p30_s11_c0,bout
ch1_p30_s11_c0,ville
ch1_p30_s11_c1,motif
ch1_p30_s11_c1,sourdine
ch1_p30_s11_c1,orchestre
ch1_p30_s11_c1,conservatoire
ch1_p30_s11_c1,note
ch1_p30_s11_c1,salle
ch1_p30_s11_c1,concert
ch1_p30_s11_c1,abonné
ch1_p30_s11_c1,sœur
ch1_p30_s11_c1,swann
ch1_p30_s11_c1,place
ch1_p30_s11_c1,oreille
ch1_p30_s11_c1,progrès
ch1_p30_s11_c1,armée
ch1_p30_s11_c1,marche
ch1_p30_s11_c1,rue
ch1_p30_s11_c1,trévise
ch1_p31_s0_c0,cas
ch1_p31_s0_c0,part
ch1_p31_s0_c0,parent
ch1_p31_s0_c0,conséquence
ch1_p31_s0_c0,vérité
ch1_p31_s0_c0,étranger
ch1_p31_s0_c0,faute
ch1_p31_s1_c0,éducation
ch1_p31_s1_c0,ordre
ch1_p31_s1_c0,faute
ch1_p31_s1_c0,éducation
ch1_p31_s1_c0,enfant
ch1_p31_s1_c0,doute
ch1_p31_s1_c0,besoin
ch1_p31_s1_c0,caractère
ch1_p31_s1_c0,impulsion
ch1_p31_s2_c0,mot
ch1_p31_s2_c0,origine
ch1_p31_s3_c0,reconnaissai
ch1_p31_s3_c0,angoisse
ch1_p31_s3_c0,rigueur
ch1_p31_s3_c0,châtiment
ch1_p31_s3_c0,famille
ch1_p31_s4_c0,chemin
ch1_p31_s4_c0,mère
ch1_p31_s4_c0,moment
ch1_p31_s4_c0,couloir
ch1_p31_s4_c0,maison
ch1_p31_s4_c0,collège
ch1_p31_s4_c0,lendemain
ch1_p31_s6_c0,fenêtre
ch1_p31_s6_c0,minute
ch1_p31_s7_c0,maman
ch1_p31_s7_c0,voie
ch1_p31_s7_c0,réalisation
ch1_p31_s7_c0,désir
ch1_p31_s7_c0,chemin
ch1_p32_s0_c0,parent
ch1_p32_s0_c0,swann
ch1_p32_s0_c0,grelot
ch1_p32_s0_c0,porte
ch1_p32_s0_c0,fenêtre
ch1_p32_s1_c0,maman
ch1_p32_s1_c0,père
ch1_p32_s1_c0,langouste
ch1_p32_s1_c0,swann
ch1_p32_s1_c0,glace
ch1_p32_s1_c0,café
ch1_p32_s1_c0,pistache
ch1_p32_s2_c0,mère
ch1_p32_s2_c0,fois
ch1_p32_s2_c0,parfum
ch1_p32_s3_c0,swann
ch1_p32_s4_c0,habitude
ch1_p32_s4_c0,swann
ch1_p32_s4_c0,adolescent
ch1_p32_s4_c0,coup
ch1_p32_s4_c0,âge
ch1_p32_s5_c0,parent
ch1_p32_s5_c0,célibataire
ch1_p32_s5_c0,jour
ch1_p32_s5_c0,lendemain
ch1_p32_s5_c0,moment
ch1_p32_s5_c0,matin
ch1_p32_s5_c0,enfant
ch1_p32_s6_c0,souci
ch1_p32_s6_c0,coquin
ch1_p32_s6_c0,femme
ch1_p32_s6_c0,combray
ch1_p32_s6_c0,monsieur
ch1_p32_s6_c0,charlus
ch1_p32_s7_c0,fable
ch1_p32_s7_c0,ville
ch1_p32_s8_c0,mère
ch1_p32_s8_c0,air
ch1_p32_s8_c0,temps
ch1_p32_s9_c0,geste
ch1_p32_s9_c0,père
ch1_p32_s9_c0,oeil
ch1_p32_s9_c0,main
ch1_p32_s9_c0,front
ch1_p32_s10_c0,fond
ch1_p32_s10_c0,femme
ch1_p32_s12_c0,lettre
ch1_p32_s12_c0,sujet
ch1_p32_s12_c0,doute
ch1_p32_s12_c0,sentiment
ch1_p32_s12_c0,amour
ch1_p32_s12_c0,femme
ch1_p32_s14_c0,asti
ch1_p32_s16_c0,tante
ch1_p32_s16_c0,flora
ch1_p32_s17_c0,tante
ch1_p32_s17_c0,céline
ch1_p32_s19_c0,phrase
ch1_p32_s19_c0,voisin
ch1_p32_s22_c0,diable
ch1_p32_s22_c0,swann
ch1_p32_s24_c0,swann
ch1_p32_s24_c0,bête
ch1_p32_s25_c0,nombre
ch1_p32_s25_c0,bouteille
ch1_p32_s25_c0,prix
ch1_p32_s25_c0,vin
ch1_p32_s26_c0,père
ch1_p32_s26_c0,mère
ch1_p32_s26_c0,instant
ch1_p32_s26_c0,père
ch1_p32_s28_c0,ami
ch1_p32_s28_c0,ombre
ch1_p32_s28_c0,sommeil
ch1_p32_s28_c0,glace
ch1_p32_s28_c0,café
ch1_p32_s28_c0,lumière
ch1_p32_s28_c0,office
ch1_p32_s28_c0,pauvre
ch1_p32_s28_c0,françoise
ch1_p32_s28_c0,dégrafer
ch1_p32_s28_c0,corsage
ch1_p32_s29_c0,mère
ch1_p32_s29_c0,porte
ch1_p32_s29_c0,treillagée
ch1_p32_s29_c0,vestibule
ch1_p32_s29_c0,escalier
ch1_p32_s30_c0,fenêtre
ch1_p32_s31_c0,bruit
ch1_p32_s31_c0,couloir
ch1_p32_s31_c0,cœur
ch1_p32_s31_c0,peine
ch1_p32_s31_c0,anxiété
ch1_p32_s31_c0,épouvante
ch1_p32_s31_c0,joie
ch1_p32_s32_c0,cage
ch1_p32_s32_c0,escalier
ch1_p32_s32_c0,lumière
ch1_p32_s32_c0,bougie
ch1_p32_s32_c0,maman
ch1_p32_s33_c0,vis
ch1_p32_s34_c0,étonnement
ch1_p32_s35_c0,figure
ch1_p32_s35_c0,expression
ch1_p32_s35_c0,colère
ch1_p32_s35_c0,mot
ch1_p32_s35_c0,parole
ch1_p32_s35_c0,jour
ch1_p32_s36_c0,maman
ch1_p32_s36_c0,mot
ch1_p32_s36_c0,signe
ch1_p32_s36_c0,gravité
ch1_p32_s36_c0,châtiment
ch1_p32_s36_c0,silence
ch1_p32_s36_c0,brouille
ch1_p32_s37_c0,parole
ch1_p32_s37_c0,calme
ch1_p32_s37_c0,baiser
ch1_p32_s37_c0,fils
ch1_p32_s37_c0,jour
ch1_p32_s38_c0,père
ch1_p32_s38_c0,cabinet
ch1_p32_s38_c0,toilette
ch1_p32_s38_c0,scène
ch1_p32_s38_c0,voix
ch1_p32_s38_c0,colère
ch1_p32_s38_c0,sauve
ch1_p32_s38_c0,père
ch1_p32_s38_c0,fou
ch1_p32_s39_c0,viens
ch1_p32_s39_c0,reflet
ch1_p32_s39_c0,bougie
ch1_p32_s39_c0,père
ch1_p32_s39_c0,mur
ch1_p32_s39_c0,approche
ch1_p32_s39_c0,moyen
ch1_p32_s39_c0,chantage
ch1_p32_s39_c0,maman
ch1_p32_s39_c0,père
ch1_p32_s39_c0,rentre
ch1_p32_s39_c0,chambre
ch1_p32_s40_c0,père
ch1_p32_s41_c0,mot
ch1_p33_s1_c0,père
ch1_p33_s1_c0,permission
ch1_p33_s1_c0,pacte
ch1_p33_s1_c0,mère
ch1_p33_s1_c0,principe
ch1_p33_s1_c0,droit
ch1_p33_s2_c0,raison
ch1_p33_s2_c0,contingente
ch1_p33_s2_c0,raison
ch1_p33_s2_c0,moment
ch1_p33_s2_c0,promenade
ch1_p33_s2_c0,parjure
ch1_p33_s2_c0,soir
ch1_p33_s2_c0,heure
ch1_p33_s2_c0,explication
ch1_p33_s3_c0,principe
ch1_p33_s3_c0,sens
ch1_p33_s3_c0,intransigeance
ch1_p33_s4_c0,instant
ch1_p33_s4_c0,air
ch1_p33_s4_c0,maman
ch1_p33_s4_c0,mot
ch1_p33_s4_c0,envie
ch1_p33_s4_c0,chambre
ch1_p33_s4_c0,besoin
ch1_p33_s5_c0,ami
ch1_p33_s5_c0,mère
ch1_p33_s5_c0,envie
ch1_p33_s5_c0,chose
ch1_p33_s5_c0,enfant
ch1_p33_s5_c0,père
ch1_p33_s5_c0,épaule
ch1_p33_s5_c0,chagrin
ch1_p33_s5_c0,air
ch1_p33_s5_c0,enfant
ch1_p33_s5_c0,bourreau
ch1_p33_s6_c0,avancée
ch1_p33_s7_c0,lit
ch1_p33_s7_c0,chambre
ch1_p33_s7_c0,françoise
ch1_p33_s7_c0,lit
ch1_p33_s7_c0,couche
ch1_p33_s7_c0,nuit
ch1_p34_s0_c0,père
ch1_p34_s0_c0,sensiblerie
ch1_p34_s1_c0,mouvement
ch1_p34_s1_c0,robe
ch1_p34_s1_c0,nuit
ch1_p34_s1_c0,cachemire
ch1_p34_s1_c0,inde
ch1_p34_s1_c0,violet
ch1_p34_s1_c0,tête
ch1_p34_s1_c0,névralgie
ch1_p34_s1_c0,geste
ch1_p34_s1_c0,abraham
ch1_p34_s1_c0,gravure
ch1_p34_s1_c0,benozzo
ch1_p34_s1_c0,gozzoli
ch1_p34_s1_c0,swann
ch1_p34_s1_c0,sarah
ch1_p34_s1_c0,côté
ch1_p34_s1_c0,isaac
ch1_p34_s2_c0,année
ch1_p34_s3_c0,muraille
ch1_p34_s3_c0,escalier
ch1_p34_s3_c0,reflet
ch1_p34_s3_c0,bougie
ch1_p34_s4_c0,chose
ch1_p34_s4_c0,naissance
ch1_p34_s4_c0,peine
ch1_p34_s4_c0,joie
ch1_p34_s5_c0,père
ch1_p34_s5_c0,maman
ch1_p34_s6_c0,possibilité
ch1_p34_s6_c0,heure
ch1_p34_s7_c0,temps
ch1_p34_s7_c0,oreille
ch1_p34_s7_c0,sanglot
ch1_p34_s7_c0,force
ch1_p34_s7_c0,père
ch1_p34_s7_c0,maman
ch1_p34_s8_c0,réalité
ch1_p34_s8_c0,vie
ch1_p34_s8_c0,cloche
ch1_p34_s8_c0,couvent
ch1_p34_s8_c0,bruit
ch1_p34_s8_c0,ville
ch1_p34_s8_c0,jour
ch1_p34_s8_c0,silence
ch1_p34_s8_c0,soir
ch1_p35_s0_c0,maman
ch1_p35_s0_c0,nuit
ch1_p35_s0_c0,chambre
ch1_p35_s0_c0,moment
ch1_p35_s0_c0,faute
ch1_p35_s0_c0,maison
ch1_p35_s0_c0,parent
ch1_p35_s0_c0,récompense
ch1_p35_s0_c0,action
ch1_p35_s1_c0,heure
ch1_p35_s1_c0,grâce
ch1_p35_s1_c0,conduite
ch1_p35_s1_c0,père
ch1_p35_s1_c0,égard
ch1_p35_s1_c0,chose
ch1_p35_s1_c0,immérité
ch1_p35_s1_c0,convenance
ch1_p35_s1_c0,plan
ch1_p35_s2_c0,sévérité
ch1_p35_s2_c0,nom
ch1_p35_s2_c0,mère
ch1_p35_s2_c0,nature
ch1_p35_s2_c0,point
ch1_p35_s2_c0,soir
ch1_p35_s2_c0,mère
ch1_p35_s2_c0,souffrance
ch1_p35_s2_c1,sensibilité
ch1_p35_s2_c1,volonté
ch1_p35_s3_c0,père
ch1_p35_s3_c0,affection
ch1_p35_s3_c0,sorte
ch1_p35_s3_c0,courage
ch1_p35_s3_c0,fois
ch1_p35_s3_c0,chagrin
ch1_p35_s3_c0,mère
ch1_p35_s3_c0,consoler
ch1_p35_s4_c0,maman
ch1_p35_s4_c0,nuit
ch1_p35_s4_c0,chambre
ch1_p35_s4_c0,remords
ch1_p35_s4_c0,heure
ch1_p35_s4_c0,droit
ch1_p35_s4_c0,françoise
ch1_p35_s4_c0,chose
ch1_p35_s4_c0,maman
ch1_p35_s4_c0,assise
ch1_p35_s4_c0,main
ch1_p35_s4_c0,monsieur
ch1_p35_s4_c0,monsieur
ch1_p35_s5_c0,maman
ch1_p35_s5_c0,françoise
ch1_p35_s5_c0,lit
ch1_p35_s6_c0,fois
ch1_p35_s6_c0,tristesse
ch1_p35_s6_c0,faute
ch1_p35_s6_c0,mal
ch1_p35_s6_c0,état
ch1_p35_s6_c0,soulagement
ch1_p35_s6_c0,scrupule
ch1_p35_s6_c0,amertume
ch1_p35_s6_c0,larme
ch1_p35_s6_c0,péché
ch1_p35_s7_c0,françoise
ch1_p35_s7_c0,chose
ch1_p35_s7_c0,heure
ch1_p35_s7_c0,maman
ch1_p35_s7_c0,chambre
ch1_p35_s7_c0,dignité
ch1_p35_s7_c0,coup
ch1_p35_s7_c0,sorte
ch1_p35_s7_c0,puberté
ch1_p35_s7_c0,chagrin
ch1_p35_s7_c0,émancipation
ch1_p35_s7_c0,larme
ch1_p35_s9_c0,mère
ch1_p35_s9_c0,concession
ch1_p35_s9_c0,abdication
ch1_p35_s9_c0,part
ch1_p35_s9_c0,fois
ch1_p35_s10_c0,victoire
ch1_p35_s10_c0,maladie
ch1_p35_s10_c0,chagrin
ch1_p35_s10_c0,âge
ch1_p35_s10_c0,volonté
ch1_p35_s10_c0,raison
ch1_p35_s10_c0,soirée
ch1_p35_s10_c0,ère
ch1_p35_s10_c0,date
ch1_p35_s11_c0,maman
ch1_p35_s11_c0,couche
ch1_p35_s12_c0,sagesse
ch1_p35_s12_c0,pratique
ch1_p35_s12_c0,nature
ch1_p35_s12_c0,mal
ch1_p35_s12_c0,plaisir
ch1_p35_s12_c0,père
ch1_p35_s13_c0,visage
ch1_p35_s13_c0,mère
ch1_p35_s13_c0,jeunesse
ch1_p35_s13_c0,soir
ch1_p35_s13_c0,main
ch1_p35_s13_c0,larme
ch1_p35_s13_c0,colère
ch1_p35_s13_c0,douceur
ch1_p35_s13_c0,enfance
ch1_p35_s13_c0,main
ch1_p35_s13_c0,âme
ch1_p35_s13_c0,ride
ch1_p35_s13_c0,cheveu
ch1_p35_s14_c0,pensée
ch1_p35_s14_c0,sanglot
ch1_p35_s14_c0,maman
ch1_p35_s14_c0,attendrissement
ch1_p35_s14_c0,coup
ch1_p35_s14_c0,envie
ch1_p35_s15_c0,aperçu
ch1_p35_s15_c0,jaunet
ch1_p35_s15_c0,serin
ch1_p35_s15_c0,maman
ch1_p35_s15_c0,bêta
ch1_p35_s16_c0,voyons
ch1_p35_s16_c0,sommeil
ch1_p35_s16_c0,maman
ch1_p35_s16_c0,chose
ch1_p35_s16_c0,livre
ch1_p35_s18_c0,plaisir
ch1_p35_s18_c0,livre
ch1_p35_s18_c0,fête
ch1_p35_s20_c0,contraire
ch1_p35_s20_c0,maman
ch1_p35_s20_c0,paquet
ch1_p35_s20_c0,livre
ch1_p35_s20_c0,travers
ch1_p35_s20_c0,papier
ch1_p35_s20_c0,taille
ch1_p35_s20_c0,aspect
ch1_p35_s20_c0,boîte
ch1_p35_s20_c0,couleur
ch1_p35_s20_c0,jour
ch1_p35_s20_c0,an
ch1_p35_s20_c0,soie
ch1_p35_s20_c0,an
ch1_p35_s21_c0,mare
ch1_p35_s21_c0,diable
ch1_p35_s21_c0,françois
ch1_p35_s21_c0,champi
ch1_p35_s21_c0,fadette
ch1_p35_s21_c0,maître
ch1_p35_s21_c0,sonneur
ch1_p35_s22_c0,poésie
ch1_p35_s22_c0,musset
ch1_p35_s22_c0,volume
ch1_p35_s22_c0,rousseau
ch1_p35_s22_c0,indiana
ch1_p35_s22_c0,lecture
ch1_p35_s22_c0,bonbon
ch1_p35_s22_c0,pâtisserie
ch1_p35_s22_c0,souffle
ch1_p35_s22_c0,génie
ch1_p35_s22_c0,esprit
ch1_p35_s22_c0,enfant
ch1_p35_s22_c0,influence
ch1_p35_s22_c0,corps
ch1_p35_s22_c0,air
ch1_p35_s22_c0,vent
ch1_p35_s22_c0,large
ch1_p35_s23_c0,père
ch1_p35_s23_c0,livre
ch1_p35_s23_c0,libraire
ch1_p35_s23_c0,cadeau
ch1_p35_s23_c0,jour
ch1_p35_s23_c0,médecin
ch1_p35_s23_c0,mère
ch1_p35_s23_c0,roman
ch1_p35_s23_c0,george
ch1_p35_s23_c0,sand
ch1_p35_s24_c0,fille
ch1_p35_s24_c0,maman
ch1_p35_s24_c0,enfant
ch1_p35_s24_c0,chose
ch1_p35_s24_c0,mal
ch1_p36_s0_c0,réalité
ch1_p36_s0_c0,profit
ch1_p36_s0_c0,chose
ch1_p36_s0_c0,plaisir
ch1_p36_s0_c0,satisfaction
ch1_p36_s0_c0,vanité
ch1_p36_s1_c0,cadeau
ch1_p36_s1_c0,fauteuil
ch1_p36_s1_c0,couvert
ch1_p36_s1_c0,canne
ch1_p36_s1_c0,désuétude
ch1_p36_s1_c0,caractère
ch1_p36_s1_c0,utilité
ch1_p36_s1_c0,vie
ch1_p36_s1_c0,homme
ch1_p36_s1_c0,autrefoi
ch1_p36_s1_c0,besoin
ch1_p36_s2_c0,chambre
ch1_p36_s2_c0,photographie
ch1_p36_s2_c0,monument
ch1_p36_s2_c0,paysage
ch1_p36_s3_c0,moment
ch1_p36_s3_c0,emplette
ch1_p36_s3_c0,chose
ch1_p36_s3_c0,valeur
ch1_p36_s3_c0,vulgarité
ch1_p36_s3_c0,utilité
ch1_p36_s3_c0,place
ch1_p36_s3_c0,mode
ch1_p36_s3_c0,représentation
ch1_p36_s3_c0,photographie
ch1_p36_s4_c0,banalité
ch1_p36_s4_c0,partie
ch1_p36_s4_c0,art
ch1_p36_s4_c0,épaisseur
ch1_p36_s4_c0,art
ch1_p36_s4_c0,lieu
ch1_p36_s4_c0,photographie
ch1_p36_s4_c0,cathédrale
ch1_p36_s4_c0,chartres
ch1_p36_s4_c0,eaux
ch1_p36_s4_c0,vésuve
ch1_p36_s4_c0,swann
ch1_p36_s4_c0,peintre
ch1_p36_s4_c1,photographie
ch1_p36_s4_c1,cathédrale
ch1_p36_s4_c1,chartres
ch1_p36_s4_c1,corot
ch1_p36_s4_c1,eaux
ch1_p36_s4_c1,hubert
ch1_p36_s4_c1,robert
ch1_p36_s4_c1,vésuve
ch1_p36_s4_c1,turner
ch1_p36_s4_c1,degré
ch1_p36_s4_c1,art
ch1_p36_s5_c0,photographe
ch1_p36_s5_c0,représentation
ch1_p36_s5_c0,chef
ch1_p36_s5_c0,œuvre
ch1_p36_s5_c0,nature
ch1_p36_s5_c0,artiste
ch1_p36_s5_c0,droit
ch1_p36_s5_c0,interprétation
ch1_p36_s6_c0,arrivée
ch1_p36_s6_c0,échéance
ch1_p36_s6_c0,vulgarité
ch1_p36_s7_c0,swann
ch1_p36_s7_c0,œuvre
ch1_p36_s7_c0,gravure
ch1_p36_s7_c0,intérêt
ch1_p36_s7_c0,exemple
ch1_p36_s7_c0,chef
ch1_p36_s7_c0,œuvre
ch1_p36_s7_c0,état
ch1_p36_s7_c0,gravure
ch1_p36_s7_c0,cène
ch1_p36_s7_c0,léonard
ch1_p36_s7_c0,dégradation
ch1_p36_s7_c0,morgan
ch1_p36_s8_c0,résultat
ch1_p36_s8_c0,manière
ch1_p36_s8_c0,art
ch1_p36_s8_c0,cadeau
ch1_p36_s9_c0,idée
ch1_p36_s9_c0,venise
ch1_p36_s9_c0,dessin
ch1_p36_s9_c0,titien
ch1_p36_s9_c0,fond
ch1_p36_s9_c0,lagune
ch1_p36_s9_c0,photographie
ch1_p36_s10_c0,compte
ch1_p36_s10_c0,maison
ch1_p36_s10_c0,réquisitoire
ch1_p36_s10_c0,fauteuil
ch1_p36_s10_c0,jeune
ch1_p36_s10_c0,époux
ch1_p36_s10_c0,tentative
ch1_p36_s10_c0,poids
ch1_p36_s10_c0,destinataire
ch1_p36_s11_c0,mesquin
ch1_p36_s11_c0,solidité
ch1_p36_s11_c0,boiserie
ch1_p36_s11_c0,fleurette
ch1_p36_s11_c0,sourire
ch1_p36_s11_c0,imagination
ch1_p36_s11_c0,passé
ch1_p36_s12_c0,meuble
ch1_p36_s12_c0,besoin
ch1_p36_s12_c0,manière
ch1_p36_s12_c0,métaphore
ch1_p36_s12_c0,langage
ch1_p36_s12_c0,usure
ch1_p36_s12_c0,habitude
ch1_p36_s13_c0,roman
ch1_p36_s13_c0,george
ch1_p36_s13_c0,sand
ch1_p36_s13_c0,fête
ch1_p36_s13_c0,mobilier
ch1_p36_s13_c0,expression
ch1_p36_s13_c0,désuétude
ch1_p36_s13_c0,campagne
ch1_p36_s14_c0,préférence
ch1_p36_s14_c0,volontier
ch1_p36_s14_c0,propriété
ch1_p36_s14_c0,pigeonnier
ch1_p36_s14_c0,chose
ch1_p36_s14_c0,esprit
ch1_p36_s14_c0,influence
ch1_p36_s14_c0,nostalgie
ch1_p36_s14_c0,voyage
ch1_p36_s14_c0,temps
ch1_p37_s0_c0,maman
ch1_p37_s0_c0,côté
ch1_p37_s0_c0,lit
ch1_p37_s0_c0,françois
ch1_p37_s0_c0,champi
ch1_p37_s0_c0,couverture
ch1_p37_s0_c0,titre
ch1_p37_s0_c0,personnalité
ch1_p37_s0_c0,attrait
ch1_p37_s1_c0,roman
ch1_p37_s2_c0,george
ch1_p37_s2_c0,sand
ch1_p37_s2_c0,type
ch1_p37_s2_c0,romancier
ch1_p37_s3_c0,françois
ch1_p37_s3_c0,champi
ch1_p37_s3_c0,chose
ch1_p37_s3_c0,indéfinissable
ch1_p37_s3_c0,délicieu
ch1_p37_s4_c0,procédé
ch1_p37_s4_c0,narration
ch1_p37_s4_c0,curiosité
ch1_p37_s4_c0,attendrissement
ch1_p37_s4_c0,façon
ch1_p37_s4_c0,inquiétude
ch1_p37_s4_c0,mélancolie
ch1_p37_s4_c0,lecteur
ch1_p37_s4_c0,commun
ch1_p37_s4_c0,roman
ch1_p37_s4_c0,livre
ch1_p37_s4_c0,chose
ch1_p37_s4_c0,raison
ch1_p37_s4_c1,émanation
ch1_p37_s4_c1,essence
ch1_p37_s4_c1,françois
ch1_p37_s4_c1,champi
ch1_p37_s5_c0,événement
ch1_p37_s5_c0,chose
ch1_p37_s5_c0,mot
ch1_p37_s5_c0,courant
ch1_p37_s5_c0,intonation
ch1_p37_s5_c0,accentuation
ch1_p37_s6_c0,action
ch1_p37_s6_c0,temps
ch1_p37_s6_c0,page
ch1_p37_s6_c0,chose
ch1_p37_s7_c0,lacune
ch1_p37_s7_c0,distraction
ch1_p37_s7_c0,récit
ch1_p37_s7_c0,maman
ch1_p37_s7_c0,voix
ch1_p37_s7_c0,scène
ch1_p37_s7_c0,amour
ch1_p37_s8_c0,changement
ch1_p37_s8_c0,attitude
ch1_p37_s8_c0,meunière
ch1_p37_s8_c0,enfant
ch1_p37_s8_c0,explication
ch1_p37_s8_c0,progrès
ch1_p37_s8_c0,amour
ch1_p37_s8_c0,mystère
ch1_p37_s8_c0,volontier
ch1_p37_s8_c0,source
ch1_p37_s8_c0,nom
ch1_p37_s8_c0,champi
ch1_p37_s8_c0,enfant
ch1_p37_s8_c0,couleur
ch1_p37_s8_c0,empourprée
ch1_p37_s9_c0,mère
ch1_p37_s9_c0,lecteur
ch1_p37_s9_c0,ouvrage
ch1_p37_s9_c0,accent
ch1_p37_s9_c0,sentiment
ch1_p37_s9_c0,lecteur
ch1_p37_s9_c0,respect
ch1_p37_s9_c0,simplicité
ch1_p37_s9_c0,interprétation
ch1_p37_s9_c0,beauté
ch1_p37_s9_c0,douceur
ch1_p37_s10_c0,vie
ch1_p37_s10_c0,être
ch1_p37_s10_c0,œuvre
ch1_p37_s10_c0,art
ch1_p37_s10_c0,attendrissement
ch1_p37_s10_c0,admiration
ch1_p37_s10_c0,déférence
ch1_p37_s10_c0,voix
ch1_p37_s10_c0,geste
ch1_p37_s10_c0,propos
ch1_p37_s10_c0,éclat
ch1_p37_s10_c0,gaîté
ch1_p37_s10_c0,mal
ch1_p37_s10_c0,mère
ch1_p37_s10_c0,enfant
ch1_p37_s10_c0,rappel
ch1_p37_s10_c0,fête
ch1_p37_s10_c0,anniversaire
ch1_p37_s10_c0,vieillard
ch1_p37_s10_c0,âge
ch1_p37_s10_c1,propos
ch1_p37_s10_c1,ménage
ch1_p37_s11_c0,prose
ch1_p37_s11_c0,george
ch1_p37_s11_c0,sand
ch1_p37_s11_c0,bonté
ch1_p37_s11_c0,distinction
ch1_p37_s11_c0,maman
ch1_p37_s11_c0,vie
ch1_p37_s11_c0,livre
ch1_p37_s11_c0,voix
ch1_p37_s11_c0,petitesse
ch1_p37_s11_c0,affectation
ch1_p37_s11_c0,flot
ch1_p37_s11_c0,tendresse
ch1_p37_s11_c1,douceur
ch1_p37_s11_c1,phrase
ch1_p37_s11_c1,voix
ch1_p37_s11_c1,registre
ch1_p37_s11_c1,sensibilité
ch1_p37_s12_c0,accent
ch1_p37_s12_c0,mot
ch1_p37_s12_c0,grâce
ch1_p37_s12_c0,passage
ch1_p37_s12_c0,crudité
ch1_p37_s12_c0,temps
ch1_p37_s12_c0,verbe
ch1_p37_s12_c0,passé
ch1_p37_s12_c0,douceur
ch1_p37_s12_c0,bonté
ch1_p37_s12_c0,mélancolie
ch1_p37_s12_c0,tendresse
ch1_p37_s12_c0,phrase
ch1_p37_s12_c1,marche
ch1_p37_s12_c1,syllabe
ch1_p37_s12_c1,quantité
ch1_p37_s12_c1,rythme
ch1_p37_s12_c1,prose
ch1_p37_s12_c1,commune
ch1_p37_s12_c1,sorte
ch1_p37_s12_c1,vie
ch1_p38_s0_c0,remords
ch1_p38_s0_c0,douceur
ch1_p38_s0_c0,nuit
ch1_p38_s0_c0,mère
ch1_p38_s1_c0,nuit
ch1_p38_s1_c0,désir
ch1_p38_s1_c0,monde
ch1_p38_s1_c0,mère
ch1_p38_s1_c0,chambre
ch1_p38_s1_c0,heure
ch1_p38_s1_c0,opposition
ch1_p38_s1_c0,nécessité
ch1_p38_s1_c0,vie
ch1_p38_s1_c0,vœu
ch1_p38_s1_c0,accomplissement
ch1_p38_s1_c0,soir
ch1_p38_s1_c0,chose
ch1_p38_s1_c0,factice
ch1_p38_s2_c0,angoisse
ch1_p38_s2_c0,maman
ch1_p38_s3_c0,angoisse
ch1_p38_s3_c0,comprenai
ch1_p38_s3_c0,soir
ch1_p38_s3_c0,temps
ch1_p38_s3_c0,temps
ch1_p38_s3_c0,pouvoir
ch1_p38_s3_c0,chose
ch1_p38_s3_c0,volonté
ch1_p38_s3_c0,intervalle
ch1_p40_s0_c0,nuit
ch1_p40_s0_c0,combray
ch1_p40_s0_c0,revi
ch1_p40_s0_c0,sorte
ch1_p40_s0_c0,pan
ch1_p40_s0_c0,milieu
ch1_p40_s0_c0,ténèbre
ch1_p40_s0_c0,embrasement
ch1_p40_s0_c0,feu
ch1_p40_s0_c0,bengale
ch1_p40_s0_c0,projection
ch1_p40_s0_c0,édifice
ch1_p40_s0_c0,party
ch1_p40_s0_c0,nuit
ch1_p40_s0_c0,base
ch1_p40_s0_c0,salon
ch1_p40_s0_c0,salle
ch1_p40_s0_c1,amorce
ch1_p40_s0_c1,allée
ch1_p40_s0_c1,swann
ch1_p40_s0_c1,auteur
ch1_p40_s0_c1,tristesse
ch1_p40_s0_c1,vestibule
ch1_p40_s0_c1,marche
ch1_p40_s0_c1,escalier
ch1_p40_s0_c1,tronc
ch1_p40_s0_c1,pyramide
ch1_p40_s0_c1,faîte
ch1_p40_s0_c1,chambre
ch1_p40_s0_c1,couloir
ch1_p40_s0_c1,entrée
ch1_p40_s0_c1,maman
ch1_p40_s0_c1,mot
ch1_p40_s0_c1,heure
ch1_p40_s0_c2,obscurité
ch1_p40_s0_c2,décor
ch1_p40_s0_c2,tête
ch1_p40_s0_c2,pièce
ch1_p40_s0_c2,représentation
ch1_p40_s0_c2,province
ch1_p40_s0_c2,drame
ch1_p40_s0_c2,déshabillage
ch1_p40_s0_c2,combray
ch1_p40_s0_c2,étage
ch1_p40_s0_c2,escalier
ch1_p40_s0_c2,heure
ch1_p40_s0_c2,soir
ch1_p40_s1_c0,combray
ch1_p40_s1_c0,chose
ch1_p40_s1_c0,heure
ch1_p40_s2_c0,mémoire
ch1_p40_s2_c0,mémoire
ch1_p40_s2_c0,intelligence
ch1_p40_s2_c0,renseignement
ch1_p40_s2_c0,passé
ch1_p40_s2_c0,envie
ch1_p40_s2_c0,combray
ch1_p40_s3_c0,réalité
ch1_p41_s0_c0,mort
ch1_p42_s0_c0,hasard
ch1_p42_s0_c0,hasard
ch1_p42_s0_c0,mort
ch1_p42_s0_c0,faveur
ch1_p43_s0_c0,croyance
ch1_p43_s0_c0,âme
ch1_p43_s0_c0,bête
ch1_p43_s0_c0,végétal
ch1_p43_s0_c0,chose
ch1_p43_s0_c0,jour
ch1_p43_s0_c0,arbre
ch1_p43_s0_c0,possession
ch1_p43_s0_c0,objet
ch1_p43_s0_c0,prison
ch1_p43_s1_c0,enchantement
ch1_p43_s2_c0,délivrées
ch1_p43_s2_c0,mort
ch1_p44_s0_c0,passé
ch1_p44_s1_c0,peine
ch1_p44_s1_c0,effort
ch1_p44_s1_c0,intelligence
ch1_p44_s2_c0,domaine
ch1_p44_s2_c0,portée
ch1_p44_s2_c0,objet
ch1_p44_s2_c0,sensation
ch1_p44_s2_c0,objet
ch1_p44_s3_c0,objet
ch1_p44_s3_c0,hasard
ch1_p44_s3_c0,rencontrer
ch1_p45_s0_c0,année
ch1_p45_s0_c0,combray
ch1_p45_s0_c0,théâtre
ch1_p45_s0_c0,drame
ch1_p45_s0_c0,coucher
ch1_p45_s0_c0,jour
ch1_p45_s0_c0,hiver
ch1_p45_s0_c0,maison
ch1_p45_s0_c0,mère
ch1_p45_s0_c0,habitude
ch1_p45_s0_c0,thé
ch1_p45_s2_c0,gâteau
ch1_p45_s2_c0,madeleine
ch1_p45_s2_c0,valve
ch1_p45_s2_c0,coquille
ch1_p45_s3_c0,journée
ch1_p45_s3_c0,perspective
ch1_p45_s3_c0,lendemain
ch1_p45_s3_c0,lèvre
ch1_p45_s3_c0,cuillerée
ch1_p45_s3_c0,thé
ch1_p45_s3_c0,morceau
ch1_p45_s3_c0,madeleine
ch1_p45_s4_c0,instant
ch1_p45_s4_c0,gorgée
ch1_p45_s4_c0,mêlée
ch1_p45_s4_c0,miette
ch1_p45_s4_c0,gâteau
ch1_p45_s4_c0,palais
ch1_p45_s5_c0,plaisir
ch1_p45_s5_c0,notion
ch1_p45_s5_c0,cause
ch1_p45_s6_c0,vicissitude
ch1_p45_s6_c0,vie
ch1_p45_s6_c0,désastre
ch1_p45_s6_c0,brièveté
ch1_p45_s6_c0,amour
ch1_p45_s6_c0,essence
ch1_p45_s6_c0,essence
ch1_p45_s7_c0,contingent
ch1_p45_s8_c0,joie
ch1_p45_s9_c0,goût
ch1_p45_s9_c0,thé
ch1_p45_s9_c0,gâteau
ch1_p45_s9_c0,nature
ch1_p45_s13_c0,gorgée
ch1_p45_s14_c0,temps
ch1_p45_s14_c0,vertu
ch1_p45_s14_c0,breuvage
ch1_p45_s15_c0,vérité
ch1_p45_s16_c0,indéfiniment
ch1_p45_s16_c0,force
ch1_p45_s16_c0,témoignage
ch1_p45_s16_c0,disposition
ch1_p45_s16_c0,heure
ch1_p45_s16_c0,éclaircissement
ch1_p45_s17_c0,tasse
ch1_p45_s17_c0,esprit
ch1_p45_s18_c0,vérité
ch1_p45_s20_c0,incertitude
ch1_p45_s20_c0,fois
ch1_p45_s20_c0,esprit
ch1_p45_s20_c0,chercheur
ch1_p45_s20_c0,ensemble
ch1_p45_s20_c0,pays
ch1_p45_s20_c0,bagage
ch1_p45_s23_c0,face
ch1_p45_s23_c0,chose
ch1_p45_s23_c0,lumière
ch1_p46_s0_c0,état
ch1_p46_s0_c0,preuve
ch1_p46_s0_c0,évidence
ch1_p46_s0_c0,félicité
ch1_p46_s0_c0,réalité
ch1_p46_s2_c0,pensée
ch1_p46_s2_c0,moment
ch1_p46_s2_c0,cuillerée
ch1_p46_s2_c0,thé
ch1_p46_s3_c0,état
ch1_p46_s3_c0,clarté
ch1_p46_s4_c0,esprit
ch1_p46_s4_c0,effort
ch1_p46_s4_c0,fois
ch1_p46_s4_c0,sensation
ch1_p46_s5_c0,élan
ch1_p46_s5_c0,obstacle
ch1_p46_s5_c0,idée
ch1_p46_s5_c0,oreille
ch1_p46_s5_c0,attention
ch1_p46_s5_c0,bruit
ch1_p46_s5_c0,chambre
ch1_p46_s6_c0,esprit
ch1_p46_s6_c0,fatigue
ch1_p46_s6_c0,force
ch1_p46_s6_c0,contraire
ch1_p46_s6_c0,distraction
ch1_p46_s6_c0,chose
ch1_p46_s6_c0,tentative
ch1_p46_s7_c0,fois
ch1_p46_s7_c0,vide
ch1_p46_s7_c0,face
ch1_p46_s7_c0,saveur
ch1_p46_s7_c0,gorgée
ch1_p46_s7_c0,chose
ch1_p46_s7_c0,chose
ch1_p46_s7_c0,désancré
ch1_p46_s7_c0,profondeur
ch1_p46_s7_c0,résistance
ch1_p46_s7_c0,rumeur
ch1_p46_s7_c0,distance
ch1_p47_s0_c0,fond
ch1_p47_s0_c0,image
ch1_p47_s0_c0,souvenir
ch1_p47_s0_c0,saveur
ch1_p47_s1_c0,débat
ch1_p47_s1_c0,peine
ch1_p47_s1_c0,reflet
ch1_p47_s1_c0,couleur
ch1_p47_s1_c0,forme
ch1_p47_s1_c0,interprète
ch1_p47_s1_c0,témoignage
ch1_p47_s1_c0,contemporaine
ch1_p47_s1_c0,compagne
ch1_p47_s1_c0,saveur
ch1_p47_s1_c0,circonstance
ch1_p47_s1_c0,époque
ch1_p47_s1_c0,passé
ch1_p48_s0_c0,surface
ch1_p48_s0_c0,conscience
ch1_p48_s0_c0,souvenir
ch1_p48_s0_c0,instant
ch1_p48_s0_c0,attraction
ch1_p48_s0_c0,instant
ch1_p48_s0_c0,fond
ch1_p48_s2_c0,nuit
ch1_p48_s3_c0,fois
ch1_p48_s4_c0,fois
ch1_p48_s4_c0,lâcheté
ch1_p48_s4_c0,tâche
ch1_p48_s4_c0,œuvre
ch1_p48_s4_c0,thé
ch1_p48_s4_c0,ennui
ch1_p48_s4_c0,désir
ch1_p48_s4_c0,peine
ch1_p49_s0_c0,coup
ch1_p49_s0_c0,souvenir
ch1_p49_s1_c0,goût
ch1_p49_s1_c0,morceau
ch1_p49_s1_c0,madeleine
ch1_p49_s1_c0,dimanche
ch1_p49_s1_c0,matin
ch1_p49_s1_c0,combray
ch1_p49_s1_c0,jour
ch1_p49_s1_c0,heure
ch1_p49_s1_c0,messe
ch1_p49_s1_c0,bonjour
ch1_p49_s1_c0,chambre
ch1_p49_s1_c0,tante
ch1_p49_s1_c0,léonie
ch1_p49_s1_c0,infusion
ch1_p49_s1_c0,thé
ch1_p49_s1_c0,tilleul
ch1_p49_s2_c0,vue
ch1_p49_s2_c0,madeleine
ch1_p49_s2_c0,aperçu
ch1_p49_s2_c0,tablette
ch1_p49_s2_c0,pâtissier
ch1_p49_s2_c0,image
ch1_p49_s2_c0,jour
ch1_p49_s2_c0,combray
ch1_p49_s2_c0,souvenir
ch1_p49_s2_c0,mémoire
ch1_p49_s2_c0,forme
ch1_p49_s2_c1,coquillage
ch1_p49_s2_c1,pâtisserie
ch1_p49_s2_c1,grassement
ch1_p49_s2_c1,plissage
ch1_p49_s2_c1,ensommeillé
ch1_p49_s2_c1,force
ch1_p49_s2_c1,expansion
ch1_p49_s2_c1,conscience
ch1_p49_s3_c0,passé
ch1_p49_s3_c0,mort
ch1_p49_s3_c0,être
ch1_p49_s3_c0,destruction
ch1_p49_s3_c0,chose
ch1_p49_s3_c0,vivace
ch1_p49_s3_c0,odeur
ch1_p49_s3_c0,saveur
ch1_p49_s3_c0,âme
ch1_p49_s3_c0,ruine
ch1_p49_s3_c0,gouttelette
ch1_p49_s3_c0,édifice
ch1_p49_s3_c0,souvenir
ch1_p50_s0_c0,goût
ch1_p50_s0_c0,morceau
ch1_p50_s0_c0,madeleine
ch1_p50_s0_c0,tilleul
ch1_p50_s0_c0,tante
ch1_p50_s0_c0,souvenir
ch1_p50_s0_c0,maison
ch1_p50_s0_c0,rue
ch1_p50_s0_c0,chambre
ch1_p50_s0_c0,décor
ch1_p50_s0_c0,théâtre
ch1_p50_s0_c0,pavillon
ch1_p50_s0_c0,jardin
ch1_p50_s0_c1,parent
ch1_p50_s0_c1,derrière
ch1_p50_s0_c1,pan
ch1_p50_s0_c1,maison
ch1_p50_s0_c1,ville
ch1_p50_s0_c1,place
ch1_p50_s0_c1,déjeuner
ch1_p50_s0_c1,rue
ch1_p50_s0_c1,course
ch1_p50_s0_c1,matin
ch1_p50_s0_c1,soir
ch1_p50_s0_c1,temps
ch1_p50_s0_c1,chemin
ch1_p50_s0_c1,temps
ch1_p50_s1_c0,jeu
ch1_p50_s1_c0,japonais
ch1_p50_s1_c0,bol
ch1_p50_s1_c0,porcelaine
ch1_p50_s1_c0,eau
ch1_p50_s1_c0,morceau
ch1_p50_s1_c0,papier
ch1_p50_s1_c0,peine
ch1_p50_s1_c0,fleur
ch1_p50_s1_c0,maison
ch1_p50_s1_c0,personnage
ch1_p50_s1_c0,fleur
ch1_p50_s1_c0,jardin
ch1_p50_s1_c0,parc
ch1_p50_s1_c0,swann
ch1_p50_s1_c0,nymphéa
ch1_p50_s1_c0,vivonne
ch1_p50_s1_c1,village
ch1_p50_s1_c1,logis
ch1_p50_s1_c1,église
ch1_p50_s1_c1,combray
ch1_p50_s1_c1,environ
ch1_p50_s1_c1,forme
ch1_p50_s1_c1,solidité
ch1_p50_s1_c1,ville
ch1_p50_s1_c1,jardin
ch1_p50_s1_c1,tasse
ch1_p50_s1_c1,thé
ch1_p52_s0_c0,combray
ch1_p52_s0_c0,lieue
ch1_p52_s0_c0,ronde
ch1_p52_s0_c0,chemin
ch1_p52_s0_c0,fer
ch1_p52_s0_c0,semaine
ch1_p52_s0_c0,pâques
ch1_p52_s0_c0,église
ch1_p52_s0_c0,ville
ch1_p52_s0_c0,représentant
ch1_p52_s0_c0,lointain
ch1_p52_s0_c0,mante
ch1_p52_s0_c0,champ
ch1_p52_s0_c0,vent
ch1_p52_s0_c0,pastoure
ch1_p52_s0_c1,dos
ch1_p52_s0_c1,maison
ch1_p52_s0_c1,rempart
ch1_p52_s0_c1,moyen
ch1_p52_s0_c1,âge
ch1_p52_s0_c1,trait
ch1_p52_s0_c1,ville
ch1_p52_s0_c1,tableau
ch1_p52_s1_c0,combray
ch1_p52_s1_c0,rue
ch1_p52_s1_c0,maison
ch1_p52_s1_c0,pierre
ch1_p52_s1_c0,pays
ch1_p52_s1_c0,degré
ch1_p52_s1_c0,coiffée
ch1_p52_s1_c0,pignon
ch1_p52_s1_c0,ombre
ch1_p52_s1_c0,jour
ch1_p52_s1_c0,rideau
ch1_p52_s1_c0,salle
ch1_p52_s1_c0,rue
ch1_p52_s1_c0,nom
ch1_p52_s1_c0,saint
ch1_p52_s1_c0,seigneur
ch1_p52_s1_c0,combray
ch1_p52_s1_c0,rue
ch1_p52_s1_c1,rue
ch1_p52_s1_c1,maison
ch1_p52_s1_c1,tante
ch1_p52_s1_c1,rue
ch1_p52_s1_c1,grille
ch1_p52_s1_c1,rue
ch1_p52_s1_c1,porte
ch1_p52_s1_c1,jardin
ch1_p52_s1_c1,rue
ch1_p52_s1_c1,combray
ch1_p52_s1_c1,partie
ch1_p52_s1_c1,mémoire
ch1_p52_s1_c1,reculée
ch1_p52_s1_c1,couleur
ch1_p52_s1_c1,monde
ch1_p52_s1_c1,vérité
ch1_p52_s1_c1,église
ch1_p52_s1_c1,place
ch1_p52_s1_c2,projection
ch1_p52_s1_c2,lanterne
ch1_p52_s1_c2,moment
ch1_p52_s1_c2,rue
ch1_p52_s1_c2,chambre
ch1_p52_s1_c2,rue
ch1_p52_s1_c2,oiseau
ch1_p52_s1_c2,hôtellerie
ch1_p52_s1_c2,oiseau
ch1_p52_s1_c2,flesché
ch1_p52_s1_c2,soupirail
ch1_p52_s1_c2,odeur
ch1_p52_s1_c2,cuisine
ch1_p52_s1_c2,moment
ch1_p52_s1_c2,intermittent
ch1_p52_s1_c3,entrée
ch1_p52_s1_c3,contact
ch1_p52_s1_c3,connaissance
ch1_p52_s1_c3,golo
ch1_p52_s1_c3,geneviève
ch1_p52_s1_c3,brabant
ch1_p53_s0_c0,cousin
ch1_p53_s0_c0,habition
ch1_p53_s0_c0,mère
ch1_p53_s0_c0,tante
ch1_p53_s0_c0,léonie
ch1_p53_s0_c0,mort
ch1_p53_s0_c0,mari
ch1_p53_s0_c0,oncle
ch1_p53_s0_c0,octave
ch1_p53_s0_c0,combray
ch1_p53_s0_c0,combray
ch1_p53_s0_c0,maison
ch1_p53_s0_c0,chambre
ch1_p53_s0_c0,lit
ch1_p53_s0_c0,état
ch1_p53_s0_c0,chagrin
ch1_p53_s0_c0,débilité
ch1_p53_s0_c0,maladie
ch1_p53_s0_c0,idée
ch1_p53_s0_c0,dévotion
ch1_p53_s1_c0,appartement
ch1_p53_s1_c0,rue
ch1_p53_s1_c0,opposition
ch1_p53_s1_c0,milieu
ch1_p53_s1_c0,ville
ch1_p53_s1_c0,rue
ch1_p53_s1_c0,marche
ch1_p53_s1_c0,grès
ch1_p53_s1_c0,défilé
ch1_p53_s1_c0,tailleur
ch1_p53_s1_c0,image
ch1_p53_s1_c0,pierre
ch1_p53_s1_c0,crèche
ch1_p53_s1_c0,calvaire
ch1_p53_s2_c0,tante
ch1_p53_s2_c0,chambre
ch1_p53_s3_c0,chambre
ch1_p53_s3_c0,province
ch1_p53_s3_c0,pays
ch1_p53_s3_c0,party
ch1_p53_s3_c0,air
ch1_p53_s3_c0,mer
ch1_p53_s3_c0,myriade
ch1_p53_s3_c0,protozoaire
ch1_p53_s3_c0,odeur
ch1_p53_s3_c0,vertu
ch1_p53_s3_c0,sagesse
ch1_p53_s3_c0,habitude
ch1_p53_s3_c0,vie
ch1_p53_s3_c0,atmosphère
ch1_p53_s3_c0,suspens
ch1_p53_s3_c0,odeur
ch1_p53_s3_c1,couleur
ch1_p53_s3_c1,temps
ch1_p53_s3_c1,campagne
ch1_p53_s3_c1,gelée
ch1_p53_s3_c1,fruit
ch1_p53_s3_c1,année
ch1_p53_s3_c1,verger
ch1_p53_s3_c1,armoire
ch1_p53_s3_c1,piquant
ch1_p53_s3_c1,gelée
ch1_p53_s3_c1,douceur
ch1_p53_s3_c1,pain
ch1_p53_s3_c1,horloge
ch1_p53_s3_c1,village
ch1_p53_s3_c1,flâneur
ch1_p53_s3_c1,rangée
ch1_p53_s3_c1,insoucieuse
ch1_p53_s3_c1,lingère
ch1_p53_s3_c1,matinale
ch1_p53_s3_c1,dévot
ch1_p53_s3_c2,paix
ch1_p53_s3_c2,surcroît
ch1_p53_s3_c2,anxiété
ch1_p53_s3_c2,prosaïsme
ch1_p53_s3_c2,réservoir
ch1_p53_s3_c2,poésie
ch1_p53_s4_c0,air
ch1_p53_s4_c0,fleur
ch1_p53_s4_c0,silence
ch1_p53_s4_c0,nourricier
ch1_p53_s4_c0,sorte
ch1_p53_s4_c0,gourmandise
ch1_p53_s4_c0,matin
ch1_p53_s4_c0,semaine
ch1_p53_s4_c0,pâques
ch1_p53_s4_c0,combray
ch1_p53_s4_c0,bonjour
ch1_p53_s4_c0,tante
ch1_p53_s4_c0,instant
ch1_p53_s4_c0,pièce
ch1_p53_s4_c0,soleil
ch1_p53_s4_c0,hiver
ch1_p53_s4_c0,feu
ch1_p53_s4_c1,brique
ch1_p53_s4_c1,chambre
ch1_p53_s4_c1,odeur
ch1_p53_s4_c1,suie
ch1_p53_s4_c1,devant
ch1_p53_s4_c1,four
ch1_p53_s4_c1,campagne
ch1_p53_s4_c1,manteau
ch1_p53_s4_c1,cheminée
ch1_p53_s4_c1,château
ch1_p53_s4_c1,pluie
ch1_p53_s4_c1,neige
ch1_p53_s4_c1,catastrophe
ch1_p53_s4_c1,confort
ch1_p53_s4_c1,réclusion
ch1_p53_s4_c1,poésie
ch1_p53_s4_c1,hivernage
ch1_p53_s4_c1,dieu
ch1_p53_s4_c1,fauteuil
ch1_p53_s4_c1,velours
ch1_p53_s4_c2,appui
ch1_p53_s4_c2,tête
ch1_p53_s4_c2,crochet
ch1_p53_s4_c2,feu
ch1_p53_s4_c2,pâte
ch1_p53_s4_c2,air
ch1_p53_s4_c2,chambre
ch1_p53_s4_c2,grumeleux
ch1_p53_s4_c2,fraîcheur
ch1_p53_s4_c2,ensoleillée
ch1_p53_s4_c2,matin
ch1_p53_s4_c2,godait
ch1_p53_s4_c2,boursouflait
ch1_p53_s4_c2,gâteau
ch1_p53_s4_c2,immense
ch1_p53_s4_c2,chausson
ch1_p53_s4_c2,peine
ch1_p53_s4_c2,arôme
ch1_p53_s4_c3,placard
ch1_p53_s4_c3,commode
ch1_p53_s4_c3,papier
ch1_p53_s4_c3,ramage
ch1_p53_s4_c3,convoitise
ch1_p53_s4_c3,odeur
ch1_p53_s4_c3,poisseuse
ch1_p53_s4_c3,fleur
ch1_p54_s0_c0,chambre
ch1_p54_s0_c0,tante
ch1_p54_s1_c0,tête
ch1_p54_s1_c0,chose
ch1_p54_s1_c0,chose
ch1_p54_s1_c0,gorge
ch1_p54_s1_c0,sang
ch1_p54_s1_c0,étouffement
ch1_p54_s1_c0,angoisse
ch1_p54_s1_c1,inertie
ch1_p54_s1_c1,sensation
ch1_p54_s1_c1,importance
ch1_p54_s1_c1,douait
ch1_p54_s1_c1,motilité
ch1_p54_s1_c1,défaut
ch1_p54_s1_c1,monologue
ch1_p54_s1_c1,forme
ch1_p54_s1_c1,activité
ch1_p54_s2_c0,habitude
ch1_p54_s2_c0,attention
ch1_p54_s2_c0,chambre
ch1_p54_s2_c0,voisin
ch1_p54_s2_c0,prétention
ch1_p54_s2_c0,langage
ch1_p54_s2_c0,respect
ch1_p54_s2_c0,trace
ch1_p54_s2_c0,matin
ch1_p54_s2_c0,françoise
ch1_p54_s2_c0,tante
ch1_p54_s2_c0,somme
ch1_p54_s2_c0,journée
ch1_p55_s0_c0,bout
ch1_p55_s0_c0,moment
ch1_p55_s0_c0,françoise
ch1_p55_s0_c0,thé
ch1_p55_s0_c0,tante
ch1_p55_s0_c0,place
ch1_p55_s0_c0,tisane
ch1_p55_s0_c0,sac
ch1_p55_s0_c0,pharmacie
ch1_p55_s0_c0,assiette
ch1_p55_s0_c0,quantité
ch1_p55_s0_c0,tilleul
ch1_p55_s0_c0,eau
ch1_p55_s1_c0,dessèchement
ch1_p55_s1_c0,tige
ch1_p55_s1_c0,treillage
ch1_p55_s1_c0,entrelacs
ch1_p55_s1_c0,fleur
ch1_p55_s1_c0,peintre
ch1_p55_s2_c0,feuille
ch1_p55_s2_c0,aspect
ch1_p55_s2_c0,air
ch1_p55_s2_c0,chose
ch1_p55_s2_c0,aile
ch1_p55_s2_c0,mouche
ch1_p55_s2_c0,étiquette
ch1_p55_s2_c0,pétale
ch1_p55_s2_c0,rose
ch1_p55_s2_c0,confection
ch1_p55_s2_c0,nid
ch1_p55_s3_c0,détail
ch1_p55_s3_c0,prodigalité
ch1_p55_s3_c0,pharmacien
ch1_p55_s3_c0,préparation
ch1_p55_s3_c0,livre
ch1_p55_s3_c0,nom
ch1_p55_s3_c0,connaissance
ch1_p55_s3_c0,plaisir
ch1_p55_s3_c0,tige
ch1_p55_s3_c0,tilleul
ch1_p55_s3_c0,avenue
ch1_p55_s3_c0,gare
ch1_p55_s3_c0,double
ch1_p55_s4_c0,caractère
ch1_p55_s4_c0,métamorphose
ch1_p55_s4_c0,caractère
ch1_p55_s4_c0,boule
ch1_p55_s4_c0,bouton
ch1_p55_s4_c0,terme
ch1_p55_s4_c0,éclat
ch1_p55_s4_c0,fleur
ch1_p55_s4_c0,forêt
ch1_p55_s4_c0,tige
ch1_p55_s4_c0,rose
ch1_p55_s4_c0,signe
ch1_p55_s4_c0,lueur
ch1_p55_s4_c0,muraille
ch1_p55_s4_c0,place
ch1_p55_s4_c0,fresque
ch1_p55_s4_c1,différence
ch1_p55_s4_c1,party
ch1_p55_s4_c1,arbre
ch1_p55_s4_c1,couleur
ch1_p55_s4_c1,pétale
ch1_p55_s4_c1,sac
ch1_p55_s4_c1,pharmacie
ch1_p55_s4_c1,soir
ch1_p55_s4_c1,printemps
ch1_p55_s5_c0,flamme
ch1_p55_s5_c0,cierge
ch1_p55_s5_c0,couleur
ch1_p55_s5_c0,demi
ch1_p55_s5_c0,vie
ch1_p55_s5_c0,crépuscule
ch1_p55_s5_c0,fleur
ch1_p55_s6_c0,tante
ch1_p55_s6_c0,infusion
ch1_p55_s6_c0,goût
ch1_p55_s6_c0,feuille
ch1_p55_s6_c0,fleur
ch1_p55_s6_c0,madeleine
ch1_p55_s6_c0,morceau
ch1_p56_s0_c0,côté
ch1_p56_s0_c0,lit
ch1_p56_s0_c0,jaune
ch1_p56_s0_c0,bois
ch1_p56_s0_c0,citronnier
ch1_p56_s0_c0,table
ch1_p56_s0_c0,fois
ch1_p56_s0_c0,officine
ch1_p56_s0_c0,maître
ch1_p56_s0_c0,autel
ch1_p56_s0_c0,statuette
ch1_p56_s0_c0,vierge
ch1_p56_s0_c0,bouteille
ch1_p56_s0_c0,vichy
ch1_p56_s0_c0,célestins
ch1_p56_s0_c0,livre
ch1_p56_s0_c0,messe
ch1_p56_s0_c0,ordonnance
ch1_p56_s0_c0,médicament
ch1_p56_s0_c0,lit
ch1_p56_s0_c0,office
ch1_p56_s0_c0,régime
ch1_p56_s0_c0,heure
ch1_p56_s0_c0,pepsine
ch1_p56_s0_c0,vêpres
ch1_p56_s1_c0,côté
ch1_p56_s1_c0,lit
ch1_p56_s1_c0,fenêtre
ch1_p56_s1_c0,rue
ch1_p56_s1_c0,oeil
ch1_p56_s1_c0,matin
ch1_p56_s1_c0,soir
ch1_p56_s1_c0,prince
ch1_p56_s1_c0,chronique
ch1_p56_s1_c0,combray
ch1_p56_s1_c0,françoise
ch1_p57_s0_c0,tante
ch1_p57_s0_c0,minute
ch1_p57_s0_c0,peur
ch1_p57_s0_c0,fatigue
ch1_p57_s1_c0,lèvre
ch1_p57_s1_c0,front
ch1_p57_s1_c0,heure
ch1_p57_s1_c0,cheveu
ch1_p57_s1_c0,vertèbre
ch1_p57_s1_c0,pointe
ch1_p57_s1_c0,couronne
ch1_p57_s1_c0,épine
ch1_p57_s1_c0,grain
ch1_p57_s1_c0,rosaire
ch1_p57_s1_c0,enfant
ch1_p57_s1_c0,messe
ch1_p57_s1_c0,rencontre
ch1_p57_s1_c0,françoise
ch1_p57_s1_c1,besoin
ch1_p58_s0_c0,françoise
ch1_p58_s0_c0,année
ch1_p58_s0_c0,service
ch1_p58_s0_c0,jour
ch1_p58_s0_c0,mois
ch1_p58_s1_c0,enfance
ch1_p58_s1_c0,combray
ch1_p58_s1_c0,tante
ch1_p58_s1_c0,léonie
ch1_p58_s1_c0,hiver
ch1_p58_s1_c0,paris
ch1_p58_s1_c0,mère
ch1_p58_s1_c0,temps
ch1_p58_s1_c0,françoise
ch1_p58_s1_c0,janvier
ch1_p58_s1_c0,mère
ch1_p58_s1_c0,main
ch1_p58_s1_c0,pièce
ch1_p58_s1_c0,franc
ch1_p58_s2_c0,attends
ch1_p58_s2_c0,bonjour
ch1_p58_s2_c0,françoise
ch1_p58_s2_c0,temps
ch1_p58_s2_c0,bras
ch1_p58_s3_c0,peine
ch1_p58_s3_c0,antichambre
ch1_p58_s3_c0,tante
ch1_p58_s3_c0,ombre
ch1_p58_s3_c0,tuyau
ch1_p58_s3_c0,bonnet
ch1_p58_s3_c0,sucre
ch1_p58_s3_c0,remous
ch1_p58_s3_c0,sourire
ch1_p58_s3_c0,reconnaissance
ch1_p58_s4_c0,françoise
ch1_p58_s4_c0,encadrement
ch1_p58_s4_c0,porte
ch1_p58_s4_c0,corridor
ch1_p58_s4_c0,statue
ch1_p58_s4_c0,niche
ch1_p58_s5_c0,ténèbre
ch1_p58_s5_c0,chapelle
ch1_p58_s5_c0,visage
ch1_p58_s5_c0,amour
ch1_p58_s5_c0,humanité
ch1_p58_s5_c0,respect
ch1_p58_s5_c0,classe
ch1_p58_s5_c0,région
ch1_p58_s5_c0,cœur
ch1_p58_s5_c0,espoir
ch1_p58_s5_c0,étrenne
ch1_p58_s6_c0,maman
ch1_p58_s6_c0,bras
ch1_p58_s6_c0,violence
ch1_p58_s6_c0,voix
ch1_p58_s6_c0,bonjour
ch1_p58_s6_c0,françoise
ch1_p58_s7_c0,signal
ch1_p58_s7_c0,doigt
ch1_p58_s7_c0,pièce
ch1_p58_s7_c0,main
ch1_p58_s8_c0,combray
ch1_p58_s8_c0,françoise
ch1_p58_s8_c0,préféré
ch1_p58_s8_c0,année
ch1_p58_s8_c0,considération
ch1_p58_s8_c0,tante
ch1_p58_s8_c0,goût
ch1_p58_s8_c0,ajoution
ch1_p58_s8_c0,prestige
ch1_p58_s8_c0,partie
ch1_p58_s8_c0,famille
ch1_p58_s8_c0,lien
ch1_p58_s8_c0,membre
ch1_p58_s8_c0,famille
ch1_p58_s8_c0,circulation
ch1_p58_s8_c0,sang
ch1_p58_s8_c0,respect
ch1_p58_s8_c0,charme
ch1_p58_s8_c0,maître
ch1_p58_s9_c0,joie
ch1_p58_s9_c0,temps
ch1_p58_s9_c0,jour
ch1_p58_s9_c0,arrivée
ch1_p58_s9_c0,veille
ch1_p58_s9_c0,pâques
ch1_p58_s9_c0,vent
ch1_p58_s9_c0,maman
ch1_p58_s9_c0,fille
ch1_p58_s9_c0,neveu
ch1_p58_s9_c0,gentil
ch1_p59_s0_c0,monde
ch1_p59_s0_c0,maman
ch1_p59_s0_c0,françoise
ch1_p59_s0_c0,parent
ch1_p59_s0_c0,mort
ch1_p59_s0_c0,année
ch1_p59_s0_c0,douceur
ch1_p59_s0_c0,détail
ch1_p59_s0_c0,vie
ch1_p60_s0_c0,françoise
ch1_p60_s0_c0,gendre
ch1_p60_s0_c0,plaisir
ch1_p60_s0_c0,fille
ch1_p60_s1_c0,françoise
ch1_p60_s1_c0,lieue
ch1_p60_s1_c0,combray
ch1_p60_s1_c0,maman
ch1_p60_s1_c0,françoise
ch1_p60_s1_c0,julien
ch1_p60_s1_c0,marguerite
ch1_p60_s1_c0,journée
ch1_p60_s1_c0,désolée
ch1_p60_s1_c0,raison
ch1_p60_s2_c0,françoise
ch1_p60_s2_c0,monsieur
ch1_p60_s2_c0,monsieur
ch1_p60_s2_c0,rayon
ch1_p60_s2_c0,x
ch1_p60_s2_c0,x
ch1_p60_s2_c0,difficulté
ch1_p60_s2_c0,sourire
ch1_p60_s2_c0,terme
ch1_p60_s2_c0,mme
ch1_p60_s2_c0,octave
ch1_p60_s2_c0,cœur
ch1_p60_s2_c1,vît
ch1_p60_s2_c1,maman
ch1_p60_s2_c1,émotion
ch1_p60_s2_c1,vie
ch1_p60_s2_c1,bonheur
ch1_p60_s2_c1,chagrin
ch1_p60_s2_c1,paysan
ch1_p60_s2_c1,intérêt
ch1_p60_s2_c1,motif
ch1_p60_s2_c1,joie
ch1_p60_s2_c1,tristesse
ch1_p60_s3_c0,tante
ch1_p60_s3_c0,séjour
ch1_p60_s3_c0,mère
ch1_p60_s3_c0,service
ch1_p60_s3_c0,heure
ch1_p60_s3_c0,matin
ch1_p60_s3_c0,cuisine
ch1_p60_s3_c0,bonnet
ch1_p60_s3_c0,tuyautage
ch1_p60_s3_c0,air
ch1_p60_s3_c0,biscuit
ch1_p60_s3_c0,cheval
ch1_p60_s3_c0,bruit
ch1_p60_s3_c0,air
ch1_p60_s3_c1,bonne
ch1_p60_s3_c1,tante
ch1_p60_s3_c1,maman
ch1_p60_s3_c1,eau
ch1_p60_s3_c1,café
ch1_p60_s3_c1,serviteur
ch1_p60_s3_c1,maison
ch1_p60_s3_c1,fois
ch1_p60_s3_c1,étranger
ch1_p60_s3_c1,peine
ch1_p60_s3_c1,conquête
ch1_p60_s3_c1,prévenance
ch1_p60_s3_c1,besoin
ch1_p60_s3_c2,revanche
ch1_p60_s3_c2,maître
ch1_p60_s3_c2,capacité
ch1_p60_s3_c2,agrément
ch1_p60_s3_c2,bavardage
ch1_p60_s3_c2,impression
ch1_p60_s3_c2,visiteur
ch1_p60_s3_c2,inéducable
ch1_p60_s3_c2,nullité
ch1_p61_s0_c0,françoise
ch1_p61_s0_c0,parent
ch1_p61_s0_c0,fois
ch1_p61_s0_c0,tante
ch1_p61_s0_c0,pepsine
ch1_p61_s0_c0,déjeuner
ch1_p61_s0_c0,avis
ch1_p61_s0_c0,explication
ch1_p61_s0_c0,événement
ch1_p61_s0_c0,importance
ch1_p62_s0_c0,françoise
ch1_p62_s0_c0,mme
ch1_p62_s0_c0,goupil
ch1_p62_s0_c0,quart
ch1_p62_s0_c0,heure
ch1_p62_s0_c0,retard
ch1_p62_s0_c0,sœur
ch1_p62_s0_c0,chemin
ch1_p62_s0_c0,point
ch1_p62_s0_c0,élévation
ch1_p63_s1_c0,françoise
ch1_p64_s0_c0,françoise
ch1_p64_s0_c0,minute
ch1_p64_s0_c0,mme
ch1_p64_s0_c0,imbert
ch1_p64_s0_c0,asperge
ch1_p64_s0_c0,fois
ch1_p64_s0_c0,mère
ch1_p64_s0_c0,callot
ch1_p64_s1_c0,année
ch1_p64_s1_c0,asperge
ch1_p64_s1_c0,sauce
ch1_p64_s1_c0,voyageur
ch1_p65_s0_c0,curé
ch1_p65_s0_c0,françoise
ch1_p66_s1_c0,pauvre
ch1_p66_s1_c0,françoise
ch1_p66_s1_c0,épaule
ch1_p66_s1_c0,curé
ch1_p66_s2_c0,asperge
ch1_p66_s3_c0,bras
ch1_p66_s4_c0,bras
ch1_p66_s4_c0,année
ch1_p67_s0_c0,françoise
ch1_p67_s0_c0,carillon
ch1_p67_s0_c0,tête
ch1_p68_s0_c0,monsieur
ch1_p68_s0_c0,octave
ch1_p69_s1_c0,pauvre
ch1_p69_s1_c0,fille
ch1_p69_s1_c0,tête
ch1_p69_s1_c0,bon
ch1_p69_s1_c0,dieu
ch1_p69_s2_c0,maguelone
ch1_p69_s2_c0,docteur
ch1_p69_s2_c0,piperaud
ch1_p69_s3_c0,suite
ch1_p69_s3_c0,rue
ch1_p69_s3_c0,oiseau
ch1_p69_s4_c0,enfant
ch1_p69_s4_c0,malade
ch1_p70_s1_c0,dieu
ch1_p70_s1_c0,françoise
ch1_p70_s1_c0,malheur
ch1_p70_s1_c0,inconnu
ch1_p70_s1_c0,partie
ch1_p70_s1_c0,monde
ch1_p71_s0_c0,françoise
ch1_p71_s0_c0,cloche
ch1_p71_s0_c0,mort
ch1_p71_s2_c0,dieu
ch1_p71_s2_c0,mme
ch1_p71_s2_c0,rousseau
ch1_p71_s3_c0,nuit
ch1_p71_s5_c0,temps
ch1_p71_s5_c0,bon
ch1_p71_s5_c0,dieu
ch1_p71_s5_c0,tête
ch1_p71_s5_c0,mort
ch1_p71_s5_c0,pauvre
ch1_p71_s5_c0,octave
ch1_p71_s6_c0,temps
ch1_p71_s6_c0,fille
ch1_p72_s0_c0,monsieur
ch1_p72_s0_c0,octave
ch1_p72_s0_c0,temps
ch1_p72_s1_c0,feu
ch1_p73_s0_c0,françoise
ch1_p73_s0_c0,tante
ch1_p73_s0_c0,ensemble
ch1_p73_s0_c0,cours
ch1_p73_s0_c0,séance
ch1_p73_s0_c0,événement
ch1_p73_s0_c0,jour
ch1_p73_s1_c0,événement
ch1_p73_s1_c0,caractère
ch1_p73_s1_c0,tante
ch1_p73_s1_c0,moment
ch1_p73_s1_c0,françoise
ch1_p73_s1_c0,coup
ch1_p73_s1_c0,sonnette
ch1_p73_s1_c0,maison
ch1_p74_s0_c0,monsieur
ch1_p74_s0_c0,octave
ch1_p74_s0_c0,heure
ch1_p74_s0_c0,pepsine
ch1_p74_s0_c0,françoise
ch1_p74_s1_c0,faiblesse
ch1_p75_s0_c0,françoise
ch1_p75_s0_c0,tante
ch1_p75_s0_c0,moment
ch1_p75_s0_c0,faiblesse
ch1_p75_s0_c0,jour
ch1_p75_s0_c0,mme
ch1_p75_s0_c0,rousseau
ch1_p75_s0_c0,temps
ch1_p75_s1_c0,croyez
ch1_p75_s1_c0,mme
ch1_p75_s1_c0,goupil
ch1_p75_s1_c0,fillette
ch1_p75_s1_c0,point
ch1_p75_s2_c0,sel
ch1_p75_s2_c0,camus
ch1_p75_s3_c0,théodore
ch1_p76_s0_c0,fille
ch1_p76_s0_c0,pupin
ch1_p76_s0_c0,françoise
ch1_p76_s0_c0,explication
ch1_p76_s0_c0,fois
ch1_p76_s0_c0,matin
ch1_p76_s0_c0,camus
ch1_p77_s0_c0,fille
ch1_p77_s0_c0,pupin
ch1_p77_s2_c0,pauvre
ch1_p77_s2_c0,françoise
ch1_p78_s0_c0,monsieur
ch1_p78_s0_c0,octave
ch1_p78_s0_c0,gamin
ch1_p78_s0_c0,pension
ch1_p78_s0_c0,jouy
ch1_p78_s1_c0,vue
ch1_p78_s1_c0,matin
ch1_p79_s1_c0,tante
ch1_p79_s2_c0,fête
ch1_p79_s4_c0,besoin
ch1_p79_s4_c0,fête
ch1_p79_s5_c0,heure
ch1_p79_s5_c0,mme
ch1_p79_s5_c0,sazerat
ch1_p79_s5_c0,sœur
ch1_p79_s5_c0,déjeuner
ch1_p79_s7_c0,galopin
ch1_p79_s7_c0,tarte
ch1_p79_s8_c0,tarte
ch1_p79_s8_c0,mme
ch1_p79_s8_c0,goupil
ch1_p80_s0_c0,instant
ch1_p80_s0_c0,mme
ch1_p80_s0_c0,goupil
ch1_p80_s0_c0,visite
ch1_p80_s0_c0,monsieur
ch1_p80_s0_c0,octave
ch1_p80_s0_c0,monde
ch1_p80_s0_c0,déjeuner
ch1_p80_s0_c0,heure
ch1_p80_s0_c0,françoise
ch1_p80_s0_c0,déjeuner
ch1_p80_s0_c0,tante
ch1_p80_s0_c0,distraction
ch1_p80_s0_c0,perspective
ch1_p81_s1_c0,midi
ch1_p81_s1_c0,tante
ch1_p81_s1_c0,pendule
ch1_p81_s1_c0,coup
ch1_p81_s1_c0,œil
ch1_p81_s1_c0,mme
ch1_p81_s1_c0,goupil
ch1_p81_s1_c0,déjeuner
ch1_p81_s1_c0,plaisir
ch1_p81_s1_c0,heure
ch1_p81_s2_c0,déjeuner
ch1_p81_s4_c0,déjeuner
ch1_p81_s4_c0,distraction
ch1_p81_s4_c0,souhaitât
ch1_p81_s4_c0,temps
ch1_p81_s5_c0,œuf
ch1_p81_s5_c0,crème
ch1_p81_s5_c0,assiette
ch1_p81_s6_c0,sujet
ch1_p81_s6_c0,tante
ch1_p81_s6_c0,repas
ch1_p81_s6_c0,légende
ch1_p81_s6_c0,jour
ch1_p81_s7_c0,lunette
ch1_p81_s7_c0,alibaba
ch1_p81_s7_c0,voleur
ch1_p81_s7_c0,aladin
ch1_p81_s7_c0,lampe
ch1_p82_s0_c0,allée
ch1_p82_s0_c0,camus
ch1_p82_s0_c0,françoise
ch1_p82_s0_c0,tante
ch1_p83_s0_c0,peine
ch1_p83_s0_c0,mlle
ch1_p83_s0_c0,pupin
ch1_p83_s1_c0,pauvre
ch1_p83_s1_c0,françoise
ch1_p84_s0_c0,tante
ch1_p84_s0_c0,françoise
ch1_p84_s0_c0,combray
ch1_p84_s0_c0,point
ch1_p84_s0_c0,dieu
ch1_p84_s0_c0,mythologie
ch1_p84_s0_c0,fois
ch1_p84_s0_c0,rue
ch1_p84_s0_c0,place
ch1_p84_s0_c0,apparition
ch1_p84_s0_c1,recherche
ch1_p84_s0_c1,personnage
ch1_p84_s0_c1,proportion
ch1_p84_s0_c1,état
ch1_p84_s0_c1,civil
ch1_p84_s0_c1,degré
ch1_p84_s0_c1,parenté
ch1_p84_s0_c1,combray
ch1_p84_s1_c0,fils
ch1_p84_s1_c0,mme
ch1_p84_s1_c0,sauton
ch1_p84_s1_c0,service
ch1_p84_s1_c0,nièce
ch1_p84_s1_c0,abbé
ch1_p84_s1_c0,perdreau
ch1_p84_s1_c0,couvent
ch1_p84_s1_c0,frère
ch1_p84_s1_c0,curé
ch1_p84_s1_c0,percepteur
ch1_p84_s1_c0,châteaudun
ch1_p84_s1_c0,retraite
ch1_p84_s1_c0,fête
ch1_p84_s2_c0,émotion
ch1_p84_s2_c0,combray
ch1_p84_s2_c0,point
ch1_p84_s2_c0,suite
ch1_p84_s3_c0,avance
ch1_p84_s3_c0,mme
ch1_p84_s3_c0,sauton
ch1_p84_s3_c0,curé
ch1_p84_s3_c0,voyageur
ch1_p84_s4_c0,soir
ch1_p84_s4_c0,promenade
ch1_p84_s4_c0,tante
ch1_p84_s4_c0,imprudence
ch1_p84_s4_c0,homme
ch1_p84_s4_c0,homme
ch1_p84_s4_c0,point
ch1_p84_s7_c0,cœur
ch1_p84_s8_c0,oncle
ch1_p84_s9_c0,homme
ch1_p84_s9_c0,point
ch1_p84_s10_c0,frère
ch1_p84_s10_c0,jardinier
ch1_p84_s10_c0,mme
ch1_p84_s10_c0,bouillebœuf
ch1_p84_s12_c0,tante
ch1_p84_s12_c0,épaule
ch1_p84_s12_c0,sourire
ch1_p84_s12_c0,homme
ch1_p84_s12_c0,point
ch1_p84_s13_c0,circonspect
ch1_p84_s13_c0,fois
ch1_p84_s13_c0,tante
ch1_p84_s13_c0,parole
ch1_p84_s14_c0,monde
ch1_p84_s14_c0,combray
ch1_p84_s14_c0,bête
ch1_p84_s14_c0,tante
ch1_p84_s14_c0,hasard
ch1_p84_s14_c0,chien
ch1_p84_s14_c0,point
ch1_p84_s14_c0,talent
ch1_p84_s14_c0,induction
ch1_p84_s14_c0,heure
ch1_p84_s14_c0,liberté
ch1_p85_s0_c0,chien
ch1_p85_s0_c0,mme
ch1_p85_s0_c0,sazerat
ch1_p85_s0_c0,françoise
ch1_p85_s0_c0,conviction
ch1_p85_s0_c0,but
ch1_p85_s0_c0,apaisement
ch1_p85_s0_c0,tante
ch1_p85_s0_c0,tête
ch1_p86_s0_c0,chien
ch1_p86_s0_c0,mme
ch1_p86_s0_c0,sazerat
ch1_p86_s1_c0,tante
ch1_p86_s1_c0,esprit
ch1_p87_s1_c0,chien
ch1_p87_s1_c0,galopin
ch1_p87_s1_c0,lisieux
ch1_p89_s0_c0,bête
ch1_p89_s0_c0,françoise
ch1_p89_s0_c0,renseignement
ch1_p89_s0_c0,théodore
ch1_p89_s0_c0,humeur
ch1_p89_s0_c0,chose
ch1_p89_s1_c0,bête
ch1_p89_s1_c0,âge
ch1_p89_s2_c0,monsieur
ch1_p89_s2_c0,octave
ch1_p89_s2_c0,temps
ch1_p89_s2_c0,heure
ch1_p89_s2_c0,fourneau
ch1_p89_s2_c0,asperge
ch1_p90_s0_c0,françoise
ch1_p90_s0_c0,asperge
ch1_p90_s1_c0,maladie
ch1_p90_s1_c0,asperge
ch1_p90_s1_c0,année
ch1_p90_s1_c0,parisien
ch1_p91_s0_c0,monsieur
ch1_p91_s0_c0,octave
ch1_p91_s1_c0,église
ch1_p91_s1_c0,appétit
ch1_p91_s1_c0,dos
ch1_p92_s0_c0,église
ch1_p92_s0_c0,temps
ch1_p92_s1_c0,allez
ch1_p92_s1_c0,déjeuner
ch1_p93_s0_c0,tante
ch1_p93_s0_c0,françoise
ch1_p93_s0_c0,parent
ch1_p93_s0_c0,messe
ch1_p93_s1_c0,église
ch1_p93_s2_c0,porche
ch1_p93_s2_c0,grêlé
ch1_p93_s2_c0,écumoire
ch1_p93_s2_c0,angle
ch1_p93_s2_c0,bénitier
ch1_p93_s2_c0,mante
ch1_p93_s2_c0,paysan
ch1_p93_s2_c0,église
ch1_p93_s2_c0,doigt
ch1_p93_s2_c0,eau
ch1_p93_s2_c0,siècle
ch1_p93_s2_c0,force
ch1_p93_s2_c1,pierre
ch1_p93_s2_c1,sillon
ch1_p93_s2_c1,trace
ch1_p93_s2_c1,roue
ch1_p93_s2_c1,carriole
ch1_p93_s2_c1,borne
ch1_p93_s2_c1,jour
ch1_p93_s3_c0,pierre
ch1_p93_s3_c0,poussière
ch1_p93_s3_c0,abbé
ch1_p93_s3_c0,combray
ch1_p93_s3_c0,chœur
ch1_p93_s3_c0,pavage
ch1_p93_s3_c0,matière
ch1_p93_s3_c0,temps
ch1_p93_s3_c0,miel
ch1_p93_s3_c0,limite
ch1_p93_s3_c0,équarrissure
ch1_p93_s3_c0,flot
ch1_p93_s3_c0,dérive
ch1_p93_s3_c0,majuscule
ch1_p93_s3_c0,fleur
ch1_p93_s3_c1,violette
ch1_p93_s3_c1,marbre
ch1_p93_s3_c1,elliptique
ch1_p93_s3_c1,inscription
ch1_p93_s3_c1,caprice
ch1_p93_s3_c1,disposition
ch1_p93_s3_c1,caractère
ch1_p93_s3_c1,lettre
ch1_p93_s3_c1,mot
ch1_p93_s4_c0,vitrail
ch1_p93_s4_c0,jour
ch1_p93_s4_c0,soleil
ch1_p93_s4_c0,sorte
ch1_p93_s4_c0,église
ch1_p93_s4_c0,grandeur
ch1_p93_s4_c0,personnage
ch1_p93_s4_c0,roi
ch1_p93_s4_c0,jeu
ch1_p93_s4_c0,carte
ch1_p93_s4_c0,dais
ch1_p93_s4_c0,ciel
ch1_p93_s4_c0,terre
ch1_p93_s4_c0,reflet
ch1_p93_s4_c0,bleu
ch1_p93_s4_c0,jour
ch1_p93_s4_c0,semaine
ch1_p93_s4_c0,midi
ch1_p93_s4_c0,office
ch1_p93_s4_c1,moment
ch1_p93_s4_c1,église
ch1_p93_s4_c1,soleil
ch1_p93_s4_c1,mobilier
ch1_p93_s4_c1,air
ch1_p93_s4_c1,hall
ch1_p93_s4_c1,pierre
ch1_p93_s4_c1,verre
ch1_p93_s4_c1,hôtel
ch1_p93_s4_c1,style
ch1_p93_s4_c1,âge
ch1_p93_s4_c1,instant
ch1_p93_s4_c1,mme
ch1_p93_s4_c1,sazerat
ch1_p93_s4_c2,prie
ch1_p93_s4_c2,dieu
ch1_p93_s4_c2,paquet
ch1_p93_s4_c2,four
ch1_p93_s4_c2,pâtissier
ch1_p93_s4_c2,face
ch1_p93_s4_c2,déjeuner
ch1_p93_s4_c2,montagne
ch1_p93_s4_c2,neige
ch1_p93_s4_c2,pied
ch1_p93_s4_c2,combat
ch1_p93_s4_c2,verrière
ch1_p93_s4_c2,trouble
ch1_p93_s4_c2,vitre
ch1_p93_s4_c2,flocon
ch1_p93_s4_c3,flocon
ch1_p93_s4_c3,aurore
ch1_p93_s4_c3,doute
ch1_p93_s4_c3,retable
ch1_p93_s4_c3,autel
ch1_p93_s4_c3,ton
ch1_p93_s4_c3,lueur
ch1_p93_s4_c3,couleur
ch1_p93_s4_c3,pierre
ch1_p93_s4_c3,argentée
ch1_p93_s4_c3,poussière
ch1_p93_s4_c3,siècle
ch1_p93_s4_c3,corde
ch1_p93_s4_c3,trame
ch1_p93_s4_c3,tapisserie
ch1_p93_s4_c3,verre
ch1_p93_s5_c0,compartiment
ch1_p93_s5_c0,centaine
ch1_p93_s5_c0,vitrail
ch1_p93_s5_c0,bleu
ch1_p93_s5_c0,jeu
ch1_p93_s5_c0,carte
ch1_p93_s5_c0,roi
ch1_p93_s5_c0,charles
ch1_p93_s5_c0,rayon
ch1_p93_s5_c0,regard
ch1_p93_s5_c0,travers
ch1_p93_s5_c0,verrière
ch1_p93_s5_c0,tour
ch1_p93_s5_c0,tour
ch1_p93_s5_c0,mouvant
ch1_p93_s5_c0,incendie
ch1_p93_s5_c0,instant
ch1_p93_s5_c0,éclat
ch1_p93_s5_c0,traîne
ch1_p93_s5_c0,paon
ch1_p93_s5_c1,pluie
ch1_p93_s5_c1,voûte
ch1_p93_s5_c1,long
ch1_p93_s5_c1,paroi
ch1_p93_s5_c1,nef
ch1_p93_s5_c1,grotte
ch1_p93_s5_c1,stalactite
ch1_p93_s5_c1,parent
ch1_p93_s5_c1,paroissien
ch1_p93_s5_c1,instant
ch1_p93_s5_c1,vitrail
ch1_p93_s5_c1,losange
ch1_p93_s5_c1,transparence
ch1_p93_s5_c1,dureté
ch1_p93_s5_c1,saphir
ch1_p93_s5_c1,pectoral
ch1_p93_s5_c2,richesse
ch1_p93_s5_c2,sourire
ch1_p93_s5_c2,soleil
ch1_p93_s5_c2,flot
ch1_p93_s5_c2,bleu
ch1_p93_s5_c2,pierreries
ch1_p93_s5_c2,pavé
ch1_p93_s5_c2,place
ch1_p93_s5_c2,paille
ch1_p93_s5_c2,marché
ch1_p93_s5_c2,dimanche
ch1_p93_s5_c2,pâques
ch1_p93_s5_c2,terre
ch1_p93_s5_c2,printemps
ch1_p93_s5_c2,successeur
ch1_p93_s5_c2,saint
ch1_p93_s5_c2,louis
ch1_p93_s5_c3,tapis
ch1_p93_s5_c3,myosotis
ch1_p93_s5_c3,verre
ch1_p94_s0_c0,tapisserie
ch1_p94_s0_c0,lice
ch1_p94_s0_c0,couronnement
ch1_p94_s0_c0,esther
ch1_p94_s0_c0,tradition
ch1_p94_s0_c0,assuérus
ch1_p94_s0_c0,trait
ch1_p94_s0_c0,roi
ch1_p94_s0_c0,france
ch1_p94_s0_c0,esther
ch1_p94_s0_c0,dame
ch1_p94_s0_c0,guermante
ch1_p94_s0_c0,couleur
ch1_p94_s0_c0,expression
ch1_p94_s0_c0,relief
ch1_p94_s0_c0,éclairage
ch1_p94_s0_c0,rose
ch1_p94_s0_c0,lèvre
ch1_p94_s0_c0,esther
ch1_p94_s0_c0,dessin
ch1_p94_s0_c0,contour
ch1_p94_s0_c0,jaune
ch1_p94_s0_c0,robe
ch1_p94_s0_c0,grassement
ch1_p94_s0_c1,sorte
ch1_p94_s0_c1,consistance
ch1_p94_s0_c1,atmosphère
ch1_p94_s0_c1,verdure
ch1_p94_s0_c1,arbre
ch1_p94_s0_c1,party
ch1_p94_s0_c1,panneau
ch1_p94_s0_c1,soie
ch1_p94_s0_c1,laine
ch1_p94_s0_c1,haut
ch1_p94_s0_c1,tronc
ch1_p94_s0_c1,branche
ch1_p94_s0_c1,jaunissant
ch1_p94_s0_c1,demi
ch1_p94_s0_c1,brusque
ch1_p94_s0_c1,illumination
ch1_p94_s0_c1,soleil
ch1_p94_s1_c0,objet
ch1_p94_s1_c0,église
ch1_p94_s1_c0,personnage
ch1_p94_s1_c0,personnage
ch1_p94_s1_c0,légende
ch1_p94_s1_c0,croix
ch1_p94_s1_c0,saint
ch1_p94_s1_c0,éloi
ch1_p94_s1_c0,dagobert
ch1_p94_s1_c0,tombeau
ch1_p94_s1_c0,fils
ch1_p94_s1_c0,louis
ch1_p94_s1_c0,germanique
ch1_p94_s1_c0,porphyre
ch1_p94_s1_c0,cuivre
ch1_p94_s1_c0,cause
ch1_p94_s1_c0,église
ch1_p94_s1_c0,chaise
ch1_p94_s1_c0,vallée
ch1_p94_s1_c0,fée
ch1_p94_s1_c1,paysan
ch1_p94_s1_c1,rocher
ch1_p94_s1_c1,arbre
ch1_p94_s1_c1,mare
ch1_p94_s1_c1,trace
ch1_p94_s1_c1,passage
ch1_p94_s1_c1,chose
ch1_p94_s1_c1,ville
ch1_p94_s1_c1,édifice
ch1_p94_s1_c1,espace
ch1_p94_s1_c1,dimension
ch1_p94_s1_c1,temps
ch1_p94_s1_c1,travers
ch1_p94_s1_c1,siècle
ch1_p94_s1_c1,vaisseau
ch1_p94_s1_c1,travée
ch1_p94_s1_c1,travée
ch1_p94_s1_c1,chapelle
ch1_p94_s1_c1,chapelle
ch1_p94_s1_c2,mètre
ch1_p94_s1_c2,époque
ch1_p94_s1_c2,siècle
ch1_p94_s1_c2,épaisseur
ch1_p94_s1_c2,mur
ch1_p94_s1_c2,cintre
ch1_p94_s1_c2,grossier
ch1_p94_s1_c2,moellon
ch1_p94_s1_c2,entaille
ch1_p94_s1_c2,porche
ch1_p94_s1_c2,escalier
ch1_p94_s1_c2,clocher
ch1_p94_s1_c3,arcade
ch1_p94_s1_c3,sœur
ch1_p94_s1_c3,étranger
ch1_p94_s1_c3,frère
ch1_p94_s1_c3,grognon
ch1_p94_s1_c3,mal
ch1_p94_s1_c3,ciel
ch1_p94_s1_c3,place
ch1_p94_s1_c3,tour
ch1_p94_s1_c3,louis
ch1_p94_s1_c3,crypte
ch1_p94_s1_c3,nuit
ch1_p94_s1_c4,tâton
ch1_p94_s1_c4,voûte
ch1_p94_s1_c4,membrane
ch1_p94_s1_c4,immense
ch1_p94_s1_c4,pierre
ch1_p94_s1_c4,théodore
ch1_p94_s1_c4,sœur
ch1_p94_s1_c4,bougie
ch1_p94_s1_c4,tombeau
ch1_p94_s1_c4,fille
ch1_p94_s1_c4,sigebert
ch1_p94_s1_c4,valve
ch1_p94_s1_c4,trace
ch1_p94_s1_c4,fossile
ch1_p94_s1_c4,lampe
ch1_p94_s1_c4,cristal
ch1_p94_s1_c4,soir
ch1_p94_s1_c4,meurtre
ch1_p94_s1_c4,princesse
ch1_p94_s1_c5,chaîne
ch1_p94_s1_c5,place
ch1_p94_s1_c5,abside
ch1_p94_s1_c5,cristal
ch1_p94_s1_c5,flamme
ch1_p94_s1_c5,éteignît
ch1_p94_s1_c5,pierre
ch1_p95_s0_c0,abside
ch1_p95_s0_c0,église
ch1_p95_s0_c0,combray
ch1_p95_s1_c0,beauté
ch1_p95_s1_c0,élan
ch1_p95_s2_c0,croisement
ch1_p95_s2_c0,rue
ch1_p95_s2_c0,muraille
ch1_p95_s2_c0,soubassement
ch1_p95_s2_c0,moellon
ch1_p95_s2_c0,caillou
ch1_p95_s2_c0,verrière
ch1_p95_s2_c0,hauteur
ch1_p95_s2_c0,air
ch1_p95_s2_c0,mur
ch1_p95_s2_c0,prison
ch1_p95_s2_c0,église
ch1_p95_s3_c0,glorieuse
ch1_p95_s3_c0,abside
ch1_p95_s3_c0,pensée
ch1_p95_s3_c0,abside
ch1_p95_s3_c0,combray
ch1_p95_s4_c0,jour
ch1_p95_s4_c0,détour
ch1_p95_s4_c0,rue
ch1_p95_s4_c0,face
ch1_p95_s4_c0,croisement
ch1_p95_s4_c0,ruelle
ch1_p95_s4_c0,muraille
ch1_p95_s4_c0,verrière
ch1_p95_s4_c0,aspect
ch1_p95_s4_c0,abside
ch1_p95_s4_c0,combray
ch1_p95_s5_c0,chartres
ch1_p95_s5_c0,reims
ch1_p95_s5_c0,puissance
ch1_p95_s5_c0,sentiment
ch1_p95_s5_c0,église
ch1_p96_s0_c0,église
ch1_p96_s1_c0,rue
ch1_p96_s1_c0,porte
ch1_p96_s1_c0,nord
ch1_p96_s1_c0,pharmacie
ch1_p96_s1_c0,rapin
ch1_p96_s1_c0,maison
ch1_p96_s1_c0,mme
ch1_p96_s1_c0,loiseau
ch1_p96_s1_c0,séparation
ch1_p96_s1_c0,citoyen
ch1_p96_s1_c0,combray
ch1_p96_s1_c0,numéro
ch1_p96_s1_c0,rue
ch1_p96_s1_c0,rue
ch1_p96_s1_c0,combray
ch1_p96_s1_c0,numéro
ch1_p96_s1_c0,facteur
ch1_p96_s1_c0,matin
ch1_p96_s1_c0,distribution
ch1_p96_s1_c0,mme
ch1_p96_s1_c0,loiseau
ch1_p96_s1_c0,sortant
ch1_p96_s1_c0,rapin
ch1_p96_s1_c1,démarcation
ch1_p96_s1_c1,esprit
ch1_p96_s2_c0,mme
ch1_p96_s2_c0,loiseau
ch1_p96_s2_c0,fenêtre
ch1_p96_s2_c0,fuchsia
ch1_p96_s2_c0,habitude
ch1_p96_s2_c0,branche
ch1_p96_s2_c0,tête
ch1_p96_s2_c0,fleur
ch1_p96_s2_c0,joue
ch1_p96_s2_c0,violette
ch1_p96_s2_c0,façade
ch1_p96_s2_c0,église
ch1_p96_s2_c0,fuchsia
ch1_p96_s2_c0,fleur
ch1_p96_s2_c0,pierre
ch1_p96_s2_c1,oeil
ch1_p96_s2_c1,intervalle
ch1_p96_s2_c1,esprit
ch1_p96_s2_c1,abîme
ch1_p97_s0_c0,clocher
ch1_p97_s0_c0,figure
ch1_p97_s0_c0,horizon
ch1_p97_s0_c0,combray
ch1_p97_s0_c0,train
ch1_p97_s0_c0,semaine
ch1_p97_s0_c0,pâques
ch1_p97_s0_c0,paris
ch1_p97_s0_c0,père
ch1_p97_s0_c0,tour
ch1_p97_s0_c0,tour
ch1_p97_s0_c0,sillon
ch1_p97_s0_c0,ciel
ch1_p97_s0_c0,sens
ch1_p97_s0_c0,coq
ch1_p97_s0_c0,fer
ch1_p97_s0_c0,couverture
ch1_p97_s1_c0,promenade
ch1_p97_s1_c0,combray
ch1_p97_s1_c0,endroit
ch1_p97_s1_c0,route
ch1_p97_s1_c0,coup
ch1_p97_s1_c0,plateau
ch1_p97_s1_c0,horizon
ch1_p97_s1_c0,forêt
ch1_p97_s1_c0,fine
ch1_p97_s1_c0,pointe
ch1_p97_s1_c0,clocher
ch1_p97_s1_c0,ciel
ch1_p97_s1_c0,ongle
ch1_p97_s1_c0,paysage
ch1_p97_s1_c0,tableau
ch1_p97_s1_c0,nature
ch1_p97_s1_c0,marque
ch1_p97_s1_c0,art
ch1_p97_s1_c0,indication
ch1_p97_s2_c0,tour
ch1_p97_s2_c0,demi
ch1_p97_s2_c0,côté
ch1_p97_s2_c0,rougeâtre
ch1_p97_s2_c0,pierre
ch1_p97_s2_c0,matin
ch1_p97_s2_c0,automne
ch1_p97_s2_c0,violet
ch1_p97_s2_c0,vignoble
ch1_p97_s2_c0,ruine
ch1_p97_s2_c0,couleur
ch1_p97_s2_c0,vigne
ch1_p98_s0_c0,place
ch1_p98_s1_c0,fenêtre
ch1_p98_s1_c0,tour
ch1_p98_s1_c0,proportion
ch1_p98_s1_c0,distance
ch1_p98_s1_c0,beauté
ch1_p98_s1_c0,dignité
ch1_p98_s1_c0,visage
ch1_p98_s1_c0,intervalle
ch1_p98_s1_c0,volée
ch1_p98_s1_c0,corbeau
ch1_p98_s1_c0,moment
ch1_p98_s1_c0,pierre
ch1_p98_s1_c1,coup
ch1_p98_s1_c1,principe
ch1_p98_s1_c1,agitation
ch1_p98_s2_c0,sens
ch1_p98_s2_c0,velours
ch1_p98_s2_c0,violet
ch1_p98_s2_c0,air
ch1_p98_s2_c0,soir
ch1_p98_s2_c0,tour
ch1_p98_s2_c0,insecte
ch1_p98_s2_c0,pointe
ch1_p98_s2_c0,clocheton
ch1_p98_s2_c0,mouette
ch1_p98_s2_c0,immobilité
ch1_p98_s2_c0,pêcheur
ch1_p98_s2_c0,crête
ch1_p98_s2_c0,vague
ch1_p98_s3_c0,clocher
ch1_p98_s3_c0,absence
ch1_p98_s3_c0,vulgarité
ch1_p98_s3_c0,prétention
ch1_p98_s3_c0,mesquinerie
ch1_p98_s3_c0,influence
ch1_p98_s3_c0,nature
ch1_p98_s3_c0,main
ch1_p98_s3_c0,homme
ch1_p98_s3_c0,jardinier
ch1_p98_s3_c0,œuvre
ch1_p98_s3_c0,génie
ch1_p98_s4_c0,doute
ch1_p98_s4_c0,partie
ch1_p98_s4_c0,église
ch1_p98_s4_c0,édifice
ch1_p98_s4_c0,sorte
ch1_p98_s4_c0,pensée
ch1_p98_s4_c0,clocher
ch1_p98_s4_c0,conscience
ch1_p98_s4_c0,existence
ch1_p98_s4_c0,responsable
ch1_p98_s6_c0,clocher
ch1_p98_s6_c0,combray
ch1_p98_s6_c0,prix
ch1_p98_s6_c0,monde
ch1_p98_s6_c0,air
ch1_p98_s6_c0,air
ch1_p98_s7_c0,ignorante
ch1_p98_s7_c0,architecture
ch1_p98_s7_c0,enfant
ch1_p98_s7_c0,règle
ch1_p98_s7_c0,figure
ch1_p98_s8_c0,piano
ch1_p98_s9_c0,regardant
ch1_p98_s9_c0,oeil
ch1_p98_s9_c0,tension
ch1_p98_s9_c0,inclinaison
ch1_p98_s9_c0,pente
ch1_p98_s9_c0,pierre
ch1_p98_s9_c0,main
ch1_p98_s9_c0,effusion
ch1_p98_s9_c0,flèche
ch1_p98_s9_c0,regard
ch1_p98_s9_c0,temps
ch1_p98_s9_c0,pierre
ch1_p98_s9_c0,faîte
ch1_p98_s9_c1,moment
ch1_p98_s9_c1,zone
ch1_p98_s9_c1,lumière
ch1_p98_s9_c1,coup
ch1_p98_s9_c1,chant
ch1_p98_s9_c1,voix
ch1_p98_s9_c1,tête
ch1_p98_s9_c1,octave
ch1_p99_s0_c0,clocher
ch1_p99_s0_c0,occupation
ch1_p99_s0_c0,heure
ch1_p99_s0_c0,point
ch1_p99_s0_c0,vue
ch1_p99_s0_c0,ville
ch1_p99_s0_c0,figure
ch1_p99_s0_c0,couronnement
ch1_p99_s0_c0,consécration
ch1_p99_s1_c0,chambre
ch1_p99_s1_c0,base
ch1_p99_s1_c0,ardoise
ch1_p99_s1_c0,dimanche
ch1_p99_s1_c0,matinée
ch1_p99_s1_c0,soleil
ch1_p99_s2_c0,heure
ch1_p99_s3_c0,temps
ch1_p99_s3_c0,léonie
ch1_p99_s3_c0,couleur
ch1_p99_s3_c0,soleil
ch1_p99_s3_c0,place
ch1_p99_s3_c0,chaleur
ch1_p99_s3_c0,poussière
ch1_p99_s3_c0,marché
ch1_p99_s3_c0,ombre
ch1_p99_s3_c0,store
ch1_p99_s3_c0,magasin
ch1_p99_s3_c0,maman
ch1_p99_s3_c0,messe
ch1_p99_s3_c0,odeur
ch1_p99_s3_c0,toile
ch1_p99_s3_c0,écrue
ch1_p99_s3_c0,emplette
ch1_p99_s3_c0,mouchoir
ch1_p99_s3_c0,taille
ch1_p99_s3_c0,patron
ch1_p99_s3_c1,veste
ch1_p99_s3_c1,dimanche
ch1_p99_s3_c1,main
ch1_p99_s3_c1,habitude
ch1_p99_s3_c1,minute
ch1_p99_s3_c1,circonstance
ch1_p99_s3_c1,air
ch1_p99_s3_c1,entreprise
ch1_p99_s3_c1,partie
ch1_p99_s3_c1,réussite
ch1_p100_s0_c0,messe
ch1_p100_s0_c0,théodore
ch1_p100_s0_c0,brioche
ch1_p100_s0_c0,habitude
ch1_p100_s0_c0,cousin
ch1_p100_s0_c0,temps
ch1_p100_s0_c0,déjeuner
ch1_p100_s0_c0,clocher
ch1_p100_s0_c0,brioche
ch1_p100_s0_c0,écaille
ch1_p100_s0_c0,égouttement
ch1_p100_s0_c0,soleil
ch1_p100_s0_c0,pointe
ch1_p100_s0_c0,ciel
ch1_p100_s0_c0,bleu
ch1_p100_s1_c0,soir
ch1_p100_s1_c0,promenade
ch1_p100_s1_c0,moment
ch1_p100_s1_c0,heure
ch1_p100_s1_c0,mère
ch1_p100_s1_c0,contraire
ch1_p100_s1_c0,journée
ch1_p100_s1_c0,air
ch1_p100_s1_c0,coussin
ch1_p100_s1_c0,velours
ch1_p100_s1_c0,ciel
ch1_p100_s1_c0,pression
ch1_p100_s1_c1,place
ch1_p100_s1_c1,bord
ch1_p100_s1_c1,cri
ch1_p100_s1_c1,oiseau
ch1_p100_s1_c1,silence
ch1_p100_s1_c1,flèche
ch1_p100_s1_c1,chose
ch1_p100_s1_c1,ineffable
ch1_p101_s0_c0,course
ch1_p101_s0_c0,église
ch1_p101_s0_c0,rapport
ch1_p101_s0_c0,clocher
ch1_p101_s0_c0,maison
ch1_p101_s0_c0,église
ch1_p101_s1_c0,souvenir
ch1_p101_s1_c0,vignette
ch1_p101_s1_c0,clocher
ch1_p101_s1_c0,toit
ch1_p101_s1_c0,caractère
ch1_p101_s1_c0,art
ch1_p101_s1_c0,rue
ch1_p101_s1_c0,combray
ch1_p101_s2_c0,ville
ch1_p101_s2_c0,normandie
ch1_p101_s2_c0,balbec
ch1_p101_s2_c0,hôtel
ch1_p101_s2_c0,siècle
ch1_p101_s2_c0,égard
ch1_p101_s2_c0,jardin
ch1_p101_s2_c0,perron
ch1_p101_s2_c0,rivière
ch1_p101_s2_c0,flèche
ch1_p101_s2_c0,église
ch1_p101_s2_c0,air
ch1_p101_s2_c0,façade
ch1_p101_s2_c0,matière
ch1_p101_s2_c0,rose
ch1_p101_s2_c1,vernie
ch1_p101_s2_c1,partie
ch1_p101_s2_c1,galet
ch1_p101_s2_c1,plage
ch1_p101_s2_c1,flèche
ch1_p101_s2_c1,crénelée
ch1_p101_s2_c1,coquillage
ch1_p101_s2_c1,tourelle
ch1_p101_s2_c1,émail
ch1_p101_s3_c0,paris
ch1_p101_s3_c0,quartier
ch1_p101_s3_c0,ville
ch1_p101_s3_c0,fenêtre
ch1_p101_s3_c0,plan
ch1_p101_s3_c0,toit
ch1_p101_s3_c0,rue
ch1_p101_s3_c0,cloche
ch1_p101_s3_c0,violette
ch1_p101_s3_c0,rougeâtre
ch1_p101_s3_c0,épreuve
ch1_p101_s3_c0,atmosphère
ch1_p101_s3_c0,noir
ch1_p101_s3_c0,cendre
ch1_p101_s3_c1,dôme
ch1_p101_s3_c1,vue
ch1_p101_s3_c1,paris
ch1_p101_s3_c1,caractère
ch1_p101_s3_c1,vue
ch1_p101_s3_c1,rome
ch1_p101_s3_c1,piranesi
ch1_p101_s4_c0,gravure
ch1_p101_s4_c0,goût
ch1_p101_s4_c0,mémoire
ch1_p101_s4_c0,sentiment
ch1_p101_s4_c0,chose
ch1_p101_s4_c0,spectacle
ch1_p101_s4_c0,équivalent
ch1_p101_s4_c0,dépendance
ch1_p101_s4_c0,partie
ch1_p101_s4_c0,vie
ch1_p101_s4_c0,souvenir
ch1_p101_s4_c0,aspect
ch1_p101_s4_c0,clocher
ch1_p101_s4_c0,combray
ch1_p101_s4_c0,rue
ch1_p101_s4_c0,église
ch1_p101_s5_c0,heure
ch1_p101_s5_c0,lettre
ch1_p101_s5_c0,poste
ch1_p101_s5_c0,maison
ch1_p101_s5_c0,gauche
ch1_p101_s5_c0,cime
ch1_p101_s5_c0,ligne
ch1_p101_s5_c0,faîte
ch1_p101_s5_c0,toit
ch1_p101_s5_c0,contraire
ch1_p101_s5_c0,mme
ch1_p101_s5_c0,sazerat
ch1_p101_s5_c0,oeil
ch1_p101_s5_c0,ligne
ch1_p101_s5_c0,descente
ch1_p101_s5_c0,rue
ch1_p101_s5_c0,clocher
ch1_p101_s5_c1,gare
ch1_p101_s5_c1,profil
ch1_p101_s5_c1,arête
ch1_p101_s5_c1,surface
ch1_p101_s5_c1,moment
ch1_p101_s5_c1,révolution
ch1_p101_s5_c1,bord
ch1_p101_s5_c1,vivonne
ch1_p101_s5_c1,abside
ch1_p101_s5_c1,remontée
ch1_p101_s5_c1,perspective
ch1_p101_s5_c1,effort
ch1_p101_s5_c1,clocher
ch1_p101_s5_c1,flèche
ch1_p101_s5_c1,cœur
ch1_p101_s5_c1,ciel
ch1_p101_s5_c2,maison
ch1_p101_s5_c2,pinacle
ch1_p101_s5_c2,doigt
ch1_p101_s5_c2,dieu
ch1_p101_s5_c2,corps
ch1_p101_s5_c2,foule
ch1_p101_s5_c2,humain
ch1_p101_s5_c2,confondisse
ch1_p101_s6_c0,ville
ch1_p101_s6_c0,province
ch1_p101_s6_c0,quartier
ch1_p101_s6_c0,paris
ch1_p101_s6_c0,chemin
ch1_p101_s6_c0,point
ch1_p101_s6_c0,repère
ch1_p101_s6_c0,beffroi
ch1_p101_s6_c0,hôpital
ch1_p101_s6_c0,clocher
ch1_p101_s6_c0,couvent
ch1_p101_s6_c0,pointe
ch1_p101_s6_c0,bonnet
ch1_p101_s6_c0,coin
ch1_p101_s6_c0,rue
ch1_p101_s6_c0,mémoire
ch1_p101_s6_c0,trait
ch1_p101_s6_c0,ressemblance
ch1_p101_s6_c0,figure
ch1_p101_s6_c1,étonnement
ch1_p101_s6_c1,promenade
ch1_p101_s6_c1,entreprise
ch1_p101_s6_c1,course
ch1_p101_s6_c1,clocher
ch1_p101_s6_c1,heure
ch1_p101_s6_c1,fond
ch1_p101_s6_c1,terre
ch1_p101_s6_c1,oubli
ch1_p101_s6_c1,doute
ch1_p101_s6_c2,heure
ch1_p101_s6_c2,chemin
ch1_p101_s6_c2,rue
ch1_p101_s6_c2,cœur
ch1_p102_s0_c0,messe
ch1_p102_s0_c0,legrandin
ch1_p102_s0_c0,paris
ch1_p102_s0_c0,profession
ch1_p102_s0_c0,ingénieur
ch1_p102_s0_c0,vacance
ch1_p102_s0_c0,propriété
ch1_p102_s0_c0,combray
ch1_p102_s0_c0,samedi
ch1_p102_s0_c0,soir
ch1_p102_s0_c0,lundi
ch1_p102_s0_c0,matin
ch1_p102_s1_c0,homme
ch1_p102_s1_c0,carrière
ch1_p102_s1_c0,culture
ch1_p102_s1_c0,spécialisation
ch1_p102_s1_c0,conversation
ch1_p102_s2_c0,littérateur
ch1_p102_s2_c0,époque
ch1_p102_s2_c0,legrandin
ch1_p102_s2_c0,réputation
ch1_p102_s2_c0,écrivain
ch1_p102_s2_c0,musicien
ch1_p102_s2_c0,mélodie
ch1_p102_s2_c0,peintre
ch1_p102_s2_c1,vie
ch1_p102_s2_c1,occupation
ch1_p102_s2_c1,insouciance
ch1_p102_s2_c1,fantaisie
ch1_p102_s2_c1,application
ch1_p102_s3_c0,tournure
ch1_p102_s3_c0,visage
ch1_p102_s3_c0,fin
ch1_p102_s3_c0,moustache
ch1_p102_s3_c0,regard
ch1_p102_s3_c0,bleu
ch1_p102_s3_c0,désenchanté
ch1_p102_s3_c0,politesse
ch1_p102_s3_c0,causeur
ch1_p102_s3_c0,oeil
ch1_p102_s3_c0,famille
ch1_p102_s3_c0,exemple
ch1_p102_s3_c0,type
ch1_p102_s3_c0,homme
ch1_p102_s3_c0,élite
ch1_p102_s3_c0,vie
ch1_p102_s4_c0,livre
ch1_p102_s4_c0,langage
ch1_p102_s4_c0,naturel
ch1_p102_s4_c0,cravate
ch1_p102_s4_c0,veston
ch1_p102_s4_c0,écolier
ch1_p102_s5_c0,tirade
ch1_p102_s5_c0,aristocratie
ch1_p102_s5_c0,vie
ch1_p102_s5_c0,snobisme
ch1_p102_s5_c0,péché
ch1_p102_s5_c0,paul
ch1_p102_s5_c0,péché
ch1_p102_s5_c0,rémission
ch1_p103_s0_c0,ambition
ch1_p103_s0_c0,sentiment
ch1_p103_s0_c0,ardeur
ch1_p103_s1_c0,goût
ch1_p103_s1_c0,legrandin
ch1_p103_s1_c0,sœur
ch1_p103_s1_c0,balbec
ch1_p103_s1_c0,gentilhomme
ch1_p103_s1_c0,attaque
ch1_p103_s1_c0,noble
ch1_p103_s1_c0,révolution
ch1_p103_s1_c0,guillotiné
ch1_p104_s0_c0,ami
ch1_p104_s1_c0,rencontre
ch1_p104_s2_c0,paris
ch1_p104_s2_c0,niche
ch1_p105_s1_c0,sourire
ch1_p105_s1_c0,maison
ch1_p105_s1_c0,chose
ch1_p105_s2_c0,morceau
ch1_p105_s2_c0,ciel
ch1_p105_s3_c0,morceau
ch1_p105_s3_c0,ciel
ch1_p105_s3_c0,vie
ch1_p105_s3_c0,garçon
ch1_p105_s4_c0,âme
ch1_p105_s4_c0,qualité
ch1_p105_s4_c0,nature
ch1_p105_s4_c0,artiste
ch1_p106_s0_c0,tante
ch1_p106_s0_c0,mme
ch1_p106_s0_c0,goupil
ch1_p106_s0_c0,retard
ch1_p106_s0_c0,messe
ch1_p106_s1_c0,revanche
ch1_p106_s1_c0,ajoution
ch1_p106_s1_c0,trouble
ch1_p106_s1_c0,peintre
ch1_p106_s1_c0,église
ch1_p106_s1_c0,vitrail
ch1_p106_s1_c0,gilbert
ch1_p106_s1_c0,mauvais
ch1_p106_s2_c0,françoise
ch1_p106_s2_c0,épicier
ch1_p106_s2_c0,faute
ch1_p106_s2_c0,absence
ch1_p106_s2_c0,théodore
ch1_p106_s2_c0,profession
ch1_p106_s2_c0,chantre
ch1_p106_s2_c0,part
ch1_p106_s2_c0,entretien
ch1_p106_s2_c0,église
ch1_p106_s2_c0,garçon
ch1_p106_s2_c0,relation
ch1_p106_s2_c0,monde
ch1_p106_s2_c0,savoir
ch1_p107_s1_c0,tante
ch1_p107_s1_c0,heure
ch1_p107_s1_c0,eulalie
ch1_p108_s0_c0,eulalie
ch1_p108_s0_c0,fille
ch1_p108_s0_c0,mort
ch1_p108_s0_c0,mme
ch1_p108_s0_c0,bretonnerie
ch1_p108_s0_c0,place
ch1_p108_s0_c0,enfance
ch1_p108_s0_c0,côté
ch1_p108_s0_c0,église
ch1_p108_s0_c0,chambre
ch1_p108_s0_c0,temps
ch1_p108_s0_c0,office
ch1_p108_s0_c0,office
ch1_p108_s0_c1,prière
ch1_p108_s0_c1,coup
ch1_p108_s0_c1,main
ch1_p108_s0_c1,théodore
ch1_p108_s0_c1,temps
ch1_p108_s0_c1,personne
ch1_p108_s0_c1,malade
ch1_p108_s0_c1,tante
ch1_p108_s0_c1,léonie
ch1_p108_s0_c1,messe
ch1_p108_s0_c1,vêpres
ch1_p108_s1_c0,rente
ch1_p108_s1_c0,famille
ch1_p108_s1_c0,maître
ch1_p108_s1_c0,temps
ch1_p108_s1_c0,temps
ch1_p108_s1_c0,linge
ch1_p108_s1_c0,curé
ch1_p108_s1_c0,personnalité
ch1_p108_s1_c0,monde
ch1_p108_s1_c0,clérical
ch1_p108_s1_c0,combray
ch1_p108_s2_c0,mante
ch1_p108_s2_c0,drap
ch1_p108_s2_c0,béguin
ch1_p108_s2_c0,maladie
ch1_p108_s2_c0,peau
ch1_p108_s2_c0,partie
ch1_p108_s2_c0,joue
ch1_p108_s2_c0,nez
ch1_p108_s2_c0,ton
ch1_p108_s2_c0,balsamine
ch1_p108_s3_c0,visite
ch1_p108_s3_c0,distraction
ch1_p108_s3_c0,tante
ch1_p108_s3_c0,léonie
ch1_p108_s3_c0,curé
ch1_p108_s4_c0,tante
ch1_p108_s4_c0,visiteur
ch1_p108_s4_c0,tort
ch1_p108_s4_c0,oeil
ch1_p108_s4_c0,catégorie
ch1_p108_s5_c0,silence
ch1_p108_s5_c0,désapprobation
ch1_p108_s5_c0,sourire
ch1_p108_s5_c0,doute
ch1_p108_s5_c0,doctrine
ch1_p108_s5_c0,promenade
ch1_p108_s5_c0,soleil
ch1_p108_s5_c0,bifteck
ch1_p108_s5_c0,heure
ch1_p108_s5_c0,estomac
ch1_p108_s5_c0,gorgée
ch1_p108_s5_c0,eau
ch1_p108_s5_c0,vichy
ch1_p108_s6_c0,lit
ch1_p108_s6_c0,médecine
ch1_p108_s7_c0,catégorie
ch1_p108_s7_c0,personne
ch1_p108_s7_c0,air
ch1_p108_s8_c0,hésitation
ch1_p108_s8_c0,instance
ch1_p108_s8_c0,françoise
ch1_p108_s8_c0,cours
ch1_p108_s8_c0,visite
ch1_p108_s8_c0,faveur
ch1_p108_s8_c0,croyez
ch1_p108_s8_c0,temps
ch1_p108_s8_c0,contraire
ch1_p108_s8_c0,fin
ch1_p108_s8_c0,pauvre
ch1_p108_s8_c0,ami
ch1_p108_s9_c0,santé
ch1_p108_s11_c0,françoise
ch1_p108_s11_c0,air
ch1_p108_s11_c0,tante
ch1_p108_s11_c0,lit
ch1_p108_s11_c0,rue
ch1_p108_s11_c0,personne
ch1_p108_s11_c0,air
ch1_p108_s11_c0,coup
ch1_p108_s11_c0,sonnette
ch1_p108_s11_c0,tour
ch1_p108_s11_c0,ruse
ch1_p108_s11_c0,tante
ch1_p108_s11_c0,congédier
ch1_p108_s11_c0,mine
ch1_p108_s11_c0,vue
ch1_p108_s11_c1,fond
ch1_p108_s11_c1,maîtresse
ch1_p108_s12_c0,somme
ch1_p108_s12_c0,tante
ch1_p108_s12_c0,fois
ch1_p108_s12_c0,approuvât
ch1_p108_s12_c0,régime
ch1_p108_s12_c0,plaindre
ch1_p108_s12_c0,souffrance
ch1_p108_s12_c0,rassurât
ch1_p108_s12_c0,avenir
ch1_p109_s0_c0,eulalie
ch1_p109_s1_c0,tante
ch1_p109_s1_c0,fois
ch1_p109_s1_c0,minute
ch1_p109_s1_c0,fin
ch1_p109_s1_c0,pauvre
ch1_p109_s1_c0,eulalie
ch1_p109_s1_c0,fois
ch1_p109_s1_c0,eulalie
ch1_p109_s1_c0,maladie
ch1_p109_s1_c0,connaître
ch1_p109_s1_c0,monsieur
ch1_p109_s1_c0,octave
ch1_p109_s1_c0,an
ch1_p109_s1_c0,mme
ch1_p109_s1_c0,sazerin
ch1_p109_s2_c0,croyance
ch1_p109_s2_c0,eulalie
ch1_p109_s2_c0,nombre
ch1_p109_s2_c0,démenti
ch1_p109_s2_c0,expérience
ch1_p109_s2_c0,mme
ch1_p109_s2_c0,sazerat
ch1_p109_s2_c0,mme
ch1_p109_s2_c0,sazerin
ch1_p110_s0_c0,an
ch1_p110_s0_c0,tante
ch1_p110_s0_c0,jour
ch1_p110_s0_c0,terme
ch1_p111_s0_c0,eulalie
ch1_p111_s0_c0,visite
ch1_p111_s0_c0,lieu
ch1_p111_s0_c0,dimanche
ch1_p111_s0_c0,empêchement
ch1_p111_s0_c0,tante
ch1_p111_s0_c0,plaisir
ch1_p111_s0_c0,perspective
ch1_p111_s0_c0,jour
ch1_p111_s0_c0,état
ch1_p111_s0_c0,faim
ch1_p111_s0_c0,eulalie
ch1_p111_s0_c0,retard
ch1_p111_s1_c0,volupté
ch1_p111_s1_c0,eulalie
ch1_p111_s1_c0,supplice
ch1_p111_s1_c0,tante
ch1_p111_s1_c0,heure
ch1_p111_s1_c0,faiblesse
ch1_p111_s2_c0,coup
ch1_p111_s2_c0,sonnette
ch1_p111_s2_c0,eulalie
ch1_p111_s2_c0,fin
ch1_p111_s2_c0,journée
ch1_p111_s3_c0,réalité
ch1_p111_s3_c0,dimanche
ch1_p111_s3_c0,visite
ch1_p111_s3_c0,déjeuner
ch1_p111_s3_c0,françoise
ch1_p111_s3_c0,salle
ch1_p111_s3_c0,tante
ch1_p111_s4_c0,moment
ch1_p111_s4_c0,jour
ch1_p111_s4_c0,combray
ch1_p111_s4_c0,heure
ch1_p111_s4_c0,midi
ch1_p111_s4_c0,tour
ch1_p111_s4_c0,fleuron
ch1_p111_s4_c0,couronne
ch1_p111_s4_c0,table
ch1_p111_s4_c0,pain
ch1_p111_s4_c0,église
ch1_p111_s4_c0,assiette
ch1_p111_s4_c0,nuit
ch1_p111_s4_c0,chaleur
ch1_p111_s4_c0,repas
ch1_p111_s5_c0,fond
ch1_p111_s5_c0,œuf
ch1_p111_s5_c0,côtelette
ch1_p111_s5_c0,pomme
ch1_p111_s5_c0,terre
ch1_p111_s5_c0,confiture
ch1_p111_s5_c0,biscuit
ch1_p111_s5_c0,françoise
ch1_p111_s5_c0,travail
ch1_p111_s5_c0,champ
ch1_p111_s5_c0,verger
ch1_p111_s5_c0,fruit
ch1_p111_s5_c0,marée
ch1_p111_s5_c0,hasard
ch1_p111_s5_c0,commerce
ch1_p111_s5_c0,politesse
ch1_p111_s5_c0,voisin
ch1_p111_s5_c0,génie
ch1_p111_s5_c0,menu
ch1_p111_s5_c0,siècle
ch1_p111_s5_c0,portail
ch1_p111_s5_c0,cathédrale
ch1_p111_s5_c1,rythme
ch1_p111_s5_c1,saison
ch1_p111_s5_c1,épisode
ch1_p111_s5_c1,vie
ch1_p111_s5_c1,barbue
ch1_p111_s5_c1,marchand
ch1_p111_s5_c1,fraîcheur
ch1_p111_s5_c1,dinde
ch1_p111_s5_c1,marché
ch1_p111_s5_c1,cardon
ch1_p111_s5_c1,moelle
ch1_p111_s5_c1,manière
ch1_p111_s5_c1,gigot
ch1_p111_s5_c1,air
ch1_p111_s5_c1,temps
ch1_p111_s5_c1,heure
ch1_p111_s5_c1,épinard
ch1_p111_s5_c2,abricot
ch1_p111_s5_c2,rareté
ch1_p111_s5_c2,groseille
ch1_p111_s5_c2,jour
ch1_p111_s5_c2,framboise
ch1_p111_s5_c2,swann
ch1_p111_s5_c2,cerise
ch1_p111_s5_c2,cerisier
ch1_p111_s5_c2,jardin
ch1_p111_s5_c2,an
ch1_p111_s5_c2,fromage
ch1_p111_s5_c2,crème
ch1_p111_s5_c2,gâteau
ch1_p111_s5_c2,amande
ch1_p111_s5_c2,veille
ch1_p111_s5_c2,brioche
ch1_p111_s5_c2,tour
ch1_p111_s6_c0,père
ch1_p111_s6_c0,crème
ch1_p111_s6_c0,chocolat
ch1_p111_s6_c0,inspiration
ch1_p111_s6_c0,attention
ch1_p111_s6_c0,françoise
ch1_p111_s6_c0,œuvre
ch1_p111_s6_c0,circonstance
ch1_p111_s6_c0,talent
ch1_p111_s7_c0,faim
ch1_p111_s7_c0,rang
ch1_p111_s7_c0,goujat
ch1_p111_s7_c0,présent
ch1_p111_s7_c0,artiste
ch1_p111_s7_c0,œuvre
ch1_p111_s7_c0,poids
ch1_p111_s7_c0,matière
ch1_p111_s7_c0,intention
ch1_p111_s7_c0,signature
ch1_p111_s8_c0,goutte
ch1_p111_s8_c0,plat
ch1_p111_s8_c0,impolitesse
ch1_p111_s8_c0,fin
ch1_p111_s8_c0,morceau
ch1_p111_s8_c0,nez
ch1_p111_s8_c0,compositeur
ch1_p112_s0_c0,mère
ch1_p112_s0_c0,voyons
ch1_p112_s0_c0,chambre
ch1_p112_s0_c0,air
ch1_p112_s0_c0,instant
ch1_p112_s0_c0,table
ch1_p112_s1_c0,pompe
ch1_p112_s1_c0,auge
ch1_p112_s1_c0,fond
ch1_p112_s1_c0,salamandre
ch1_p112_s1_c0,pierre
ch1_p112_s1_c0,relief
ch1_p112_s1_c0,corps
ch1_p112_s1_c0,banc
ch1_p112_s1_c0,dossier
ch1_p112_s1_c0,lilas
ch1_p112_s1_c0,coin
ch1_p112_s1_c0,jardin
ch1_p112_s1_c0,porte
ch1_p112_s1_c0,service
ch1_p112_s1_c0,rue
ch1_p112_s1_c0,terre
ch1_p112_s1_c0,degré
ch1_p112_s1_c0,saillie
ch1_p112_s1_c0,maison
ch1_p112_s1_c1,construction
ch1_p112_s2_c0,dallage
ch1_p112_s2_c0,porphyre
ch1_p112_s3_c0,air
ch1_p112_s3_c0,antre
ch1_p112_s3_c0,françoise
ch1_p112_s3_c0,temple
ch1_p112_s3_c0,vénus
ch1_p112_s4_c0,offrande
ch1_p112_s4_c0,crémier
ch1_p112_s4_c0,fruitier
ch1_p112_s4_c0,marchand
ch1_p112_s4_c0,légume
ch1_p112_s4_c0,hameau
ch1_p112_s4_c0,prémices
ch1_p112_s4_c0,champ
ch1_p112_s5_c0,faîte
ch1_p112_s5_c0,roucoulement
ch1_p112_s5_c0,colombe
ch1_p113_s0_c0,autrefoi
ch1_p113_s0_c0,bois
ch1_p113_s0_c0,cabinet
ch1_p113_s0_c0,repos
ch1_p113_s0_c0,oncle
ch1_p113_s0_c0,adolphe
ch1_p113_s0_c0,frère
ch1_p113_s0_c0,militaire
ch1_p113_s0_c0,retraite
ch1_p113_s0_c0,commandant
ch1_p113_s0_c0,fenêtre
ch1_p113_s0_c0,chaleur
ch1_p113_s0_c0,rayon
ch1_p113_s0_c0,soleil
ch1_p113_s0_c1,odeur
ch1_p113_s0_c1,fois
ch1_p113_s0_c1,régime
ch1_p113_s0_c1,narine
ch1_p113_s0_c1,pavillon
ch1_p113_s0_c1,chasse
ch1_p113_s1_c0,nombre
ch1_p113_s1_c0,année
ch1_p113_s1_c0,cabinet
ch1_p113_s1_c0,oncle
ch1_p113_s1_c0,adolphe
ch1_p113_s1_c0,combray
ch1_p113_s1_c0,cause
ch1_p113_s1_c0,brouille
ch1_p113_s1_c0,famille
ch1_p113_s1_c0,faute
ch1_p113_s1_c0,circonstance
ch1_p114_s0_c0,fois
ch1_p114_s0_c0,mois
ch1_p114_s0_c0,paris
ch1_p114_s0_c0,visite
ch1_p114_s0_c0,déjeuner
ch1_p114_s0_c0,vareuse
ch1_p114_s0_c0,domestique
ch1_p114_s0_c0,veste
ch1_p114_s0_c0,travail
ch1_p114_s0_c0,coutil
ch1_p114_s0_c0,violet
ch1_p114_s1_c0,massepain
ch1_p114_s1_c0,mandarine
ch1_p114_s1_c0,salon
ch1_p114_s1_c0,feu
ch1_p114_s1_c0,mur
ch1_p114_s1_c0,moulure
ch1_p114_s1_c0,plafond
ch1_p114_s1_c0,bleu
ch1_p114_s1_c0,ciel
ch1_p114_s1_c0,meuble
ch1_p114_s1_c0,satin
ch1_p114_s1_c0,grand
ch1_p114_s1_c0,parent
ch1_p114_s1_c1,jaune
ch1_p114_s1_c1,cabinet
ch1_p114_s1_c1,travail
ch1_p114_s1_c1,mur
ch1_p114_s1_c1,gravure
ch1_p114_s1_c1,fond
ch1_p114_s1_c1,déesse
ch1_p114_s1_c1,char
ch1_p114_s1_c1,globe
ch1_p114_s1_c1,étoile
ch1_p114_s1_c1,front
ch1_p114_s1_c1,empire
ch1_p114_s1_c1,air
ch1_p114_s1_c1,raison
ch1_p114_s1_c2,air
ch1_p114_s1_c2,empire
ch1_p114_s2_c0,oncle
ch1_p114_s2_c0,valet
ch1_p114_s2_c0,chambre
ch1_p114_s2_c0,part
ch1_p114_s2_c0,cocher
ch1_p114_s2_c0,heure
ch1_p114_s3_c0,oncle
ch1_p114_s3_c0,méditation
ch1_p114_s3_c0,mouvement
ch1_p114_s3_c0,valet
ch1_p114_s3_c0,chambre
ch1_p114_s3_c0,curiosité
ch1_p114_s3_c0,résultat
ch1_p114_s4_c0,hésitation
ch1_p114_s4_c0,oncle
ch1_p114_s4_c0,mot
ch1_p114_s4_c0,heure
ch1_p114_s4_c0,quart
ch1_p114_s4_c0,valet
ch1_p114_s4_c0,chambre
ch1_p114_s4_c0,étonnement
ch1_p114_s4_c0,heure
ch1_p114_s4_c0,quart
ch1_p115_s0_c0,époque
ch1_p115_s0_c0,amour
ch1_p115_s0_c0,théâtre
ch1_p115_s0_c0,amour
ch1_p115_s0_c0,parent
ch1_p115_s0_c0,plaisir
ch1_p115_s0_c0,spectateur
ch1_p115_s0_c0,stéréoscope
ch1_p115_s0_c0,décor
ch1_p115_s0_c0,millier
ch1_p115_s0_c0,spectateur
ch1_p116_s0_c0,matin
ch1_p116_s0_c0,colonne
ch1_p116_s0_c0,moriss
ch1_p116_s0_c0,spectacle
ch1_p116_s1_c0,rêve
ch1_p116_s1_c0,imagination
ch1_p116_s1_c0,pièce
ch1_p116_s1_c0,fois
ch1_p116_s1_c0,image
ch1_p116_s1_c0,mot
ch1_p116_s1_c0,titre
ch1_p116_s1_c0,couleur
ch1_p116_s1_c0,affiche
ch1_p116_s1_c0,boursouflée
ch1_p116_s1_c0,colle
ch1_p116_s2_c0,œuvre
ch1_p116_s2_c0,testament
ch1_p116_s2_c0,césar
ch1_p116_s2_c0,girodot
ch1_p116_s2_c0,œdipe
ch1_p116_s2_c0,roi
ch1_p116_s2_c0,affiche
ch1_p116_s2_c0,opéra
ch1_p116_s2_c0,comique
ch1_p116_s2_c0,affiche
ch1_p116_s2_c0,vin
ch1_p116_s2_c0,comédie
ch1_p116_s2_c0,aigrette
ch1_p116_s2_c0,diamant
ch1_p116_s2_c0,couronne
ch1_p116_s2_c0,satin
ch1_p116_s2_c0,domino
ch1_p116_s2_c0,noir
ch1_p116_s2_c1,parent
ch1_p116_s2_c1,fois
ch1_p116_s2_c1,théâtre
ch1_p116_s2_c1,pièce
ch1_p116_s2_c1,titre
ch1_p116_s2_c1,titre
ch1_p116_s2_c1,plaisir
ch1_p116_s2_c1,force
ch1_p116_s2_c1,part
ch1_p116_s2_c1,pièce
ch1_p116_s2_c2,pièce
ch1_p116_s2_c2,préférence
ch1_p116_s2_c2,dessert
ch1_p116_s2_c2,riz
ch1_p116_s2_c2,empereur
ch1_p116_s2_c2,crème
ch1_p116_s2_c2,chocolat
ch1_p117_s0_c0,conversation
ch1_p117_s0_c0,camarade
ch1_p117_s0_c0,acteur
ch1_p117_s0_c0,art
ch1_p117_s0_c0,forme
ch1_p117_s0_c0,art
ch1_p117_s1_c0,manière
ch1_p117_s1_c0,tirade
ch1_p117_s1_c0,différence
ch1_p117_s1_c0,importance
ch1_p117_s2_c0,classai
ch1_p117_s2_c0,ordre
ch1_p117_s2_c0,talent
ch1_p117_s2_c0,liste
ch1_p117_s2_c0,journée
ch1_p117_s2_c0,cerveau
ch1_p117_s2_c0,inamovibilité
ch1_p118_s0_c0,collège
ch1_p118_s0_c0,fois
ch1_p118_s0_c0,classe
ch1_p118_s0_c0,professeur
ch1_p118_s0_c0,tête
ch1_p118_s0_c0,tournée
ch1_p118_s0_c0,ami
ch1_p118_s0_c0,question
ch1_p118_s0_c0,théâtre
ch1_p118_s0_c0,acteur
ch1_p118_s0_c0,got
ch1_p118_s0_c0,delaunay
ch1_p118_s0_c0,avis
ch1_p118_s0_c0,febvre
ch1_p118_s0_c0,thiron
ch1_p118_s0_c0,delaunay
ch1_p118_s0_c0,coquelin
ch1_p118_s0_c0,soudaine
ch1_p118_s0_c0,motilité
ch1_p118_s0_c0,coquelin
ch1_p118_s0_c0,rigidité
ch1_p118_s0_c0,pierre
ch1_p118_s0_c1,esprit
ch1_p118_s0_c1,rang
ch1_p118_s0_c1,agilité
ch1_p118_s0_c1,animation
ch1_p118_s0_c1,delaunay
ch1_p118_s0_c1,sensation
ch1_p118_s0_c1,fleurissement
ch1_p118_s0_c1,vie
ch1_p118_s0_c1,cerveau
ch1_p119_s0_c0,acteur
ch1_p119_s0_c0,vue
ch1_p119_s0_c0,maubant
ch1_p119_s0_c0,théâtre
ch1_p119_s0_c0,français
ch1_p119_s0_c0,saisissement
ch1_p119_s0_c0,souffrance
ch1_p119_s0_c0,amour
ch1_p119_s0_c0,nom
ch1_p119_s0_c0,étoile
ch1_p119_s0_c0,porte
ch1_p119_s0_c0,théâtre
ch1_p119_s0_c0,glace
ch1_p119_s0_c0,coupé
ch1_p119_s0_c0,rue
ch1_p119_s0_c0,cheval
ch1_p119_s0_c0,rose
ch1_p119_s0_c0,frontail
ch1_p119_s0_c0,vue
ch1_p119_s0_c0,visage
ch1_p119_s0_c0,femme
ch1_p119_s0_c0,acteur
ch1_p119_s0_c1,trouble
ch1_p119_s0_c1,effort
ch1_p119_s0_c1,vie
ch1_p119_s1_c0,ordre
ch1_p119_s1_c0,talent
ch1_p119_s1_c0,sarah
ch1_p119_s1_c0,bernhardt
ch1_p119_s1_c0,berma
ch1_p119_s1_c0,bartet
ch1_p119_s1_c0,madeleine
ch1_p119_s1_c0,brohan
ch1_p119_s1_c0,jeanne
ch1_p119_s1_c0,samary
ch1_p119_s2_c0,oncle
ch1_p119_s2_c0,cocotte
ch1_p119_s2_c0,acteur
ch1_p119_s4_c0,jour
ch1_p119_s4_c0,jour
ch1_p119_s4_c0,femme
ch1_p119_s4_c0,famille
ch1_p119_s4_c0,avis
ch1_p119_s4_c0,oncle
ch1_p119_s4_c0,contraire
ch1_p119_s4_c0,veuve
ch1_p119_s4_c0,comtesse
ch1_p119_s4_c0,nom
ch1_p119_s4_c0,doute
ch1_p119_s4_c0,nom
ch1_p119_s4_c0,guerre
ch1_p119_s4_c1,politesse
ch1_p119_s4_c1,bijou
ch1_p119_s4_c1,famille
ch1_p119_s4_c1,fois
ch1_p119_s5_c0,nom
ch1_p119_s5_c0,acteur
ch1_p119_s5_c0,conversation
ch1_p119_s5_c0,père
ch1_p119_s5_c0,mère
ch1_p119_s5_c0,amie
ch1_p119_s5_c0,oncle
ch1_p119_s5_c0,stage
ch1_p119_s5_c0,année
ch1_p119_s5_c0,homme
ch1_p119_s5_c0,porte
ch1_p119_s5_c0,femme
ch1_p119_s5_c0,lettre
ch1_p119_s5_c0,concierge
ch1_p119_s5_c0,hôtel
ch1_p119_s5_c0,oncle
ch1_p119_s5_c0,gamin
ch1_p119_s5_c0,acteur
ch1_p119_s5_c1,amie
ch1_p120_s0_c0,prétexte
ch1_p120_s0_c0,leçon
ch1_p120_s0_c0,mal
ch1_p120_s0_c0,fois
ch1_p120_s0_c0,oncle
ch1_p120_s0_c0,jour
ch1_p120_s0_c0,visite
ch1_p120_s0_c0,parent
ch1_p120_s0_c0,heure
ch1_p120_s0_c0,lieu
ch1_p120_s0_c0,colonne
ch1_p120_s0_c0,affiche
ch1_p120_s1_c0,porte
ch1_p120_s1_c0,voiture
ch1_p120_s1_c0,cheval
ch1_p120_s1_c0,œillère
ch1_p120_s1_c0,œillet
ch1_p120_s1_c0,boutonnière
ch1_p120_s2_c0,escalier
ch1_p120_s2_c0,rire
ch1_p120_s2_c0,voix
ch1_p120_s2_c0,femme
ch1_p120_s2_c0,silence
ch1_p120_s2_c0,bruit
ch1_p120_s2_c0,porte
ch1_p120_s3_c0,valet
ch1_p120_s3_c0,chambre
ch1_p120_s3_c0,oncle
ch1_p120_s3_c0,doute
ch1_p120_s3_c0,voix
ch1_p120_s4_c0,minute
ch1_p120_s5_c0,photographie
ch1_p120_s5_c0,bureau
ch1_p120_s5_c0,maman
ch1_p120_s5_c0,nièce
ch1_p120_s5_c0,photographie
ch1_p120_s5_c0,côté
ch1_p120_s6_c0,instant
ch1_p121_s0_c0,oncle
ch1_p121_s0_c0,valet
ch1_p121_s0_c0,chambre
ch1_p122_s0_c0,table
ch1_p122_s0_c0,assiette
ch1_p122_s0_c0,massepain
ch1_p122_s0_c0,habitude
ch1_p122_s0_c0,oncle
ch1_p122_s0_c0,vareuse
ch1_p122_s0_c0,jour
ch1_p122_s0_c0,face
ch1_p122_s0_c0,robe
ch1_p122_s0_c0,soie
ch1_p122_s0_c0,collier
ch1_p122_s0_c0,perle
ch1_p122_s0_c0,cou
ch1_p122_s0_c0,femme
ch1_p122_s0_c0,mandarine
ch1_p122_s1_c0,incertitude
ch1_p122_s1_c0,monsieur
ch1_p122_s1_c0,mademoiselle
ch1_p122_s1_c0,oeil
ch1_p122_s1_c0,côté
ch1_p122_s1_c0,peur
ch1_p122_s1_c0,oncle
ch1_p122_s2_c0,oncle
ch1_p122_s2_c0,nom
ch1_p122_s2_c0,doute
ch1_p122_s2_c0,difficulté
ch1_p122_s2_c0,trait
ch1_p122_s2_c0,union
ch1_p122_s2_c0,famille
ch1_p122_s2_c0,genre
ch1_p122_s2_c0,relation
ch1_p123_s0_c0,mère
ch1_p124_s0_c0,nièce
ch1_p124_s0_c0,photographie
ch1_p124_s0_c0,oncle
ch1_p125_s0_c0,ami
ch1_p125_s0_c0,escalier
ch1_p125_s0_c0,année
ch1_p125_s1_c0,vue
ch1_p125_s1_c0,temps
ch1_p125_s1_c0,éclair
ch1_p125_s1_c0,escalier
ch1_p125_s2_c0,homme
ch1_p125_s2_c0,oeil
ch1_p125_s2_c0,doigt
ch1_p125_s2_c0,ligne
ch1_p125_s2_c0,front
ch1_p125_s3_c0,monsieur
ch1_p125_s3_c0,nièce
ch1_p125_s3_c0,nom
ch1_p125_s3_c0,ami
ch1_p125_s4_c0,oncle
ch1_p126_s0_c0,père
ch1_p126_s0_c0,oncle
ch1_p126_s0_c0,présentation
ch1_p126_s0_c0,distance
ch1_p126_s0_c0,nom
ch1_p126_s0_c0,maman
ch1_p126_s1_c0,père
ch1_p126_s1_c0,pauvre
ch1_p126_s1_c0,mère
ch1_p127_s0_c0,père
ch1_p127_s0_c0,dame
ch1_p127_s0_c0,rose
ch1_p127_s0_c0,inclinaison
ch1_p127_s0_c0,tête
ch1_p127_s0_c0,mère
ch1_p127_s0_c0,ami
ch1_p127_s1_c0,chagrin
ch1_p128_s0_c0,déception
ch1_p128_s0_c0,dame
ch1_p128_s0_c0,femme
ch1_p128_s0_c0,famille
ch1_p128_s0_c0,fille
ch1_p128_s0_c0,cousin
ch1_p128_s0_c0,an
ch1_p128_s0_c0,janvier
ch1_p128_s1_c0,mieux
ch1_p128_s1_c0,amie
ch1_p128_s1_c0,oncle
ch1_p128_s1_c0,regard
ch1_p128_s1_c0,air
ch1_p128_s2_c0,aspect
ch1_p128_s2_c0,photographie
ch1_p128_s2_c0,acteur
ch1_p128_s2_c0,expression
ch1_p128_s2_c0,rapport
ch1_p128_s2_c0,vie
ch1_p128_s3_c0,peine
ch1_p128_s3_c0,cocotte
ch1_p128_s3_c0,cocotte
ch1_p128_s3_c0,voiture
ch1_p128_s3_c0,cheval
ch1_p128_s3_c0,robe
ch1_p128_s3_c0,collier
ch1_p128_s3_c0,perle
ch1_p128_s3_c0,oncle
ch1_p128_s3_c0,volée
ch1_p128_s4_c0,millionnaire
ch1_p128_s4_c0,voiture
ch1_p128_s4_c0,hôtel
ch1_p128_s4_c0,bijou
ch1_p128_s4_c0,plaisir
ch1_p128_s4_c0,fortune
ch1_p128_s4_c0,air
ch1_p128_s5_c0,vie
ch1_p128_s5_c0,immoralité
ch1_p128_s5_c0,apparence
ch1_p128_s5_c0,secret
ch1_p128_s5_c0,roman
ch1_p128_s5_c0,scandale
ch1_p128_s5_c0,parent
ch1_p128_s5_c0,monde
ch1_p128_s5_c0,beauté
ch1_p128_s5_c0,notoriété
ch1_p128_s5_c0,jeu
ch1_p128_s5_c0,physionomie
ch1_p128_s5_c0,intonation
ch1_p128_s5_c0,voix
ch1_p128_s5_c1,fille
ch1_p128_s5_c1,famille
ch1_p128_s5_c1,famille
ch1_p129_s0_c0,cabinet
ch1_p129_s0_c0,travail
ch1_p129_s0_c0,oncle
ch1_p129_s0_c0,air
ch1_p129_s0_c0,présence
ch1_p129_s0_c0,cigarette
ch1_p130_s1_c0,être
ch1_p130_s2_c0,étui
ch1_p130_s2_c0,cigarette
ch1_p130_s2_c0,inscription
ch1_p130_s3_c0,coup
ch1_p130_s3_c0,père
ch1_p130_s3_c0,homme
ch1_p130_s4_c0,neveu
ch1_p130_s6_c0,air
ch1_p130_s7_c0,accueil
ch1_p130_s7_c0,père
ch1_p130_s7_c0,réserve
ch1_p130_s7_c0,froideur
ch1_p130_s7_c0,indélicatesse
ch1_p130_s7_c0,inégalité
ch1_p130_s7_c0,reconnaissance
ch1_p130_s7_c0,amabilité
ch1_p130_s8_c0,côté
ch1_p130_s8_c0,rôle
ch1_p130_s8_c0,femme
ch1_p130_s8_c0,générosité
ch1_p130_s8_c0,talent
ch1_p130_s8_c0,rêve
ch1_p130_s8_c0,beauté
ch1_p130_s8_c0,artiste
ch1_p130_s8_c0,cadre
ch1_p130_s8_c0,existence
ch1_p130_s8_c0,sertissage
ch1_p130_s8_c0,fin
ch1_p130_s8_c0,vie
ch1_p130_s8_c0,homme
ch1_p130_s9_c0,fumoir
ch1_p130_s9_c0,oncle
ch1_p130_s9_c0,vareuse
ch1_p130_s9_c0,corps
ch1_p130_s9_c0,robe
ch1_p130_s9_c0,soie
ch1_p130_s9_c0,perle
ch1_p130_s9_c0,élégance
ch1_p130_s9_c0,amitié
ch1_p130_s9_c0,propos
ch1_p130_s9_c0,père
ch1_p130_s9_c0,délicatesse
ch1_p130_s9_c0,tour
ch1_p130_s9_c0,appellation
ch1_p130_s9_c0,regard
ch1_p130_s9_c0,eau
ch1_p130_s9_c0,humilité
ch1_p130_s9_c0,gratitude
ch1_p130_s9_c1,bijou
ch1_p130_s9_c1,chose
ch1_p131_s0_c0,heure
ch1_p131_s0_c0,aille
ch1_p131_s0_c0,oncle
ch1_p132_s0_c0,envie
ch1_p132_s0_c0,main
ch1_p132_s0_c0,dame
ch1_p132_s0_c0,rose
ch1_p132_s0_c0,chose
ch1_p132_s0_c0,enlèvement
ch1_p132_s1_c0,cœur
ch1_p132_s1_c0,chose
ch1_p132_s2_c0,geste
ch1_p132_s2_c0,raison
ch1_p132_s2_c0,moment
ch1_p132_s2_c0,faveur
ch1_p132_s2_c0,lèvre
ch1_p132_s2_c0,main
ch1_p133_s1_c0,œil
ch1_p133_s1_c0,femme
ch1_p133_s1_c0,oncle
ch1_p133_s2_c0,dent
ch1_p133_s2_c0,phrase
ch1_p133_s2_c0,accent
ch1_p133_s3_c0,fois
ch1_p133_s3_c0,voisin
ch1_p133_s3_c0,anglais
ch1_p133_s3_c0,bleu
ch1_p133_s3_c0,matin
ch1_p134_s0_c0,bleu
ch1_p134_s1_c0,moitié
ch1_p134_s1_c0,mot
ch1_p134_s1_c0,dame
ch1_p134_s1_c0,crainte
ch1_p134_s1_c0,question
ch1_p134_s1_c0,attention
ch1_p134_s1_c0,fatigue
ch1_p135_s0_c0,oncle
ch1_p135_s0_c0,épaule
ch1_p135_s1_c0,prix
ch1_p135_s1_c0,cours
ch1_p135_s1_c0,voix
ch1_p135_s1_c0,mensonge
ch1_p135_s2_c0,victor
ch1_p135_s2_c0,hugo
ch1_p135_s2_c0,espèce
ch1_p135_s2_c0,vaulabelle
ch1_p136_s0_c0,artiste
ch1_p136_s0_c0,dame
ch1_p136_s0_c0,rose
ch1_p136_s0_c0,femme
ch1_p136_s0_c0,être
ch1_p136_s0_c0,élite
ch1_p136_s1_c0,ignorance
ch1_p136_s1_c0,ami
ch1_p136_s2_c0,vaulabelle
ch1_p136_s3_c0,volume
ch1_p136_s3_c0,bibliothèque
ch1_p136_s3_c0,boudoir
ch1_p136_s4_c0,soin
ch1_p137_s0_c0,oncle
ch1_p137_s0_c0,livre
ch1_p137_s0_c0,antichambre
ch1_p137_s1_c0,amour
ch1_p137_s1_c0,dame
ch1_p137_s1_c0,rose
ch1_p137_s1_c0,baiser
ch1_p137_s1_c0,joue
ch1_p137_s1_c0,tabac
ch1_p137_s1_c0,oncle
ch1_p137_s1_c0,embarras
ch1_p137_s1_c0,visite
ch1_p137_s1_c0,parent
ch1_p137_s1_c0,larme
ch1_p137_s1_c0,oeil
ch1_p137_s1_c0,souvenir
ch1_p137_s1_c0,bonté
ch1_p137_s1_c0,jour
ch1_p137_s1_c0,moyen
ch1_p137_s1_c0,reconnaissance
ch1_p137_s2_c0,heure
ch1_p137_s2_c0,phrase
ch1_p137_s2_c0,parent
ch1_p137_s2_c0,idée
ch1_p137_s2_c0,importance
ch1_p137_s2_c0,explicite
ch1_p137_s2_c0,détail
ch1_p137_s2_c0,visite
ch1_p137_s3_c0,ennui
ch1_p137_s3_c0,oncle
ch1_p137_s4_c0,désirer
ch1_p137_s5_c0,parent
ch1_p137_s5_c0,mal
ch1_p137_s5_c0,visite
ch1_p137_s6_c0,jour
ch1_p137_s6_c0,ami
ch1_p137_s6_c0,femme
ch1_p137_s6_c0,importance
ch1_p137_s6_c0,silence
ch1_p137_s7_c0,monde
ch1_p137_s7_c0,cerveau
ch1_p137_s7_c0,réceptacle
ch1_p137_s7_c0,réaction
ch1_p137_s7_c0,parent
ch1_p137_s7_c0,connaissance
ch1_p137_s7_c0,oncle
ch1_p137_s7_c0,transmisse
ch1_p137_s7_c0,temps
ch1_p137_s7_c0,souhaitai
ch1_p137_s7_c0,jugement
ch1_p137_s7_c0,présentation
ch1_p137_s8_c0,parent
ch1_p137_s8_c0,principe
ch1_p137_s8_c0,action
ch1_p137_s8_c0,oncle
ch1_p137_s9_c0,père
ch1_p137_s9_c0,explication
ch1_p137_s10_c0,jour
ch1_p137_s10_c0,oncle
ch1_p137_s10_c0,voiture
ch1_p137_s10_c0,découverte
ch1_p137_s10_c0,douleur
ch1_p137_s10_c0,reconnaissance
ch1_p137_s10_c0,remords
ch1_p137_s11_c0,côté
ch1_p137_s11_c0,immensité
ch1_p137_s11_c0,coup
ch1_p137_s11_c0,chapeau
ch1_p137_s11_c0,oncle
ch1_p137_s11_c0,politesse
ch1_p137_s12_c0,geste
ch1_p137_s12_c0,tête
ch1_p137_s13_c0,oncle
ch1_p137_s13_c0,ordre
ch1_p137_s13_c0,parent
ch1_p137_s13_c0,année
ch1_p138_s0_c0,cabinet
ch1_p138_s0_c0,repos
ch1_p138_s0_c0,oncle
ch1_p138_s0_c0,adolphe
ch1_p138_s0_c0,abord
ch1_p138_s0_c0,françoise
ch1_p138_s0_c0,parvis
ch1_p138_s0_c0,fille
ch1_p138_s0_c0,cuisine
ch1_p138_s0_c0,café
ch1_p138_s0_c0,eau
ch1_p138_s0_c0,mme
ch1_p138_s0_c0,octave
ch1_p138_s1_c0,fille
ch1_p138_s1_c0,cuisine
ch1_p138_s1_c0,institution
ch1_p138_s1_c0,attribution
ch1_p138_s1_c0,sorte
ch1_p138_s1_c0,continuité
ch1_p138_s1_c0,identité
ch1_p138_s1_c0,travers
ch1_p138_s1_c0,succession
ch1_p138_s1_c0,forme
ch1_p138_s1_c0,an
ch1_p138_s1_c0,suite
ch1_p138_s2_c0,année
ch1_p138_s2_c0,asperge
ch1_p138_s2_c0,fille
ch1_p138_s2_c0,cuisine
ch1_p138_s2_c0,créature
ch1_p138_s2_c0,état
ch1_p138_s2_c0,grossesse
ch1_p138_s2_c0,pâques
ch1_p138_s2_c0,françoise
ch1_p138_s2_c0,course
ch1_p138_s2_c0,besogne
ch1_p138_s2_c0,corbeille
ch1_p138_s2_c0,jour
ch1_p138_s2_c0,forme
ch1_p138_s3_c0,houppelande
ch1_p138_s3_c0,figure
ch1_p138_s3_c0,giotto
ch1_p138_s3_c0,swann
ch1_p138_s3_c0,photographie
ch1_p138_s4_c0,fille
ch1_p138_s4_c0,cuisine
ch1_p138_s4_c0,charité
ch1_p138_s4_c0,giotto
ch1_p138_s5_c0,pauvre
ch1_p138_s5_c0,fille
ch1_p138_s5_c0,grossesse
ch1_p138_s5_c0,figure
ch1_p138_s5_c0,joue
ch1_p138_s5_c0,vierge
ch1_p138_s5_c0,hommasse
ch1_p138_s5_c0,matrone
ch1_p138_s5_c0,vertu
ch1_p138_s5_c0,arena
ch1_p138_s6_c0,compte
ch1_p138_s6_c0,vertu
ch1_p138_s6_c0,vice
ch1_p138_s6_c0,padoue
ch1_p138_s6_c0,manière
ch1_p138_s7_c0,image
ch1_p138_s7_c0,fille
ch1_p138_s7_c0,symbole
ch1_p138_s7_c0,ventre
ch1_p138_s7_c0,air
ch1_p138_s7_c0,sens
ch1_p138_s7_c0,visage
ch1_p138_s7_c0,traduisît
ch1_p138_s7_c0,beauté
ch1_p138_s7_c0,esprit
ch1_p138_s7_c0,fardeau
ch1_p138_s7_c0,ménagère
ch1_p138_s7_c0,arena
ch1_p138_s7_c0,nom
ch1_p138_s7_c0,caritas
ch1_p138_s7_c0,reproduction
ch1_p138_s7_c0,mur
ch1_p138_s7_c0,salle
ch1_p138_s7_c0,étude
ch1_p138_s7_c1,combray
ch1_p138_s7_c1,vertu
ch1_p138_s7_c1,pensée
ch1_p138_s7_c1,charité
ch1_p138_s7_c1,visage
ch1_p138_s8_c0,invention
ch1_p138_s8_c0,peintre
ch1_p138_s8_c0,foule
ch1_p138_s8_c0,pied
ch1_p138_s8_c0,trésor
ch1_p138_s8_c0,terre
ch1_p138_s8_c0,raisin
ch1_p138_s8_c0,jus
ch1_p138_s8_c0,sac
ch1_p138_s8_c0,dieu
ch1_p138_s8_c0,cœur
ch1_p138_s8_c0,dison
ch1_p138_s8_c0,cuisinière
ch1_p138_s8_c0,soupirail
ch1_p138_s8_c0,fenêtre
ch1_p138_s9_c0,envie
ch1_p138_s9_c0,expression
ch1_p138_s9_c0,envie
ch1_p138_s10_c0,fresque
ch1_p138_s10_c0,symbole
ch1_p138_s10_c0,place
ch1_p138_s10_c0,serpent
ch1_p138_s10_c0,lèvre
ch1_p138_s10_c0,envie
ch1_p138_s10_c0,bouche
ch1_p138_s10_c0,muscle
ch1_p138_s10_c0,figure
ch1_p138_s10_c0,enfant
ch1_p138_s10_c0,ballon
ch1_p138_s10_c0,souffle
ch1_p138_s10_c0,attention
ch1_p138_s10_c0,envie
ch1_p138_s10_c0,coup
ch1_p138_s10_c0,action
ch1_p138_s10_c0,lèvre
ch1_p138_s10_c1,temps
ch1_p138_s10_c1,pensée
ch1_p139_s0_c0,admiration
ch1_p139_s0_c0,swann
ch1_p139_s0_c0,figure
ch1_p139_s0_c0,giotto
ch1_p139_s0_c0,plaisir
ch1_p139_s0_c0,salle
ch1_p139_s0_c0,étude
ch1_p139_s0_c0,copie
ch1_p139_s0_c0,charité
ch1_p139_s0_c0,charité
ch1_p139_s0_c0,envie
ch1_p139_s0_c0,air
ch1_p139_s0_c0,planche
ch1_p139_s0_c0,livre
ch1_p139_s0_c0,médecine
ch1_p139_s0_c0,compression
ch1_p139_s0_c0,glotte
ch1_p139_s0_c0,luette
ch1_p139_s0_c0,tumeur
ch1_p139_s0_c0,langue
ch1_p139_s0_c0,introduction
ch1_p139_s0_c0,instrument
ch1_p139_s0_c0,opérateur
ch1_p139_s0_c1,justice
ch1_p139_s0_c1,visage
ch1_p139_s0_c1,combray
ch1_p139_s0_c1,messe
ch1_p139_s0_c1,avance
ch1_p139_s0_c1,milice
ch1_p139_s0_c1,réserve
ch1_p139_s0_c1,injustice
ch1_p139_s1_c0,étrangeté
ch1_p139_s1_c0,beauté
ch1_p139_s1_c0,fresque
ch1_p139_s1_c0,place
ch1_p139_s1_c0,symbole
ch1_p139_s1_c0,symbole
ch1_p139_s1_c0,pensée
ch1_p139_s1_c0,signification
ch1_p139_s1_c0,œuvre
ch1_p139_s1_c0,chose
ch1_p139_s1_c0,enseignement
ch1_p139_s1_c0,chose
ch1_p139_s1_c0,concret
ch1_p139_s2_c0,pauvre
ch1_p139_s2_c0,fille
ch1_p139_s2_c0,cuisine
ch1_p139_s2_c0,attention
ch1_p139_s2_c0,cesse
ch1_p139_s2_c0,ventre
ch1_p139_s2_c0,poids
ch1_p139_s2_c0,pensée
ch1_p139_s2_c0,agonisant
ch1_p139_s2_c0,côté
ch1_p139_s2_c0,obscur
ch1_p139_s2_c0,mort
ch1_p139_s2_c0,côté
ch1_p139_s2_c0,fardeau
ch1_p139_s2_c0,difficulté
ch1_p139_s2_c1,besoin
ch1_p139_s2_c1,idée
ch1_p139_s2_c1,mort
ch1_p140_s0_c0,vertu
ch1_p140_s0_c0,vice
ch1_p140_s0_c0,padoue
ch1_p140_s0_c0,réalité
ch1_p140_s1_c0,âme
ch1_p140_s1_c0,vertu
ch1_p140_s1_c0,valeur
ch1_p140_s1_c0,réalité
ch1_p140_s1_c0,physiognomonique
ch1_p140_s2_c0,occasion
ch1_p140_s2_c0,cours
ch1_p140_s2_c0,vie
ch1_p140_s2_c0,couvent
ch1_p140_s2_c0,exemple
ch1_p140_s2_c0,incarnation
ch1_p140_s2_c0,charité
ch1_p140_s2_c0,air
ch1_p140_s2_c0,chirurgien
ch1_p140_s2_c0,visage
ch1_p140_s2_c0,commisération
ch1_p140_s2_c0,attendrissement
ch1_p140_s2_c0,souffrance
ch1_p140_s2_c0,crainte
ch1_p140_s2_c0,visage
ch1_p140_s2_c0,douceur
ch1_p140_s2_c0,visage
ch1_p140_s2_c0,bonté
ch1_p141_s0_c0,fille
ch1_p141_s0_c0,cuisine
ch1_p141_s0_c0,supériorité
ch1_p141_s0_c0,françoise
ch1_p141_s0_c0,erreur
ch1_p141_s0_c0,contraste
ch1_p141_s0_c0,triomphe
ch1_p141_s0_c0,vérité
ch1_p141_s0_c0,café
ch1_p141_s0_c0,maman
ch1_p141_s0_c0,eau
ch1_p141_s0_c0,chambre
ch1_p141_s0_c0,eau
ch1_p141_s0_c0,peine
ch1_p141_s0_c0,lit
ch1_p141_s0_c0,livre
ch1_p141_s0_c0,main
ch1_p141_s0_c1,chambre
ch1_p141_s0_c1,fraîcheur
ch1_p141_s0_c1,soleil
ch1_p141_s0_c1,volet
ch1_p141_s0_c1,reflet
ch1_p141_s0_c1,jour
ch1_p141_s0_c1,moyen
ch1_p141_s0_c1,aile
ch1_p141_s0_c1,bois
ch1_p141_s0_c1,vitrage
ch1_p141_s0_c1,coin
ch1_p141_s0_c1,papillon
ch1_p141_s1_c0,peine
ch1_p141_s1_c0,sensation
ch1_p141_s1_c0,splendeur
ch1_p141_s1_c0,lumière
ch1_p141_s1_c0,coup
ch1_p141_s1_c0,rue
ch1_p141_s1_c0,cure
ch1_p141_s1_c0,camus
ch1_p141_s1_c0,françoise
ch1_p141_s1_c0,tante
ch1_p141_s1_c0,bruit
ch1_p141_s1_c0,caisse
ch1_p141_s1_c0,atmosphère
ch1_p141_s1_c0,temps
ch1_p141_s1_c1,astre
ch1_p141_s1_c1,mouche
ch1_p141_s1_c1,concert
ch1_p141_s1_c1,musique
ch1_p141_s1_c1,chambre
ch1_p141_s1_c1,été
ch1_p141_s1_c1,air
ch1_p141_s1_c1,musique
ch1_p141_s1_c1,hasard
ch1_p141_s1_c1,saison
ch1_p141_s1_c1,été
ch1_p141_s1_c1,lien
ch1_p141_s1_c1,jour
ch1_p141_s1_c1,essence
ch1_p141_s1_c2,image
ch1_p141_s1_c2,mémoire
ch1_p141_s1_c2,présence
ch1_p142_s0_c0,fraîcheur
ch1_p142_s0_c0,chambre
ch1_p142_s0_c0,soleil
ch1_p142_s0_c0,rue
ch1_p142_s0_c0,ombre
ch1_p142_s0_c0,rayon
ch1_p142_s0_c0,imagination
ch1_p142_s0_c0,spectacle
ch1_p142_s0_c0,sens
ch1_p142_s0_c0,promenade
ch1_p142_s0_c1,morceau
ch1_p142_s0_c1,repos
ch1_p142_s0_c1,grâce
ch1_p142_s0_c1,aventure
ch1_p142_s0_c1,livre
ch1_p142_s0_c1,repos
ch1_p142_s0_c1,main
ch1_p142_s0_c1,milieu
ch1_p142_s0_c1,eau
ch1_p142_s0_c1,choc
ch1_p142_s0_c1,animation
ch1_p142_s0_c1,torrent
ch1_p142_s0_c1,activité
ch1_p143_s0_c0,temps
ch1_p143_s0_c0,orage
ch1_p143_s0_c0,grain
ch1_p143_s1_c0,lecture
ch1_p143_s1_c0,jardin
ch1_p143_s1_c0,marronnier
ch1_p143_s1_c0,guérite
ch1_p143_s1_c0,sparterie
ch1_p143_s1_c0,toile
ch1_p143_s1_c0,fond
ch1_p143_s1_c0,oeil
ch1_p143_s1_c0,personne
ch1_p143_s1_c0,visite
ch1_p143_s1_c0,parent
ch1_p144_s0_c0,pensée
ch1_p144_s0_c0,crèche
ch1_p144_s0_c0,fond
ch1_p144_s1_c0,objet
ch1_p144_s1_c0,conscience
ch1_p144_s1_c0,liseré
ch1_p144_s1_c0,matière
ch1_p144_s1_c0,sorte
ch1_p144_s1_c0,contact
ch1_p144_s1_c0,corps
ch1_p144_s1_c0,objet
ch1_p144_s1_c0,humidité
ch1_p144_s1_c0,zone
ch1_p144_s1_c0,évaporation
ch1_p144_s2_c0,espèce
ch1_p144_s2_c0,écran
ch1_p144_s2_c0,état
ch1_p144_s2_c0,conscience
ch1_p144_s2_c0,aspiration
ch1_p144_s2_c0,vision
ch1_p144_s2_c0,horizon
ch1_p144_s2_c0,bout
ch1_p144_s2_c0,jardin
ch1_p144_s2_c0,oeil
ch1_p144_s2_c0,poignée
ch1_p144_s2_c0,cesse
ch1_p144_s2_c0,mouvement
ch1_p144_s2_c0,croyance
ch1_p144_s2_c0,richesse
ch1_p144_s2_c1,beauté
ch1_p144_s2_c1,livre
ch1_p144_s2_c1,désir
ch1_p144_s2_c1,livre
ch1_p144_s3_c0,combray
ch1_p144_s3_c0,épicerie
ch1_p144_s3_c0,borange
ch1_p144_s3_c0,maison
ch1_p144_s3_c0,françoise
ch1_p144_s3_c0,camus
ch1_p144_s3_c0,papeterie
ch1_p144_s3_c0,librairie
ch1_p144_s3_c0,ficelle
ch1_p144_s3_c0,mosaïque
ch1_p144_s3_c0,brochure
ch1_p144_s3_c0,livraison
ch1_p144_s3_c0,vantail
ch1_p144_s3_c0,pensée
ch1_p144_s3_c0,porte
ch1_p144_s3_c0,cathédrale
ch1_p144_s3_c1,ouvrage
ch1_p144_s3_c1,professeur
ch1_p144_s3_c1,camarade
ch1_p144_s3_c1,époque
ch1_p144_s3_c1,secret
ch1_p144_s3_c1,vérité
ch1_p144_s3_c1,beauté
ch1_p144_s3_c1,demi
ch1_p144_s3_c1,pressentie
ch1_p144_s3_c1,demi
ch1_p144_s3_c1,connaissance
ch1_p144_s3_c1,but
ch1_p144_s3_c1,vague
ch1_p144_s3_c1,pensée
ch1_p145_s0_c0,croyance
ch1_p145_s0_c0,lecture
ch1_p145_s0_c0,mouvement
ch1_p145_s0_c0,découverte
ch1_p145_s0_c0,vérité
ch1_p145_s0_c0,émotion
ch1_p145_s0_c0,action
ch1_p145_s0_c0,part
ch1_p145_s0_c0,événement
ch1_p145_s0_c0,vie
ch1_p145_s1_c0,événement
ch1_p145_s1_c0,livre
ch1_p145_s1_c0,personnage
ch1_p145_s1_c0,réels
ch1_p145_s1_c0,françoise
ch1_p145_s2_c0,sentiment
ch1_p145_s2_c0,joie
ch1_p145_s2_c0,infortune
ch1_p145_s2_c0,personnage
ch1_p145_s2_c0,intermédiaire
ch1_p145_s2_c0,image
ch1_p145_s2_c0,joie
ch1_p145_s2_c0,infortune
ch1_p145_s2_c0,ingéniosité
ch1_p145_s2_c0,romancier
ch1_p145_s2_c0,appareil
ch1_p145_s2_c0,émotion
ch1_p145_s2_c0,image
ch1_p145_s2_c0,élément
ch1_p145_s2_c0,simplification
ch1_p145_s2_c0,personnage
ch1_p145_s2_c0,perfectionnement
ch1_p145_s3_c0,part
ch1_p145_s3_c0,sens
ch1_p145_s3_c0,poids
ch1_p145_s3_c0,sensibilité
ch1_p145_s4_c0,malheur
ch1_p145_s4_c0,frappe
ch1_p145_s4_c0,partie
ch1_p145_s4_c0,notion
ch1_p145_s4_c0,partie
ch1_p145_s4_c0,notion
ch1_p145_s5_c0,trouvaille
ch1_p145_s5_c0,romancier
ch1_p145_s5_c0,idée
ch1_p145_s5_c0,party
ch1_p145_s5_c0,âme
ch1_p145_s5_c0,quantité
ch1_p145_s5_c0,party
ch1_p145_s5_c0,âme
ch1_p145_s6_c0,action
ch1_p145_s6_c0,émotion
ch1_p145_s6_c0,être
ch1_p145_s6_c0,genre
ch1_p145_s6_c0,dépendance
ch1_p145_s6_c0,page
ch1_p145_s6_c0,livre
ch1_p145_s6_c0,rapidité
ch1_p145_s6_c0,respiration
ch1_p145_s6_c0,intensité
ch1_p145_s6_c0,regard
ch1_p145_s7_c0,fois
ch1_p145_s7_c0,romancier
ch1_p145_s7_c0,état
ch1_p145_s7_c0,état
ch1_p145_s7_c0,émotion
ch1_p145_s7_c0,livre
ch1_p145_s7_c0,rêve
ch1_p145_s7_c0,rêve
ch1_p145_s7_c0,dormant
ch1_p145_s7_c0,souvenir
ch1_p145_s7_c0,heure
ch1_p145_s7_c0,bonheur
ch1_p145_s7_c0,malheur
ch1_p145_s7_c0,vie
ch1_p145_s7_c0,année
ch1_p145_s7_c1,lenteur
ch1_p145_s7_c1,perception
ch1_p145_s7_c1,cœur
ch1_p145_s7_c1,vie
ch1_p145_s7_c1,douleur
ch1_p145_s7_c1,lecture
ch1_p145_s7_c1,imagination
ch1_p145_s7_c1,réalité
ch1_p145_s7_c1,phénomène
ch1_p145_s7_c1,nature
ch1_p145_s7_c1,état
ch1_p145_s7_c1,revanche
ch1_p145_s7_c1,sensation
ch1_p145_s7_c1,changement
ch1_p146_s0_c0,corps
ch1_p146_s0_c0,vie
ch1_p146_s0_c0,personnage
ch1_p146_s0_c0,demi
ch1_p146_s0_c0,paysage
ch1_p146_s0_c0,action
ch1_p146_s0_c0,pensée
ch1_p146_s0_c0,influence
ch1_p146_s0_c0,oeil
ch1_p146_s0_c0,levai
ch1_p146_s0_c0,livre
ch1_p146_s1_c0,été
ch1_p146_s1_c0,chaleur
ch1_p146_s1_c0,jardin
ch1_p146_s1_c0,combray
ch1_p146_s1_c0,cause
ch1_p146_s1_c0,livre
ch1_p146_s1_c0,nostalgie
ch1_p146_s1_c0,pays
ch1_p146_s1_c0,scierie
ch1_p146_s1_c0,fond
ch1_p146_s1_c0,eau
ch1_p146_s1_c0,morceau
ch1_p146_s1_c0,bois
ch1_p146_s1_c0,touffe
ch1_p146_s1_c0,cresson
ch1_p146_s1_c0,long
ch1_p146_s1_c0,mur
ch1_p146_s1_c0,grappe
ch1_p146_s1_c0,fleur
ch1_p146_s1_c0,violette
ch1_p146_s2_c0,rêve
ch1_p146_s2_c0,femme
ch1_p146_s2_c0,pensée
ch1_p146_s2_c0,été
ch1_p146_s2_c0,rêve
ch1_p146_s2_c0,fraîcheur
ch1_p146_s2_c0,eau
ch1_p146_s2_c0,femme
ch1_p146_s2_c0,grappe
ch1_p146_s2_c0,fleur
ch1_p146_s2_c0,violette
ch1_p146_s2_c0,côté
ch1_p146_s2_c0,couleur
ch1_p147_s0_c0,image
ch1_p147_s0_c0,reflet
ch1_p147_s0_c0,couleur
ch1_p147_s0_c0,hasard
ch1_p147_s0_c0,rêverie
ch1_p147_s0_c0,paysage
ch1_p147_s0_c0,livre
ch1_p147_s0_c0,paysage
ch1_p147_s0_c0,imagination
ch1_p147_s0_c0,combray
ch1_p147_s0_c0,oeil
ch1_p147_s1_c0,choix
ch1_p147_s1_c0,auteur
ch1_p147_s1_c0,foi
ch1_p147_s1_c0,pensée
ch1_p147_s1_c0,parole
ch1_p147_s1_c0,révélation
ch1_p147_s1_c0,impression
ch1_p147_s1_c0,pays
ch1_p147_s1_c0,jardin
ch1_p147_s1_c0,produit
ch1_p147_s1_c0,prestige
ch1_p147_s1_c0,fantaisie
ch1_p147_s1_c0,jardinier
ch1_p147_s1_c0,part
ch1_p147_s1_c0,nature
ch1_p147_s1_c0,approfondie
ch1_p148_s0_c0,parent
ch1_p148_s0_c0,livre
ch1_p148_s0_c0,région
ch1_p148_s0_c0,conquête
ch1_p148_s0_c0,vérité
ch1_p148_s1_c0,sensation
ch1_p148_s1_c0,âme
ch1_p148_s1_c0,prison
ch1_p148_s1_c0,élan
ch1_p148_s1_c0,extérieur
ch1_p148_s1_c0,sorte
ch1_p148_s1_c0,découragement
ch1_p148_s1_c0,sonorité
ch1_p148_s1_c0,écho
ch1_p148_s1_c0,retentissement
ch1_p148_s1_c0,vibration
ch1_p148_s2_c0,chose
ch1_p148_s2_c0,reflet
ch1_p148_s2_c0,âme
ch1_p148_s2_c0,nature
ch1_p148_s2_c0,charme
ch1_p148_s2_c0,pensée
ch1_p148_s2_c0,voisinage
ch1_p148_s2_c0,idée
ch1_p148_s2_c0,force
ch1_p148_s2_c0,âme
ch1_p148_s2_c0,habileté
ch1_p148_s2_c0,splendeur
ch1_p148_s2_c0,être
ch1_p148_s3_c0,femme
ch1_p148_s3_c0,lieu
ch1_p148_s3_c0,fît
ch1_p148_s3_c0,accès
ch1_p148_s3_c0,monde
ch1_p148_s3_c0,hasard
ch1_p148_s3_c0,association
ch1_p148_s3_c0,pensée
ch1_p148_s3_c1,rêve
ch1_p148_s3_c1,voyage
ch1_p148_s3_c1,amour
ch1_p148_s3_c1,moment
ch1_p148_s3_c1,section
ch1_p148_s3_c1,hauteur
ch1_p148_s3_c1,jet
ch1_p148_s3_c1,eau
ch1_p148_s3_c1,apparence
ch1_p148_s3_c1,jaillissement
ch1_p148_s3_c1,force
ch1_p148_s3_c1,vie
ch1_p149_s0_c0,état
ch1_p149_s0_c0,conscience
ch1_p149_s0_c0,horizon
ch1_p149_s0_c0,plaisir
ch1_p149_s0_c0,genre
ch1_p149_s0_c0,odeur
ch1_p149_s0_c0,air
ch1_p149_s0_c0,visite
ch1_p149_s0_c0,heure
ch1_p149_s0_c0,clocher
ch1_p149_s0_c0,morceau
ch1_p149_s0_c0,morceau
ch1_p149_s0_c1,coup
ch1_p149_s0_c1,total
ch1_p149_s0_c1,silence
ch1_p149_s0_c1,ciel
ch1_p149_s0_c1,bleu
ch1_p149_s0_c1,partie
ch1_p149_s0_c1,dîner
ch1_p149_s0_c1,françoise
ch1_p149_s0_c1,fatigue
ch1_p149_s0_c1,lecture
ch1_p149_s0_c1,livre
ch1_p149_s0_c1,suite
ch1_p149_s0_c1,héros
ch1_p149_s1_c0,heure
ch1_p149_s1_c0,instant
ch1_p149_s1_c0,précédente
ch1_p149_s1_c0,ciel
ch1_p149_s1_c0,minute
ch1_p149_s1_c0,arc
ch1_p149_s1_c0,marque
ch1_p149_s2_c0,heure
ch1_p149_s2_c0,coup
ch1_p149_s2_c0,chose
ch1_p149_s2_c0,lieu
ch1_p149_s2_c0,lieu
ch1_p149_s2_c0,intérêt
ch1_p149_s2_c0,lecture
ch1_p149_s2_c0,sommeil
ch1_p149_s2_c0,change
ch1_p149_s2_c0,oreille
ch1_p149_s2_c0,halluciné
ch1_p149_s2_c0,cloche
ch1_p149_s2_c0,surface
ch1_p149_s2_c0,silence
ch1_p149_s3_c0,dimanche
ch1_p149_s3_c0,marronnier
ch1_p149_s3_c0,jardin
ch1_p149_s3_c0,combray
ch1_p149_s3_c0,incident
ch1_p149_s3_c0,existence
ch1_p149_s3_c0,vie
ch1_p149_s3_c0,aventure
ch1_p149_s3_c0,aspiration
ch1_p149_s3_c0,sein
ch1_p149_s3_c0,pays
ch1_p149_s3_c0,eau
ch1_p149_s3_c1,vie
ch1_p149_s3_c1,contenez
ch1_p149_s3_c1,contournée
ch1_p149_s3_c1,enclose
ch1_p149_s3_c1,lecture
ch1_p149_s3_c1,chaleur
ch1_p149_s3_c1,jour
ch1_p149_s3_c1,cristal
ch1_p149_s3_c1,feuillage
ch1_p149_s3_c1,heure
ch1_p150_s0_c0,lecture
ch1_p150_s0_c0,milieu
ch1_p150_s0_c0,fille
ch1_p150_s0_c0,jardinier
ch1_p150_s0_c0,passage
ch1_p150_s0_c0,oranger
ch1_p150_s0_c0,doigt
ch1_p150_s0_c0,dent
ch1_p150_s1_c0,françoise
ch1_p150_s1_c0,spectacle
ch1_p150_s2_c0,jour
ch1_p150_s2_c0,manœuvre
ch1_p150_s2_c0,garnison
ch1_p150_s2_c0,troupe
ch1_p150_s2_c0,combray
ch1_p150_s2_c0,rue
ch1_p150_s3_c0,domestique
ch1_p150_s3_c0,rang
ch1_p150_s3_c0,chaise
ch1_p150_s3_c0,grille
ch1_p150_s3_c0,promeneur
ch1_p150_s3_c0,combray
ch1_p150_s3_c0,fille
ch1_p150_s3_c0,jardinier
ch1_p150_s3_c0,fente
ch1_p150_s3_c0,maison
ch1_p150_s3_c0,avenue
ch1_p150_s3_c0,gare
ch1_p150_s3_c0,éclat
ch1_p150_s3_c0,casque
ch1_p150_s4_c0,domestique
ch1_p150_s4_c0,chaise
ch1_p150_s4_c0,cuirassier
ch1_p150_s4_c0,rue
ch1_p150_s4_c0,largeur
ch1_p150_s4_c0,galop
ch1_p150_s4_c0,cheval
ch1_p150_s4_c0,maison
ch1_p150_s4_c0,trottoir
ch1_p150_s4_c0,berge
ch1_p150_s4_c0,lit
ch1_p150_s4_c0,torrent
ch1_p151_s0_c0,pauvre
ch1_p151_s0_c0,enfant
ch1_p151_s0_c0,françoise
ch1_p151_s0_c0,peine
ch1_p151_s0_c0,grille
ch1_p151_s0_c0,larme
ch1_p151_s0_c0,jeunesse
ch1_p151_s0_c0,pré
ch1_p151_s0_c0,main
ch1_p151_s0_c0,cœur
ch1_p151_s0_c0,choc
ch1_p152_s0_c0,monsieur
ch1_p152_s0_c0,françoise
ch1_p152_s0_c0,vie
ch1_p152_s1_c0,jardinier
ch1_p154_s0_c0,vie
ch1_p154_s1_c0,vie
ch1_p154_s1_c0,cadeau
ch1_p154_s1_c0,dieu
ch1_p154_s1_c0,fois
ch1_p154_s3_c0,dieu
ch1_p154_s5_c0,peur
ch1_p154_s5_c0,mort
ch1_p154_s5_c0,guerre
ch1_p154_s5_c0,fou
ch1_p154_s5_c0,corde
ch1_p154_s5_c0,homme
ch1_p154_s5_c0,lion
ch1_p154_s6_c0,françoise
ch1_p154_s6_c0,comparaison
ch1_p154_s6_c0,homme
ch1_p154_s6_c0,lion
ch1_p154_s6_c0,flatteur
ch1_p155_s0_c0,rue
ch1_p155_s0_c0,fente
ch1_p155_s0_c0,maison
ch1_p155_s0_c0,avenue
ch1_p155_s0_c0,gare
ch1_p155_s0_c0,casque
ch1_p155_s0_c0,soleil
ch1_p155_s1_c0,jardinier
ch1_p155_s1_c0,soif
ch1_p155_s1_c0,soleil
ch1_p155_s2_c0,coup
ch1_p155_s2_c0,fille
ch1_p155_s2_c0,place
ch1_p155_s2_c0,assiégé
ch1_p155_s2_c0,sortie
ch1_p155_s2_c0,angle
ch1_p155_s2_c0,rue
ch1_p155_s2_c0,fois
ch1_p155_s2_c0,mort
ch1_p155_s2_c0,carafe
ch1_p155_s2_c0,nouveau
ch1_p155_s2_c0,côté
ch1_p155_s2_c0,thiberzy
ch1_p155_s2_c0,méséglise
ch1_p155_s3_c0,françoise
ch1_p155_s3_c0,jardinier
ch1_p155_s3_c0,conduite
ch1_p155_s3_c0,cas
ch1_p155_s3_c0,guerre
ch1_p156_s0_c0,voyez
ch1_p156_s0_c0,françoise
ch1_p156_s0_c0,jardinier
ch1_p156_s0_c0,révolution
ch1_p158_s0_c0,jardinier
ch1_p158_s0_c0,déclaration
ch1_p158_s0_c0,guerre
ch1_p158_s0_c0,chemin
ch1_p158_s0_c0,fer
ch1_p159_s0_c0,pardi
ch1_p159_s0_c0,françoise
ch1_p160_s0_c0,jardinier
ch1_p160_s1_c0,guerre
ch1_p160_s1_c0,espèce
ch1_p160_s1_c0,tour
ch1_p160_s1_c0,état
ch1_p160_s1_c0,peuple
ch1_p160_s1_c0,moyen
ch1_p161_s0_c0,françoise
ch1_p161_s0_c0,tante
ch1_p161_s0_c0,livre
ch1_p161_s0_c0,domestique
ch1_p161_s0_c0,porte
ch1_p161_s0_c0,poussière
ch1_p161_s0_c0,émotion
ch1_p161_s0_c0,soldat
ch1_p161_s1_c0,accalmie
ch1_p161_s1_c0,flot
ch1_p161_s1_c0,promeneur
ch1_p161_s1_c0,rue
ch1_p161_s1_c0,combray
ch1_p161_s2_c0,maison
ch1_p161_s2_c0,habitude
ch1_p161_s2_c0,domestique
ch1_p161_s2_c0,maître
ch1_p161_s2_c0,festonnaient
ch1_p161_s2_c0,seuil
ch1_p161_s2_c0,liséré
ch1_p161_s2_c0,algue
ch1_p161_s2_c0,coquille
ch1_p161_s2_c0,marée
ch1_p161_s2_c0,crêpe
ch1_p161_s2_c0,broderie
ch1_p161_s2_c0,rivage
ch1_p162_s0_c0,jour
ch1_p162_s0_c0,habitude
ch1_p162_s0_c0,contraire
ch1_p162_s1_c0,interruption
ch1_p162_s1_c0,commentaire
ch1_p162_s1_c0,fois
ch1_p162_s1_c0,visite
ch1_p162_s1_c0,swann
ch1_p162_s1_c0,lecture
ch1_p162_s1_c0,train
ch1_p162_s1_c0,livre
ch1_p162_s1_c0,auteur
ch1_p162_s1_c0,bergotte
ch1_p162_s1_c0,conséquence
ch1_p162_s1_c0,mur
ch1_p162_s1_c0,fleur
ch1_p162_s1_c0,violette
ch1_p162_s1_c0,quenouille
ch1_p162_s1_c0,fond
ch1_p162_s1_c0,portail
ch1_p162_s1_c0,cathédrale
ch1_p162_s1_c0,image
ch1_p162_s1_c0,femme
ch1_p163_s0_c0,bergotte
ch1_p163_s0_c0,fois
ch1_p163_s0_c0,camarade
ch1_p163_s0_c0,admiration
ch1_p163_s0_c0,bloch
ch1_p163_s1_c0,admiration
ch1_p163_s1_c0,nuit
ch1_p163_s1_c0,octobre
ch1_p163_s1_c0,rire
ch1_p163_s1_c0,trompette
ch1_p163_s1_c0,défie
ch1_p163_s1_c0,dilection
ch1_p163_s1_c0,sieur
ch1_p163_s1_c0,musset
ch1_p163_s3_c0,nommé
ch1_p163_s3_c0,racine
ch1_p163_s3_c0,vie
ch1_p163_s3_c0,mérite
ch1_p163_s4_c0,oloossone
ch1_p163_s4_c0,blanche
ch1_p163_s4_c0,camire
ch1_p163_s4_c0,fille
ch1_p163_s4_c0,minos
ch1_p163_s4_c0,pasiphaé
ch1_p163_s5_c0,décharge
ch1_p163_s5_c0,malandrin
ch1_p163_s5_c0,article
ch1_p163_s5_c0,maître
ch1_p163_s5_c0,père
ch1_p163_s5_c0,leconte
ch1_p163_s5_c0,dieu
ch1_p163_s5_c0,immortels
ch1_p163_s6_c0,propos
ch1_p163_s6_c0,livre
ch1_p163_s6_c0,temps
ch1_p163_s6_c0,moment
ch1_p163_s6_c0,bonhomme
ch1_p163_s7_c0,auteur
ch1_p163_s7_c0,sieur
ch1_p163_s7_c0,bergotte
ch1_p163_s7_c0,coco
ch1_p163_s7_c0,preuve
ch1_p163_s7_c0,fois
ch1_p163_s7_c0,mansuétude
ch1_p163_s7_c0,parole
ch1_p163_s7_c0,oracle
ch1_p163_s8_c0,prose
ch1_p163_s8_c0,assembleur
ch1_p163_s8_c0,rythme
ch1_p163_s8_c0,bhagavat
ch1_p163_s8_c0,levrier
ch1_p163_s8_c0,magnus
ch1_p163_s8_c0,apollôn
ch1_p163_s8_c0,goûter
ch1_p163_s8_c0,maître
ch1_p163_s8_c0,joie
ch1_p163_s8_c0,olympos
ch1_p163_s9_c0,maître
ch1_p163_s10_c0,réalité
ch1_p163_s10_c0,plaisir
ch1_p163_s10_c0,jeu
ch1_p163_s10_c0,âge
ch1_p164_s0_c0,bloch
ch1_p164_s0_c0,explication
ch1_p164_s0_c0,trouble
ch1_p164_s0_c0,révélation
ch1_p164_s0_c0,vérité
ch1_p164_s1_c0,bloch
ch1_p164_s1_c0,maison
ch1_p164_s3_c0,fois
ch1_p164_s3_c0,camarade
ch1_p164_s3_c0,amenai
ch1_p164_s3_c0,juif
ch1_p164_s3_c0,principe
ch1_p164_s3_c0,ami
ch1_p164_s3_c0,swann
ch1_p164_s3_c0,origine
ch1_p164_s3_c0,habitude
ch1_p164_s4_c0,ami
ch1_p164_s4_c0,dieu
ch1_p164_s4_c0,père
ch1_p164_s4_c0,juive
ch1_p164_s4_c0,israël
ch1_p164_s4_c0,chaîne
ch1_p164_s4_c0,air
ch1_p164_s4_c0,ti
ch1_p164_s4_c0,lam
ch1_p164_s4_c0,lam
ch1_p164_s4_c0,talim
ch1_p164_s4_c0,peur
ch1_p164_s4_c0,camarade
ch1_p164_s4_c0,parole
ch1_p165_s0_c0,nom
ch1_p165_s0_c0,origine
ch1_p165_s0_c0,ami
ch1_p165_s0_c0,famille
ch1_p166_s0_c0,ami
ch1_p166_s0_c0,soir
ch1_p167_s0_c0,dumont
ch1_p168_s0_c0,dumont
ch1_p170_s0_c0,archers
ch1_p170_s0_c0,garde
ch1_p171_s0_c0,trêve
ch1_p171_s0_c0,bruit
ch1_p172_s0_c0,question
ch1_p172_s0_c0,garde
ch1_p172_s1_c0,garde
ch1_p172_s2_c0,patient
ch1_p172_s2_c0,insu
ch1_p172_s2_c0,interrogatoire
ch1_p172_s2_c0,origine
ch1_p172_s2_c0,doute
ch1_p173_s0_c0,israëlite
ch1_p176_s0_c0,champ
ch1_p176_s0_c0,hébron
ch1_p176_s0_c0,vallée
ch1_p178_s0_c0,race
ch1_p179_s0_c0,manie
ch1_p179_s0_c0,sentiment
ch1_p179_s0_c0,endroit
ch1_p179_s0_c0,camarade
ch1_p179_s1_c0,bloch
ch1_p179_s1_c0,parent
ch1_p179_s1_c0,raison
ch1_p179_s2_c0,père
ch1_p179_s2_c0,intérêt
ch1_p180_s0_c0,monsieur
ch1_p180_s0_c0,bloch
ch1_p180_s0_c0,temps
ch1_p180_s1_c0,rien
ch1_p180_s1_c0,baromètre
ch1_p181_s0_c0,réponse
ch1_p182_s0_c0,monsieur
ch1_p182_s1_c0,contingence
ch1_p182_s1_c0,sens
ch1_p182_s1_c0,peine
ch1_p183_s0_c0,fils
ch1_p183_s0_c0,ami
ch1_p183_s0_c0,père
ch1_p183_s0_c0,bloch
ch1_p183_s2_c0,temps
ch1_p183_s4_c0,imbécile
ch1_p184_s0_c0,bloch
ch1_p184_s0_c0,déjeuner
ch1_p184_s0_c0,sanglot
ch1_p184_s0_c0,larme
ch1_p186_s0_c0,monde
ch1_p186_s0_c0,déjeuner
ch1_p186_s0_c0,heure
ch1_p186_s0_c0,demie
ch1_p186_s0_c0,retard
ch1_p186_s0_c0,couvert
ch1_p186_s0_c0,boue
ch1_p186_s0_c0,lieu
ch1_p187_s0_c0,perturbation
ch1_p187_s0_c0,atmosphère
ch1_p187_s0_c0,division
ch1_p187_s0_c0,temps
ch1_p187_s1_c0,volontier
ch1_p187_s1_c0,usage
ch1_p187_s1_c0,pipe
ch1_p187_s1_c0,opium
ch1_p187_s1_c0,kriss
ch1_p187_s1_c0,instrument
ch1_p187_s1_c0,parapluie
ch1_p188_s0_c0,revenu
ch1_p188_s0_c0,combray
ch1_p188_s1_c0,ami
ch1_p188_s1_c0,parent
ch1_p188_s1_c0,larme
ch1_p188_s1_c0,indisposition
ch1_p188_s1_c0,instinct
ch1_p188_s1_c0,expérience
ch1_p188_s1_c0,élan
ch1_p188_s1_c0,sensibilité
ch1_p188_s1_c0,empire
ch1_p188_s1_c0,suite
ch1_p188_s1_c0,acte
ch1_p188_s1_c0,conduite
ch1_p188_s1_c0,vie
ch1_p188_s1_c0,respect
ch1_p188_s1_c0,obligation
ch1_p188_s1_c0,fidélité
ch1_p188_s1_c0,ami
ch1_p188_s1_c0,exécution
ch1_p188_s1_c0,œuvre
ch1_p188_s1_c0,observance
ch1_p188_s1_c0,régime
ch1_p188_s1_c1,fondement
ch1_p188_s1_c1,habitude
ch1_p188_s1_c1,transport
ch1_p188_s2_c0,bloch
ch1_p188_s2_c0,compagnon
ch1_p188_s2_c0,ami
ch1_p188_s2_c0,règle
ch1_p188_s2_c0,morale
ch1_p188_s2_c0,corbeille
ch1_p188_s2_c0,fruit
ch1_p188_s2_c0,jour
ch1_p188_s2_c0,tendresse
ch1_p188_s2_c0,faveur
ch1_p188_s2_c0,balance
ch1_p188_s2_c0,devoir
ch1_p188_s2_c0,exigence
ch1_p188_s2_c0,amitié
ch1_p188_s2_c0,mouvement
ch1_p188_s2_c0,imagination
ch1_p188_s2_c0,sensibilité
ch1_p188_s2_c1,fausseraient
ch1_p188_s2_c1,préjudice
ch1_p188_s3_c0,tort
ch1_p188_s3_c0,nature
ch1_p188_s3_c0,modèle
ch1_p188_s3_c0,année
ch1_p188_s3_c0,nièce
ch1_p188_s3_c0,testament
ch1_p188_s3_c0,fortune
ch1_p189_s0_c0,bloch
ch1_p189_s0_c0,parent
ch1_p189_s0_c0,plaisir
ch1_p189_s0_c0,problème
ch1_p189_s0_c0,propos
ch1_p189_s0_c0,beauté
ch1_p189_s0_c0,signification
ch1_p189_s0_c0,fille
ch1_p189_s0_c0,minos
ch1_p189_s0_c0,pasiphaé
ch1_p189_s0_c0,conversation
ch1_p189_s0_c0,mère
ch1_p189_s0_c0,jugeât
ch1_p189_s1_c0,combray
ch1_p189_s1_c0,dîner
ch1_p189_s1_c0,influence
ch1_p189_s1_c0,vie
ch1_p189_s1_c0,femme
ch1_p189_s1_c0,amour
ch1_p189_s1_c0,résistance
ch1_p189_s1_c1,jeunesse
ch1_p189_s2_c0,propos
ch1_p189_s2_c0,parent
ch1_p189_s2_c0,porte
ch1_p189_s2_c0,rue
ch1_p190_s0_c0,sujet
ch1_p190_s0_c0,bergotte
ch1_p191_s0_c0,jour
ch1_p191_s0_c0,air
ch1_p191_s0_c0,musique
ch1_p191_s0_c0,raffoler
ch1_p191_s0_c0,style
ch1_p191_s1_c0,roman
ch1_p191_s1_c0,sujet
ch1_p191_s1_c0,moment
ch1_p191_s1_c0,amour
ch1_p191_s1_c0,jour
ch1_p191_s1_c0,femme
ch1_p191_s1_c0,réunion
ch1_p191_s1_c0,divertissement
ch1_p191_s1_c0,agrément
ch1_p191_s2_c0,expression
ch1_p191_s2_c0,moment
ch1_p191_s2_c0,flot
ch1_p191_s2_c0,harmonie
ch1_p191_s2_c0,prélude
ch1_p191_s2_c0,style
ch1_p191_s2_c0,moment
ch1_p191_s2_c0,vie
ch1_p191_s2_c0,torrent
ch1_p191_s2_c0,apparence
ch1_p191_s2_c0,tourment
ch1_p191_s2_c1,effigie
ch1_p191_s2_c1,façade
ch1_p191_s2_c1,cathédrale
ch1_p191_s2_c1,philosophie
ch1_p191_s2_c1,image
ch1_p191_s2_c1,chant
ch1_p191_s2_c1,harpe
ch1_p191_s2_c1,accompagnement
ch1_p191_s2_c1,chose
ch1_p191_s2_c1,sublime
ch1_p191_s3_c0,passage
ch1_p191_s3_c0,bergotte
ch1_p191_s3_c0,joie
ch1_p191_s3_c0,joie
ch1_p191_s3_c0,région
ch1_p191_s3_c0,obstacle
ch1_p191_s3_c0,séparation
ch1_p191_s4_c0,goût
ch1_p191_s4_c0,expression
ch1_p191_s4_c0,effusion
ch1_p191_s4_c0,philosophie
ch1_p191_s4_c0,fois
ch1_p191_s4_c0,rendre
ch1_p191_s4_c0,compte
ch1_p191_s4_c0,cause
ch1_p191_s4_c0,plaisir
ch1_p191_s4_c0,impression
ch1_p191_s4_c0,présence
ch1_p191_s4_c0,morceau
ch1_p191_s4_c0,livre
ch1_p191_s4_c0,bergotte
ch1_p191_s4_c0,surface
ch1_p191_s4_c0,pensée
ch1_p191_s4_c0,figure
ch1_p191_s4_c0,morceau
ch1_p191_s4_c0,bergotte
ch1_p191_s4_c1,livre
ch1_p191_s4_c1,passage
ch1_p191_s4_c1,sorte
ch1_p191_s4_c1,épaisseur
ch1_p191_s4_c1,volume
ch1_p191_s4_c1,esprit
ch1_p192_s0_c0,admirateur
ch1_p192_s0_c0,bergotte
ch1_p192_s0_c0,écrivain
ch1_p192_s0_c0,amie
ch1_p192_s0_c0,mère
ch1_p192_s0_c0,livre
ch1_p192_s0_c0,docteur
ch1_p192_s0_c0,boulbon
ch1_p192_s0_c0,malade
ch1_p192_s0_c0,cabinet
ch1_p192_s0_c0,consultation
ch1_p192_s0_c0,parc
ch1_p192_s0_c0,combray
ch1_p192_s0_c0,graine
ch1_p192_s0_c0,prédilection
ch1_p192_s0_c0,bergotte
ch1_p192_s0_c0,espèce
ch1_p192_s0_c1,europe
ch1_p192_s0_c1,amérique
ch1_p192_s0_c1,village
ch1_p192_s0_c1,fleur
ch1_p192_s0_c1,commune
ch1_p192_s1_c0,amie
ch1_p192_s1_c0,mère
ch1_p192_s1_c0,docteur
ch1_p192_s1_c0,boulbon
ch1_p192_s1_c0,livre
ch1_p192_s1_c0,bergotte
ch1_p192_s1_c0,flux
ch1_p192_s1_c0,expression
ch1_p192_s1_c0,place
ch1_p192_s1_c0,lumière
ch1_p192_s1_c0,part
ch1_p192_s1_c0,goût
ch1_p192_s1_c0,passage
ch1_p192_s1_c0,brusquerie
ch1_p192_s1_c0,accent
ch1_p192_s2_c0,doute
ch1_p192_s2_c0,charme
ch1_p192_s3_c0,livre
ch1_p192_s3_c0,vérité
ch1_p192_s3_c0,nom
ch1_p192_s3_c0,cathédrale
ch1_p192_s3_c0,récit
ch1_p192_s3_c0,invocation
ch1_p192_s3_c0,apostrophe
ch1_p192_s3_c0,prière
ch1_p192_s3_c0,cours
ch1_p192_s3_c0,effluve
ch1_p192_s3_c0,ouvrage
ch1_p192_s3_c0,prose
ch1_p192_s3_c0,ondulation
ch1_p192_s3_c0,surface
ch1_p192_s3_c1,manière
ch1_p192_s3_c1,murmure
ch1_p192_s4_c0,morceau
ch1_p192_s4_c0,morceau
ch1_p192_s5_c0,savai
ch1_p192_s5_c0,cœur
ch1_p192_s6_c0,fil
ch1_p192_s6_c0,récit
ch1_p192_s7_c0,fois
ch1_p192_s7_c0,chose
ch1_p192_s7_c0,beauté
ch1_p192_s7_c0,forêt
ch1_p192_s7_c0,pin
ch1_p192_s7_c0,grêle
ch1_p192_s7_c0,paris
ch1_p192_s7_c0,athalie
ch1_p192_s7_c0,phèdre
ch1_p192_s7_c0,image
ch1_p192_s7_c0,beauté
ch1_p192_s8_c0,party
ch1_p192_s8_c0,univers
ch1_p192_s8_c0,perception
ch1_p192_s8_c0,opinion
ch1_p192_s8_c0,métaphore
ch1_p192_s8_c0,chose
ch1_p192_s8_c0,occasion
ch1_p192_s8_c0,monument
ch1_p192_s8_c0,paysage
ch1_p192_s8_c1,insistance
ch1_p192_s8_c1,livre
ch1_p192_s8_c1,riche
ch1_p192_s8_c1,signification
ch1_p192_s8_c1,beauté
ch1_p192_s9_c0,chose
ch1_p192_s9_c0,opinion
ch1_p192_s10_c0,monde
ch1_p192_s10_c0,pensée
ch1_p192_s10_c0,ineptie
ch1_p192_s10_c0,esprit
ch1_p192_s10_c0,table
ch1_p192_s10_c0,hasard
ch1_p192_s10_c0,livre
ch1_p192_s10_c0,cœur
ch1_p192_s10_c0,dieu
ch1_p192_s10_c0,bonté
ch1_p192_s11_c0,page
ch1_p192_s11_c0,chose
ch1_p192_s11_c0,nuit
ch1_p192_s11_c0,mère
ch1_p192_s11_c0,page
ch1_p192_s11_c0,bergotte
ch1_p192_s11_c0,air
ch1_p192_s11_c0,recueil
ch1_p192_s11_c0,épigraphe
ch1_p192_s11_c0,tête
ch1_p192_s11_c0,lettre
ch1_p192_s12_c0,livre
ch1_p192_s12_c0,phrase
ch1_p192_s12_c0,qualité
ch1_p192_s12_c0,équivalent
ch1_p192_s12_c0,bergotte
ch1_p192_s13_c0,œuvre
ch1_p192_s13_c0,composai
ch1_p192_s13_c0,pensée
ch1_p192_s13_c0,ressemblant
ch1_p192_s13_c0,temps
ch1_p192_s14_c0,réalité
ch1_p192_s14_c0,genre
ch1_p192_s14_c0,phrase
ch1_p192_s14_c0,genre
ch1_p192_s14_c0,idée
ch1_p192_s15_c0,effort
ch1_p192_s15_c0,mécontent
ch1_p192_s15_c0,marque
ch1_p192_s15_c0,amour
ch1_p192_s15_c0,amour
ch1_p192_s15_c0,plaisir
ch1_p192_s16_c0,coup
ch1_p192_s16_c0,phrase
ch1_p192_s16_c0,œuvre
ch1_p192_s16_c0,scrupule
ch1_p192_s16_c0,sévérité
ch1_p192_s16_c0,délice
ch1_p192_s16_c0,goût
ch1_p192_s16_c0,cuisinier
ch1_p192_s16_c0,fois
ch1_p192_s16_c0,cuisine
ch1_p192_s16_c0,temps
ch1_p192_s17_c0,jour
ch1_p192_s17_c0,livre
ch1_p192_s17_c0,bergotte
ch1_p192_s17_c0,propos
ch1_p192_s17_c0,plaisanterie
ch1_p192_s17_c0,langage
ch1_p192_s17_c0,écrivain
ch1_p192_s17_c0,françoise
ch1_p192_s17_c0,fois
ch1_p192_s17_c0,miroir
ch1_p192_s17_c0,vérité
ch1_p192_s17_c0,ouvrage
ch1_p192_s17_c1,remarque
ch1_p192_s17_c1,occasion
ch1_p192_s17_c1,ami
ch1_p192_s17_c1,legrandin
ch1_p192_s17_c1,remarque
ch1_p192_s17_c1,françoise
ch1_p192_s17_c1,legrandin
ch1_p192_s17_c1,bergotte
ch1_p192_s17_c1,intérêt
ch1_p192_s17_c1,vie
ch1_p192_s17_c1,royaume
ch1_p192_s17_c1,vrai
ch1_p192_s17_c1,point
ch1_p192_s17_c2,confiance
ch1_p192_s17_c2,joie
ch1_p192_s17_c2,page
ch1_p192_s17_c2,écrivain
ch1_p192_s17_c2,bras
ch1_p192_s17_c2,père
ch1_p193_s0_c0,livre
ch1_p193_s0_c0,bergotte
ch1_p193_s0_c0,vieillard
ch1_p193_s0_c0,enfant
ch1_p193_s1_c0,prose
ch1_p193_s1_c0,dolce
ch1_p193_s1_c0,phrase
ch1_p193_s1_c0,intonation
ch1_p193_s2_c0,philosophie
ch1_p193_s3_c0,âge
ch1_p193_s3_c0,collège
ch1_p193_s3_c0,classe
ch1_p193_s3_c0,philosophie
ch1_p193_s4_c0,chose
ch1_p193_s4_c0,pensée
ch1_p193_s4_c0,bergotte
ch1_p193_s4_c0,métaphysicien
ch1_p193_s4_c0,désespoir
ch1_p193_s4_c0,amoureux
ch1_p193_s4_c0,vie
ch1_p193_s4_c0,maîtresse
ch1_p194_s0_c0,dimanche
ch1_p194_s0_c0,lecture
ch1_p194_s0_c0,jardin
ch1_p194_s0_c0,swann
ch1_p194_s0_c0,parent
ch1_p195_s1_c0,bergotte
ch1_p195_s2_c0,ouvrage
ch1_p195_s3_c0,bloch
ch1_p196_s1_c0,garçon
ch1_p196_s1_c0,fois
ch1_p196_s1_c0,portrait
ch1_p196_s1_c0,mahomet
ch1_p196_s1_c0,bellini
ch1_p196_s3_c0,sourcil
ch1_p196_s3_c0,nez
ch1_p196_s3_c0,pommette
ch1_p196_s4_c0,barbiche
ch1_p196_s5_c0,cas
ch1_p196_s5_c0,goût
ch1_p196_s5_c0,bergotte
ch1_p196_s5_c0,esprit
ch1_p196_s6_c0,air
ch1_p196_s6_c0,bergotte
ch1_p196_s6_c0,swann
ch1_p196_s6_c0,bonté
ch1_p196_s6_c0,exception
ch1_p197_s0_c0,connai
ch1_p197_s0_c0,plaisir
ch1_p197_s0_c0,mot
ch1_p197_s0_c0,tête
ch1_p197_s0_c0,volume
ch1_p197_s1_c0,swann
ch1_p197_s1_c0,question
ch1_p197_s1_c0,bergotte
ch1_p197_s2_c0,acteur
ch1_p198_s0_c0,acteur
ch1_p198_s1_c0,artiste
ch1_p198_s1_c0,homme
ch1_p198_s1_c0,berma
ch1_p199_s0_c0,monsieur
ch1_p199_s0_c0,parent
ch1_p199_s0_c0,théâtre
ch1_p200_s2_c0,berma
ch1_p200_s2_c0,phèdre
ch1_p200_s2_c0,cid
ch1_p200_s2_c0,acteur
ch1_p200_s2_c0,hiérarchie
ch1_p200_s3_c0,art
ch1_p200_s3_c0,conversation
ch1_p200_s3_c0,sœur
ch1_p200_s3_c0,chose
ch1_p200_s3_c0,expression
ch1_p200_s3_c0,opinion
ch1_p200_s3_c0,sujet
ch1_p200_s3_c0,soin
ch1_p200_s3_c0,intonation
ch1_p200_s3_c0,guillemet
ch1_p200_s3_c0,compte
ch1_p200_s3_c0,hiérarchie
ch1_p200_s4_c0,hiérarchie
ch1_p200_s5_c0,instant
ch1_p200_s5_c0,vision
ch1_p200_s5_c0,chef
ch1_p200_s5_c0,œuvre
ch1_p200_s5_c0,rire
ch1_p200_s5_c0,reine
ch1_p200_s5_c0,chartres
ch1_p200_s6_c0,horreur
ch1_p200_s6_c0,opinion
ch1_p200_s6_c0,chose
ch1_p200_s6_c0,dogmatisme
ch1_p200_s6_c0,sœur
ch1_p200_s6_c0,forme
ch1_p200_s6_c0,esprit
ch1_p200_s6_c0,coterie
ch1_p200_s6_c0,swann
ch1_p200_s6_c0,réaction
ch1_p200_s6_c0,lyrisme
ch1_p200_s6_c0,génération
ch1_p200_s6_c0,excès
ch1_p200_s6_c0,fait
ch1_p200_s6_c0,autrefoi
ch1_p200_s6_c1,phrase
ch1_p200_s7_c0,chose
ch1_p200_s7_c0,attitude
ch1_p200_s7_c0,swann
ch1_p200_s7_c0,face
ch1_p200_s7_c0,chose
ch1_p200_s8_c0,air
ch1_p200_s8_c0,opinion
ch1_p200_s8_c0,renseignement
ch1_p200_s9_c0,compte
ch1_p200_s9_c0,opinion
ch1_p200_s9_c0,exactitude
ch1_p200_s9_c0,détail
ch1_p200_s9_c0,importance
ch1_p200_s10_c0,dîner
ch1_p200_s10_c0,maman
ch1_p200_s10_c0,chambre
ch1_p200_s10_c0,bal
ch1_p200_s10_c0,princesse
ch1_p200_s10_c0,léon
ch1_p200_s10_c0,importance
ch1_p200_s11_c0,genre
ch1_p200_s11_c0,plaisir
ch1_p200_s11_c0,vie
ch1_p200_s13_c0,vie
ch1_p200_s13_c0,chose
ch1_p200_s13_c0,jugement
ch1_p200_s13_c0,guillemet
ch1_p200_s13_c0,politesse
ch1_p200_s13_c0,occupation
ch1_p200_s13_c0,temps
ch1_p200_s14_c0,swann
ch1_p200_s14_c0,bergotte
ch1_p200_s14_c0,chose
ch1_p200_s14_c0,revanche
ch1_p200_s14_c0,contraire
ch1_p200_s14_c0,temps
ch1_p200_s14_c0,admirateur
ch1_p200_s14_c0,écrivain
ch1_p200_s14_c0,amie
ch1_p200_s14_c0,mère
ch1_p200_s14_c0,docteur
ch1_p200_s14_c0,boulbon
ch1_p200_s15_c0,swann
ch1_p200_s15_c0,bergotte
ch1_p200_s15_c0,esprit
ch1_p200_s15_c0,chose
ch1_p200_s16_c0,besoin
ch1_p200_s16_c0,signature
ch1_p200_s16_c0,suite
ch1_p200_s17_c0,écrivain
ch1_p200_s17_c0,talent
ch1_p200_s18_c0,talent
ch1_p200_s20_c0,physionomie
ch1_p200_s20_c0,écrivain
ch1_p200_s20_c0,modèle
ch1_p200_s20_c0,nom
ch1_p200_s20_c0,talent
ch1_p200_s20_c0,musée
ch1_p200_s20_c0,idée
ch1_p200_s21_c0,physionomie
ch1_p200_s21_c0,talent
ch1_p200_s22_c0,originalité
ch1_p200_s22_c0,charme
ch1_p200_s22_c0,délicatesse
ch1_p200_s22_c0,force
ch1_p200_s22_c0,jour
ch1_p200_s22_c0,compte
ch1_p200_s22_c0,talent
ch1_p201_s0_c0,ouvrage
ch1_p201_s0_c0,bergotte
ch1_p201_s0_c0,berma
ch1_p201_s1_c0,swann
ch1_p202_s0_c0,plaquette
ch1_p202_s0_c0,racine
ch1_p202_s1_c0,réimpression
ch1_p202_s3_c0,bergotte
ch1_p202_s3_c0,semaine
ch1_p202_s3_c0,année
ch1_p202_s3_c0,maison
ch1_p202_s4_c0,ami
ch1_p202_s4_c0,fille
ch1_p202_s5_c0,ville
ch1_p202_s5_c0,cathédrale
ch1_p202_s5_c0,château
ch1_p203_s0_c0,notion
ch1_p203_s0_c0,hiérarchie
ch1_p203_s0_c0,impossibilité
ch1_p203_s0_c0,père
ch1_p203_s0_c0,fréquention
ch1_p203_s0_c0,mme
ch1_p203_s0_c0,mlle
ch1_p203_s0_c0,swann
ch1_p203_s0_c0,distance
ch1_p203_s0_c0,oeil
ch1_p203_s0_c0,prestige
ch1_p203_s1_c0,mère
ch1_p203_s1_c0,cheveu
ch1_p203_s1_c0,rouge
ch1_p203_s1_c0,lèvre
ch1_p203_s1_c0,voisin
ch1_p203_s1_c0,mme
ch1_p203_s1_c0,sazerat
ch1_p203_s1_c0,mme
ch1_p203_s1_c0,swann
ch1_p203_s1_c0,mari
ch1_p203_s1_c0,charlus
ch1_p203_s1_c0,objet
ch1_p203_s1_c0,mépris
ch1_p203_s1_c1,cause
ch1_p203_s1_c1,mlle
ch1_p203_s1_c1,swann
ch1_p203_s1_c1,fille
ch1_p203_s1_c1,fois
ch1_p203_s1_c1,visage
ch1_p203_s2_c0,jour
ch1_p203_s2_c0,mlle
ch1_p203_s2_c0,swann
ch1_p203_s2_c0,condition
ch1_p203_s2_c0,élément
ch1_p203_s2_c0,milieu
ch1_p203_s2_c0,privilège
ch1_p203_s2_c0,parent
ch1_p203_s2_c0,dîner
ch1_p203_s2_c0,syllabe
ch1_p203_s2_c0,lumière
ch1_p203_s2_c0,nom
ch1_p203_s2_c0,convive
ch1_p203_s2_c0,ami
ch1_p203_s2_c0,famille
ch1_p203_s2_c0,bergotte
ch1_p203_s2_c0,causerie
ch1_p203_s2_c0,table
ch1_p203_s2_c1,conversation
ch1_p203_s2_c1,parole
ch1_p203_s2_c1,bergotte
ch1_p203_s2_c1,sujet
ch1_p203_s2_c1,livre
ch1_p203_s2_c1,oracle
ch1_p203_s2_c1,ville
ch1_p203_s2_c1,côté
ch1_p203_s2_c1,dieu
ch1_p203_s2_c1,milieu
ch1_p203_s2_c1,mortel
ch1_p203_s2_c1,temps
ch1_p203_s2_c1,prix
ch1_p203_s2_c1,mlle
ch1_p203_s2_c1,swann
ch1_p203_s2_c2,douceur
ch1_p203_s2_c2,impossibilité
ch1_p203_s2_c2,ami
ch1_p203_s2_c2,fois
ch1_p203_s2_c2,désir
ch1_p203_s2_c2,désespoir
ch1_p203_s3_c0,porche
ch1_p203_s3_c0,cathédrale
ch1_p203_s3_c0,signification
ch1_p203_s3_c0,statue
ch1_p203_s3_c0,sourire
ch1_p203_s3_c0,ami
ch1_p203_s3_c0,bergotte
ch1_p203_s4_c0,charme
ch1_p203_s4_c0,idée
ch1_p203_s4_c0,cathédrale
ch1_p203_s4_c0,charme
ch1_p203_s4_c0,coteau
ch1_p203_s4_c0,plaine
ch1_p203_s4_c0,normandie
ch1_p203_s4_c0,reflet
ch1_p203_s4_c0,image
ch1_p203_s4_c0,mlle
ch1_p203_s4_c0,swann
ch1_p203_s5_c0,vie
ch1_p203_s5_c0,amour
ch1_p203_s5_c0,amour
ch1_p203_s5_c0,marché
ch1_p203_s6_c0,femme
ch1_p203_s6_c0,homme
ch1_p203_s6_c0,physique
ch1_p203_s6_c0,émanation
ch1_p203_s6_c0,vie
ch1_p203_s7_c0,militaire
ch1_p203_s7_c0,pompier
ch1_p203_s7_c0,uniforme
ch1_p203_s7_c0,visage
ch1_p203_s7_c0,cuirasse
ch1_p203_s7_c0,cœur
ch1_p203_s7_c0,souverain
ch1_p203_s7_c0,prince
ch1_p203_s7_c0,conquête
ch1_p203_s7_c0,pays
ch1_p203_s7_c0,visite
ch1_p203_s7_c0,besoin
ch1_p203_s7_c0,profil
ch1_p203_s7_c0,coulissier
ch1_p204_s0_c0,jardin
ch1_p204_s0_c0,dimanche
ch1_p204_s0_c0,jour
ch1_p204_s0_c0,jour
ch1_p204_s0_c0,semaine
ch1_p204_s0_c0,dimanche
ch1_p204_s0_c0,mot
ch1_p204_s0_c0,sens
ch1_p204_s0_c0,enfantillage
ch1_p204_s0_c0,perte
ch1_p204_s0_c0,temps
ch1_p204_s0_c0,tante
ch1_p204_s0_c0,léonie
ch1_p204_s0_c0,françoise
ch1_p204_s0_c0,heure
ch1_p204_s0_c0,eulalie
ch1_p204_s1_c0,mme
ch1_p204_s1_c0,goupil
ch1_p204_s1_c0,parapluie
ch1_p204_s1_c0,robe
ch1_p204_s1_c0,soie
ch1_p204_s1_c0,châteaudun
ch1_p204_s2_c0,vêpres
ch1_p205_s0_c0,françoise
ch1_p205_s0_c0,possibilité
ch1_p205_s0_c0,alternative
ch1_p206_s0_c0,front
ch1_p206_s0_c0,église
ch1_p206_s0_c0,élévation
ch1_p206_s1_c0,eulalie
ch1_p206_s1_c0,françoise
ch1_p206_s1_c0,nuage
ch1_p206_s1_c0,clocher
ch1_p206_s1_c0,soleil
ch1_p206_s1_c0,ardoise
ch1_p206_s1_c0,journée
ch1_p206_s1_c0,pluie
ch1_p206_s3_c0,mieux
ch1_p206_s3_c0,orage
ch1_p206_s3_c0,eau
ch1_p206_s3_c0,vichy
ch1_p206_s3_c0,tante
ch1_p206_s3_c0,esprit
ch1_p206_s3_c0,désir
ch1_p206_s3_c0,descente
ch1_p206_s3_c0,eau
ch1_p206_s3_c0,vichy
ch1_p206_s3_c0,crainte
ch1_p206_s3_c0,mme
ch1_p206_s3_c0,goupil
ch1_p206_s3_c0,robe
ch1_p208_s0_c0,place
ch1_p208_s0_c0,abri
ch1_p209_s0_c0,heure
ch1_p209_s1_c0,coup
ch1_p209_s1_c0,vêpres
ch1_p209_s1_c0,pepsine
ch1_p209_s2_c0,eau
ch1_p209_s2_c0,vichy
ch1_p209_s2_c0,estomac
ch1_p210_s0_c0,livre
ch1_p210_s0_c0,messe
ch1_p210_s0_c0,velours
ch1_p210_s0_c0,violet
ch1_p210_s0_c0,hâte
ch1_p210_s0_c0,image
ch1_p210_s0_c0,bandeau
ch1_p210_s0_c0,dentelle
ch1_p210_s0_c0,papier
ch1_p210_s0_c0,jaunissant
ch1_p210_s0_c0,page
ch1_p210_s0_c0,fête
ch1_p210_s0_c0,tante
ch1_p210_s0_c0,goutte
ch1_p210_s0_c0,texte
ch1_p210_s0_c0,intelligence
ch1_p210_s0_c0,incertitude
ch1_p210_s0_c0,prise
ch1_p210_s0_c0,eau
ch1_p210_s0_c0,vichy
ch1_p210_s0_c1,pepsine
ch1_p210_s1_c0,heure
ch1_p210_s1_c0,temps
ch1_p211_s0_c0,coup
ch1_p211_s0_c0,carreau
ch1_p211_s0_c0,chose
ch1_p211_s0_c0,chute
ch1_p211_s0_c0,grain
ch1_p211_s0_c0,sable
ch1_p211_s0_c0,fenêtre
ch1_p211_s0_c0,chute
ch1_p211_s0_c0,rythme
ch1_p211_s0_c0,pluie
ch1_p212_s1_c0,françoise
ch1_p212_s3_c0,grelot
ch1_p212_s3_c0,porte
ch1_p212_s3_c0,jardin
ch1_p212_s3_c0,temps
ch1_p213_s0_c0,françoise
ch1_p214_s0_c0,mme
ch1_p214_s0_c0,amédée
ch1_p214_s0_c0,tour
ch1_p215_s0_c0,point
ch1_p215_s0_c0,oeil
ch1_p215_s0_c0,ciel
ch1_p215_s1_c0,esprit
ch1_p215_s1_c0,monde
ch1_p215_s2_c0,moment
ch1_p216_s0_c0,mme
ch1_p216_s0_c0,amédée
ch1_p216_s0_c0,françoise
ch1_p216_s0_c0,douceur
ch1_p216_s0_c0,moment
ch1_p216_s0_c0,piquée
ch1_p217_s1_c0,eulalie
ch1_p217_s1_c0,tante
ch1_p217_s1_c0,temps
ch1_p217_s1_c0,peur
ch1_p218_s0_c0,heure
ch1_p218_s0_c0,monsieur
ch1_p218_s0_c0,octave
ch1_p218_s0_c0,heure
ch1_p218_s0_c0,demie
ch1_p219_s0_c0,heure
ch1_p219_s0_c0,demie
ch1_p219_s1_c0,rideau
ch1_p219_s1_c0,méchant
ch1_p219_s1_c0,rayon
ch1_p219_s1_c0,jour
ch1_p219_s2_c0,heure
ch1_p219_s2_c0,demie
ch1_p219_s3_c0,jour
ch1_p219_s3_c0,rogation
ch1_p219_s5_c0,pauvre
ch1_p219_s5_c0,françoise
ch1_p219_s5_c0,dieu
ch1_p219_s5_c0,colère
ch1_p219_s6_c0,monde
ch1_p219_s7_c0,octave
ch1_p219_s7_c0,dieu
ch1_p220_s0_c0,rougeur
ch1_p220_s0_c0,joue
ch1_p220_s0_c0,tante
ch1_p220_s0_c0,eulalie
ch1_p220_s1_c0,peine
ch1_p220_s1_c0,françoise
ch1_p220_s1_c0,sourire
ch1_p220_s1_c0,but
ch1_p220_s1_c0,unisson
ch1_p220_s1_c0,joie
ch1_p220_s1_c0,parole
ch1_p220_s1_c0,tante
ch1_p220_s1_c0,syllabe
ch1_p220_s1_c0,emploi
ch1_p220_s1_c0,style
ch1_p220_s1_c0,domestique
ch1_p220_s1_c0,parole
ch1_p220_s1_c0,visiteur
ch1_p221_s0_c0,curé
ch1_p221_s0_c0,monsieur
ch1_p221_s0_c0,octave
ch1_p221_s1_c0,curé
ch1_p221_s2_c0,curé
ch1_p221_s2_c0,salle
ch1_p222_s0_c0,réalité
ch1_p222_s0_c0,visite
ch1_p222_s0_c0,curé
ch1_p222_s0_c0,tante
ch1_p222_s0_c0,plaisir
ch1_p222_s0_c0,françoise
ch1_p222_s0_c0,air
ch1_p222_s0_c0,jubilation
ch1_p222_s0_c0,visage
ch1_p222_s0_c0,fois
ch1_p222_s0_c0,sentiment
ch1_p222_s0_c0,malade
ch1_p222_s1_c0,curé
ch1_p222_s1_c0,homme
ch1_p222_s1_c0,art
ch1_p222_s1_c0,étymologie
ch1_p222_s1_c0,visiteur
ch1_p222_s1_c0,marque
ch1_p222_s1_c0,renseignement
ch1_p222_s1_c0,église
ch1_p222_s1_c0,intention
ch1_p222_s1_c0,livre
ch1_p222_s1_c0,paroisse
ch1_p222_s1_c0,combray
ch1_p222_s1_c0,explication
ch1_p222_s2_c0,temps
ch1_p222_s2_c0,eulalie
ch1_p222_s2_c0,visite
ch1_p222_s2_c0,tante
ch1_p222_s3_c0,eulalie
ch1_p222_s3_c0,monde
ch1_p222_s3_c0,fois
ch1_p222_s4_c0,curé
ch1_p222_s4_c0,signe
ch1_p222_s4_c0,eulalie
ch1_p222_s4_c0,temps
ch1_p223_s0_c0,monsieur
ch1_p223_s0_c0,curé
ch1_p223_s0_c0,artiste
ch1_p223_s0_c0,chevalet
ch1_p223_s0_c0,église
ch1_p223_s0_c0,vitrail
ch1_p223_s1_c0,âge
ch1_p223_s1_c0,chose
ch1_p223_s2_c0,monde
ch1_p223_s3_c0,église
ch1_p224_s0_c0,party
ch1_p224_s0_c0,pauvre
ch1_p224_s0_c0,diocèse
ch1_p224_s1_c0,dieu
ch1_p224_s1_c0,porche
ch1_p224_s1_c0,caractère
ch1_p224_s1_c0,tapisserie
ch1_p224_s1_c0,esther
ch1_p224_s1_c0,connaisseur
ch1_p224_s1_c0,suite
ch1_p224_s1_c0,sens
ch1_p224_s2_c0,côté
ch1_p224_s2_c0,détail
ch1_p224_s2_c0,esprit
ch1_p224_s2_c0,observation
ch1_p224_s3_c0,vitrail
ch1_p224_s4_c0,sens
ch1_p224_s4_c0,fenêtre
ch1_p224_s4_c0,jour
ch1_p224_s4_c0,vue
ch1_p224_s4_c0,reflet
ch1_p224_s4_c0,couleur
ch1_p224_s4_c0,église
ch1_p224_s4_c0,dalle
ch1_p224_s4_c0,niveau
ch1_p224_s4_c0,prétexte
ch1_p224_s4_c0,tombe
ch1_p224_s4_c0,abbé
ch1_p224_s4_c0,combray
ch1_p224_s4_c0,seigneur
ch1_p224_s4_c0,guermante
ch1_p224_s4_c0,comte
ch1_p224_s4_c0,brabant
ch1_p224_s5_c0,ancêtre
ch1_p224_s5_c0,duc
ch1_p224_s5_c0,guermante
ch1_p224_s5_c0,duchesse
ch1_p224_s5_c0,demoiselle
ch1_p224_s5_c0,guermantes
ch1_p224_s5_c0,cousin
ch1_p224_s6_c0,force
ch1_p224_s6_c0,personne
ch1_p224_s6_c0,nom
ch1_p224_s6_c0,fois
ch1_p224_s6_c0,duchesse
ch1_p224_s6_c0,guermante
ch1_p224_s6_c0,parent
ch1_p224_s6_c0,mme
ch1_p224_s6_c0,villeparisis
ch1_p224_s7_c0,monde
ch1_p224_s7_c0,rire
ch1_p224_s7_c0,lettre
ch1_p224_s7_c0,part
ch1_p224_s7_c0,guermantes
ch1_p224_s8_c0,fois
ch1_p224_s8_c0,lien
ch1_p224_s8_c0,amie
ch1_p224_s8_c0,pension
ch1_p224_s8_c0,descendant
ch1_p224_s8_c0,geneviève
ch1_p224_s8_c0,brabant
ch1_p224_s9_c0,roussainville
ch1_p224_s9_c0,paroisse
ch1_p224_s9_c0,fermier
ch1_p224_s9_c0,antiquité
ch1_p224_s9_c0,localité
ch1_p224_s9_c0,essor
ch1_p224_s9_c0,commerce
ch1_p224_s9_c0,chapeau
ch1_p224_s9_c0,feutre
ch1_p224_s9_c0,pendule
ch1_p224_s10_c0,étymologie
ch1_p224_s10_c0,roussainville
ch1_p224_s11_c0,nom
ch1_p224_s11_c0,rouville
ch1_p224_s11_c0,radulfi
ch1_p224_s11_c0,villa
ch1_p224_s11_c0,châteauroux
ch1_p224_s11_c0,castrum
ch1_p224_s11_c0,radulfi
ch1_p224_s11_c0,fois
ch1_p224_s13_c0,église
ch1_p224_s13_c0,vitrail
ch1_p224_s13_c0,entrée
ch1_p224_s13_c0,combray
ch1_p224_s13_c0,place
ch1_p224_s13_c0,combray
ch1_p224_s13_c0,verrière
ch1_p224_s13_c0,chartres
ch1_p224_s14_c0,frère
ch1_p224_s14_c0,docteur
ch1_p224_s14_c0,percepied
ch1_p224_s14_c0,travail
ch1_p225_s0_c0,artiste
ch1_p225_s0_c0,virtuose
ch1_p225_s0_c0,pinceau
ch1_p225_s0_c0,vitrail
ch1_p226_s0_c0,demander
ch1_p226_s0_c0,monseigneur
ch1_p226_s0_c0,tante
ch1_p226_s0_c0,vitrail
ch1_p227_s0_c0,comptez
ch1_p227_s0_c0,monsieur
ch1_p227_s0_c0,octave
ch1_p227_s0_c0,curé
ch1_p227_s1_c0,monseigneur
ch1_p227_s1_c0,grelot
ch1_p227_s1_c0,verrière
ch1_p227_s1_c0,gilbert
ch1_p227_s1_c0,mauvais
ch1_p227_s1_c0,sire
ch1_p227_s1_c0,guermante
ch1_p227_s1_c0,descendant
ch1_p227_s1_c0,geneviève
ch1_p227_s1_c0,brabant
ch1_p227_s1_c0,demoiselle
ch1_p227_s1_c0,guermante
ch1_p227_s1_c0,absolution
ch1_p229_s0_c0,coin
ch1_p229_s0_c0,vitrail
ch1_p229_s0_c0,dame
ch1_p229_s0_c0,robe
ch1_p229_s2_c0,savez
ch1_p229_s2_c0,province
ch1_p229_s2_c0,jura
ch1_p229_s3_c0,corruption
ch1_p229_s3_c0,sanctus
ch1_p229_s3_c0,hilarius
ch1_p229_s3_c0,nom
ch1_p229_s4_c0,patronne
ch1_p229_s4_c0,eulalie
ch1_p229_s4_c0,eulalia
ch1_p229_s4_c0,bourgogne
ch1_p229_s5_c0,saint
ch1_p229_s6_c0,voyez
ch1_p229_s6_c0,eulalie
ch1_p229_s6_c0,mort
ch1_p229_s6_c0,homme
ch1_p229_s7_c0,monsieur
ch1_p229_s7_c0,curé
ch1_p229_s7_c0,mot
ch1_p229_s8_c0,frère
ch1_p229_s8_c0,gilbert
ch1_p229_s8_c0,charles
ch1_p229_s8_c0,bègue
ch1_p229_s8_c0,prince
ch1_p229_s8_c0,heure
ch1_p229_s8_c0,père
ch1_p229_s8_c0,pépin
ch1_p229_s8_c0,insensé
ch1_p229_s8_c0,mort
ch1_p229_s8_c0,suite
ch1_p229_s8_c0,maladie
ch1_p229_s8_c0,pouvoir
ch1_p229_s8_c0,présomption
ch1_p229_s8_c0,jeunesse
ch1_p229_s8_c0,discipline
ch1_p229_s8_c0,figure
ch1_p229_s8_c0,ville
ch1_p229_s8_c0,habitant
ch1_p229_s9_c0,gilbert
ch1_p229_s9_c0,charles
ch1_p229_s9_c0,église
ch1_p229_s9_c0,combray
ch1_p229_s9_c0,église
ch1_p229_s9_c0,théodebert
ch1_p229_s9_c0,cour
ch1_p229_s9_c0,maison
ch1_p229_s9_c0,campagne
ch1_p229_s9_c0,thiberzy
ch1_p229_s9_c0,theodeberciacus
ch1_p229_s9_c0,burgonde
ch1_p229_s9_c0,tombeau
ch1_p229_s9_c0,bienheureux
ch1_p229_s9_c0,victoire
ch1_p229_s10_c0,crypte
ch1_p229_s10_c0,théodore
ch1_p229_s10_c0,gilbert
ch1_p229_s11_c0,infortuné
ch1_p229_s11_c0,charles
ch1_p229_s11_c0,aide
ch1_p229_s11_c0,guillaume
ch1_p229_s11_c0,conquérant
ch1_p229_s11_c0,curé
ch1_p229_s11_c0,guilôme
ch1_p229_s11_c0,anglais
ch1_p229_s12_c0,sympathie
ch1_p229_s12_c0,habitant
ch1_p229_s12_c0,combray
ch1_p229_s12_c0,sortie
ch1_p229_s12_c0,messe
ch1_p229_s12_c0,tête
ch1_p229_s13_c0,livre
ch1_p229_s13_c0,explication
ch1_p230_s0_c0,église
ch1_p230_s0_c0,point
ch1_p230_s0_c0,vue
ch1_p230_s0_c0,clocher
ch1_p230_s1_c0,marche
ch1_p230_s1_c0,moitié
ch1_p230_s1_c0,dôme
ch1_p230_s1_c0,milan
ch1_p230_s2_c0,tête
ch1_p230_s2_c0,effet
ch1_p230_s2_c0,toile
ch1_p230_s2_c0,araignée
ch1_p230_s2_c0,escalier
ch1_p230_s3_c0,cas
ch1_p230_s3_c0,indignation
ch1_p230_s3_c0,tante
ch1_p230_s3_c0,idée
ch1_p230_s3_c0,clocher
ch1_p230_s3_c0,courant
ch1_p230_s3_c0,air
ch1_p230_s3_c0,fois
ch1_p230_s4_c0,personne
ch1_p230_s4_c0,froid
ch1_p230_s4_c0,mort
ch1_p230_s5_c0,dimanche
ch1_p230_s5_c0,société
ch1_p230_s5_c0,beauté
ch1_p230_s5_c0,panorama
ch1_p230_s6_c0,dimanche
ch1_p230_s6_c0,temps
ch1_p230_s6_c0,monde
ch1_p230_s6_c0,rogation
ch1_p230_s7_c0,coup
ch1_p230_s7_c0,œil
ch1_p230_s7_c0,sorte
ch1_p230_s7_c0,échappée
ch1_p230_s7_c0,plaine
ch1_p230_s7_c0,cachet
ch1_p230_s8_c0,temps
ch1_p230_s8_c0,verneuil
ch1_p230_s9_c0,fois
ch1_p230_s9_c0,chose
ch1_p230_s9_c0,cours
ch1_p230_s9_c0,vivonne
ch1_p230_s9_c0,fossé
ch1_p230_s9_c0,rideau
ch1_p230_s9_c0,arbre
ch1_p230_s9_c0,canal
ch1_p230_s9_c0,gaudiacus
ch1_p230_s9_c0,vice
ch1_p230_s9_c0,comitis
ch1_p230_s10_c0,fois
ch1_p230_s10_c0,bout
ch1_p230_s10_c0,canal
ch1_p230_s10_c0,rue
ch1_p230_s10_c0,précédent
ch1_p230_s11_c0,ensemble
ch1_p230_s11_c0,pensée
ch1_p230_s12_c0,clocher
ch1_p230_s12_c0,chose
ch1_p230_s12_c0,réseau
ch1_p230_s12_c0,localité
ch1_p230_s13_c0,eau
ch1_p230_s13_c0,fente
ch1_p230_s13_c0,ville
ch1_p230_s13_c0,quartier
ch1_p230_s13_c0,brioche
ch1_p230_s13_c0,morceau
ch1_p230_s13_c0,ensemble
ch1_p230_s14_c0,fois
ch1_p230_s14_c0,clocher
ch1_p231_s0_c0,curé
ch1_p231_s0_c0,tante
ch1_p231_s0_c0,peine
ch1_p231_s0_c0,eulalie
ch1_p232_s0_c0,pauvre
ch1_p232_s0_c0,eulalie
ch1_p232_s0_c0,voix
ch1_p232_s0_c0,pièce
ch1_p232_s0_c0,bourse
ch1_p232_s0_c0,portée
ch1_p232_s0_c0,main
ch1_p232_s0_c0,prière
ch1_p233_s1_c0,monsieur
ch1_p233_s1_c0,octave
ch1_p233_s2_c0,eulalie
ch1_p233_s2_c0,hésitation
ch1_p233_s2_c0,embarras
ch1_p233_s2_c0,fois
ch1_p233_s2_c0,apparence
ch1_p233_s2_c0,mécontentement
ch1_p233_s2_c0,tante
ch1_p233_s2_c0,jour
ch1_p233_s2_c0,eulalie
ch1_p233_s2_c0,pièce
ch1_p233_s2_c0,air
ch1_p233_s2_c0,coutume
ch1_p233_s2_c0,tante
ch1_p234_s0_c0,eulalie
ch1_p234_s0_c0,chose
ch1_p234_s0_c0,habitude
ch1_p234_s0_c0,air
ch1_p235_s0_c0,françoise
ch1_p235_s0_c0,tendance
ch1_p235_s0_c0,menue
ch1_p235_s0_c0,monnaie
ch1_p235_s0_c0,tante
ch1_p235_s0_c0,enfant
ch1_p235_s0_c0,trésor
ch1_p235_s0_c0,ingrat
ch1_p235_s0_c0,piécette
ch1_p235_s0_c0,dimanche
ch1_p235_s0_c0,main
ch1_p235_s0_c0,eulalie
ch1_p235_s0_c0,françoise
ch1_p235_s1_c0,argent
ch1_p235_s1_c0,tante
ch1_p235_s1_c0,eulalie
ch1_p235_s1_c0,françoise
ch1_p235_s2_c0,tante
ch1_p235_s2_c0,richesse
ch1_p235_s2_c0,maîtresse
ch1_p235_s2_c0,coup
ch1_p235_s2_c0,oeil
ch1_p235_s2_c0,servante
ch1_p235_s2_c0,françoise
ch1_p235_s2_c0,insigne
ch1_p235_s2_c0,combray
ch1_p235_s2_c0,lieu
ch1_p235_s2_c0,tante
ch1_p235_s2_c0,visite
ch1_p235_s2_c0,curé
ch1_p235_s2_c0,nombre
ch1_p235_s2_c0,bouteille
ch1_p235_s2_c0,eau
ch1_p235_s2_c0,vichy
ch1_p235_s3_c0,tante
ch1_p235_s3_c0,fortune
ch1_p235_s3_c0,rêve
ch1_p235_s3_c0,entreprise
ch1_p235_s3_c0,férocité
ch1_p235_s4_c0,mal
ch1_p235_s4_c0,tante
ch1_p235_s4_c0,riche
ch1_p235_s5_c0,besoin
ch1_p235_s5_c0,cadeau
ch1_p235_s5_c0,tante
ch1_p235_s5_c0,cause
ch1_p235_s6_c0,personne
ch1_p235_s6_c0,position
ch1_p235_s6_c0,fortune
ch1_p235_s6_c0,mme
ch1_p235_s6_c0,sazerat
ch1_p235_s6_c0,swann
ch1_p235_s6_c0,legrandin
ch1_p235_s6_c0,mme
ch1_p235_s6_c0,goupil
ch1_p235_s6_c0,personne
ch1_p235_s6_c0,rang
ch1_p235_s6_c0,tante
ch1_p235_s6_c0,ensemble
ch1_p235_s6_c0,partie
ch1_p235_s6_c0,usage
ch1_p235_s6_c0,vie
ch1_p235_s6_c0,bal
ch1_p235_s6_c0,visite
ch1_p235_s7_c0,bénéficiaire
ch1_p235_s7_c0,générosité
ch1_p235_s7_c0,tante
ch1_p235_s7_c0,françoise
ch1_p235_s7_c0,monsieur
ch1_p235_s7_c0,françoise
ch1_p235_s8_c0,conseil
ch1_p235_s8_c0,tante
ch1_p235_s8_c0,tête
ch1_p235_s8_c0,argent
ch1_p235_s8_c0,françoise
ch1_p235_s8_c0,créature
ch1_p235_s8_c0,don
ch1_p235_s8_c0,tante
ch1_p235_s8_c0,comparaison
ch1_p235_s8_c0,somme
ch1_p235_s8_c0,eulalie
ch1_p235_s9_c0,environ
ch1_p235_s9_c0,combray
ch1_p235_s9_c0,françoise
ch1_p235_s9_c0,supposât
ch1_p235_s9_c0,eulalie
ch1_p235_s9_c0,visite
ch1_p235_s10_c0,eulalie
ch1_p235_s10_c0,estimation
ch1_p235_s10_c0,richesse
ch1_p235_s10_c0,françoise
ch1_p235_s11_c0,eulalie
ch1_p235_s11_c0,partie
ch1_p235_s11_c0,françoise
ch1_p235_s11_c0,bienveillance
ch1_p235_s11_c0,compte
ch1_p235_s12_c0,tenue
ch1_p235_s12_c0,visage
ch1_p235_s13_c0,départ
ch1_p235_s13_c0,oracle
ch1_p235_s13_c0,sentence
ch1_p235_s13_c0,caractère
ch1_p235_s13_c0,application
ch1_p235_s13_c0,tante
ch1_p235_s14_c0,coin
ch1_p235_s14_c0,rideau
ch1_p235_s14_c0,eulalie
ch1_p235_s14_c0,porte
ch1_p235_s14_c0,personne
ch1_p235_s14_c0,pépette
ch1_p235_s14_c0,patience
ch1_p235_s14_c0,dieu
ch1_p235_s14_c0,jour
ch1_p235_s14_c0,regard
ch1_p235_s14_c0,insinuation
ch1_p235_s14_c0,joas
ch1_p235_s14_c0,athalie
ch1_p236_s0_c0,bonheur
ch1_p236_s0_c0,méchant
ch1_p236_s0_c0,torrent
ch1_p236_s0_c0,écoule
ch1_p237_s0_c0,curé
ch1_p237_s0_c0,visite
ch1_p237_s0_c0,force
ch1_p237_s0_c0,tante
ch1_p237_s0_c0,françoise
ch1_p237_s0_c0,chambre
ch1_p237_s0_c0,eulalie
ch1_p238_s0_c0,monsieur
ch1_p238_s0_c0,octave
ch1_p238_s0_c0,air
ch1_p238_s0_c0,fatiguée
ch1_p239_s0_c0,tante
ch1_p239_s0_c0,soupir
ch1_p239_s0_c0,oeil
ch1_p239_s1_c0,peine
ch1_p239_s1_c0,françoise
ch1_p239_s1_c0,coup
ch1_p239_s1_c0,violence
ch1_p239_s1_c0,maison
ch1_p239_s1_c0,tante
ch1_p239_s1_c0,lit
ch1_p240_s0_c0,eulalie
ch1_p240_s0_c0,partie
ch1_p240_s1_c0,croyez
ch1_p240_s1_c0,mme
ch1_p240_s1_c0,goupil
ch1_p240_s1_c0,messe
ch1_p240_s1_c0,élévation
ch1_p241_s0_c0,françoise
ch1_p241_s0_c0,eulalie
ch1_p242_s0_c0,tête
ch1_p242_s1_c0,chose
ch1_p243_s0_c0,vie
ch1_p243_s0_c0,tante
ch1_p243_s0_c0,léonie
ch1_p243_s0_c0,uniformité
ch1_p243_s0_c0,dédain
ch1_p243_s0_c0,tendresse
ch1_p243_s0_c0,traintrain
ch1_p243_s1_c0,monde
ch1_p243_s1_c0,maison
ch1_p243_s1_c0,inutilité
ch1_p243_s1_c0,conseiller
ch1_p243_s1_c0,hygiène
ch1_p243_s1_c0,village
ch1_p243_s1_c0,rue
ch1_p243_s1_c0,emballeur
ch1_p243_s1_c0,caisse
ch1_p243_s1_c0,françoise
ch1_p243_s1_c0,tante
ch1_p243_s1_c0,traintrain
ch1_p243_s1_c0,fois
ch1_p243_s1_c0,année
ch1_p243_s2_c0,fruit
ch1_p243_s2_c0,maturité
ch1_p243_s2_c0,nuit
ch1_p243_s2_c0,délivrance
ch1_p243_s2_c0,fille
ch1_p243_s2_c0,cuisine
ch1_p243_s3_c0,douleur
ch1_p243_s3_c0,sage
ch1_p243_s3_c0,femme
ch1_p243_s3_c0,combray
ch1_p243_s3_c0,françoise
ch1_p243_s3_c0,jour
ch1_p243_s3_c0,thiberzy
ch1_p243_s4_c0,tante
ch1_p243_s4_c0,cause
ch1_p243_s4_c0,cri
ch1_p243_s4_c0,fille
ch1_p243_s4_c0,cuisine
ch1_p243_s4_c0,françoise
ch1_p243_s4_c0,distance
ch1_p243_s5_c0,mère
ch1_p243_s5_c0,matinée
ch1_p243_s5_c0,monte
ch1_p243_s5_c0,tante
ch1_p243_s5_c0,besoin
ch1_p243_s6_c0,pièce
ch1_p243_s6_c0,porte
ch1_p243_s6_c0,tante
ch1_p243_s6_c0,côté
ch1_p243_s7_c0,doute
ch1_p243_s7_c0,bruit
ch1_p243_s7_c0,sommeil
ch1_p243_s7_c0,vitesse
ch1_p243_s7_c0,automobile
ch1_p243_s7_c0,musique
ch1_p243_s7_c0,ronflement
ch1_p243_s7_c0,demi
ch1_p243_s7_c0,visage
ch1_p243_s7_c0,sorte
ch1_p243_s7_c0,terreur
ch1_p243_s7_c0,rêve
ch1_p243_s7_c1,sentiment
ch1_p243_s7_c1,réalité
ch1_p243_s7_c1,mensonge
ch1_p243_s7_c1,vision
ch1_p243_s7_c1,sourire
ch1_p243_s7_c1,joie
ch1_p243_s7_c1,reconnaissance
ch1_p243_s7_c1,dieu
ch1_p243_s7_c1,vie
ch1_p243_s7_c1,rêve
ch1_p243_s7_c1,visage
ch1_p243_s7_c1,habitude
ch1_p243_s7_c1,prise
ch1_p243_s7_c1,dieu
ch1_p243_s8_c0,tracas
ch1_p243_s8_c0,fille
ch1_p243_s8_c0,cuisine
ch1_p243_s9_c0,pauvre
ch1_p243_s9_c0,octave
ch1_p243_s9_c0,promenade
ch1_p243_s9_c0,jour
ch1_p243_s10_c0,main
ch1_p243_s10_c0,chapelet
ch1_p243_s10_c0,table
ch1_p243_s10_c0,sommeil
ch1_p243_s10_c0,force
ch1_p243_s10_c0,loup
ch1_p243_s10_c0,chambre
ch1_p244_s0_c0,événement
ch1_p244_s0_c0,accouchement
ch1_p244_s0_c0,traintrain
ch1_p244_s0_c0,tante
ch1_p244_s0_c0,variation
ch1_p244_s0_c0,intervalle
ch1_p244_s0_c0,sein
ch1_p244_s0_c0,uniformité
ch1_p244_s0_c0,sorte
ch1_p244_s0_c0,uniformité
ch1_p244_s1_c0,samedi
ch1_p244_s1_c0,françoise
ch1_p244_s1_c0,marché
ch1_p244_s1_c0,déjeuner
ch1_p244_s1_c0,monde
ch1_p244_s1_c0,heure
ch1_p244_s2_c0,tante
ch1_p244_s2_c0,habitude
ch1_p244_s2_c0,dérogation
ch1_p244_s2_c0,habitude
ch1_p244_s2_c0,habitude
ch1_p244_s3_c0,routinée
ch1_p244_s3_c0,françoise
ch1_p244_s3_c0,samedi
ch1_p244_s3_c0,déjeuner
ch1_p244_s3_c0,heure
ch1_p244_s3_c0,jour
ch1_p244_s3_c0,déjeuner
ch1_p244_s3_c0,heure
ch1_p244_s3_c0,samedi
ch1_p244_s4_c0,avance
ch1_p244_s4_c0,déjeuner
ch1_p244_s4_c0,samedi
ch1_p244_s4_c0,figure
ch1_p244_s5_c0,moment
ch1_p244_s5_c0,habitude
ch1_p244_s5_c0,heure
ch1_p244_s5_c0,détente
ch1_p244_s5_c0,repas
ch1_p244_s5_c0,seconde
ch1_p244_s5_c0,endive
ch1_p244_s5_c0,omelette
ch1_p244_s5_c0,faveur
ch1_p244_s5_c0,bifteck
ch1_p244_s6_c0,samedi
ch1_p244_s6_c0,événement
ch1_p244_s6_c0,vie
ch1_p244_s6_c0,société
ch1_p244_s6_c0,sorte
ch1_p244_s6_c0,lien
ch1_p244_s6_c0,thème
ch1_p244_s6_c0,conversation
ch1_p244_s6_c0,plaisanterie
ch1_p244_s6_c0,récit
ch1_p244_s6_c0,plaisir
ch1_p244_s6_c0,noyau
ch1_p244_s6_c0,cycle
ch1_p244_s6_c0,tête
ch1_p244_s7_c0,matin
ch1_p244_s7_c0,raison
ch1_p244_s7_c0,plaisir
ch1_p244_s7_c0,force
ch1_p244_s7_c0,solidarité
ch1_p244_s7_c0,humeur
ch1_p244_s7_c0,cordialité
ch1_p244_s7_c0,patriotisme
ch1_p244_s7_c0,temps
ch1_p244_s7_c0,samedi
ch1_p244_s8_c0,tante
ch1_p244_s8_c0,françoise
ch1_p244_s8_c0,journée
ch1_p244_s8_c0,habitude
ch1_p244_s8_c0,morceau
ch1_p244_s8_c0,veau
ch1_p244_s8_c0,samedi
ch1_p244_s9_c0,heure
ch1_p244_s9_c0,demie
ch1_p244_s9_c0,heure
ch1_p244_s9_c0,demie
ch1_p244_s9_c0,déjeuner
ch1_p244_s9_c0,samedi
ch1_p244_s10_c0,quart
ch1_p244_s10_c0,heure
ch1_p244_s10_c0,oubli
ch1_p244_s10_c0,tante
ch1_p244_s11_c0,visage
ch1_p244_s11_c0,ciel
ch1_p244_s12_c0,déjeuner
ch1_p244_s12_c0,soleil
ch1_p244_s12_c0,samedi
ch1_p244_s12_c0,heure
ch1_p244_s12_c0,ciel
ch1_p244_s12_c0,retard
ch1_p244_s12_c0,promenade
ch1_p244_s12_c0,heure
ch1_p244_s13_c0,coup
ch1_p244_s13_c0,clocher
ch1_p244_s13_c0,habitude
ch1_p244_s13_c0,chemin
ch1_p244_s13_c0,cause
ch1_p244_s13_c0,repas
ch1_p244_s13_c0,midi
ch1_p244_s13_c0,sieste
ch1_p244_s13_c0,long
ch1_p244_s13_c0,rivière
ch1_p244_s13_c0,pêcheur
ch1_p244_s13_c0,ciel
ch1_p244_s13_c0,nuage
ch1_p244_s13_c0,monde
ch1_p244_s13_c0,chœur
ch1_p244_s13_c0,heure
ch1_p244_s13_c1,samedi
ch1_p244_s14_c0,surprise
ch1_p244_s14_c0,barbare
ch1_p244_s14_c0,samedi
ch1_p244_s14_c0,heure
ch1_p244_s14_c0,père
ch1_p244_s14_c0,table
ch1_p244_s14_c0,chose
ch1_p244_s14_c0,vie
ch1_p244_s14_c0,françoise
ch1_p244_s15_c0,visiteur
ch1_p244_s15_c0,déjeunion
ch1_p244_s15_c0,samedi
ch1_p244_s15_c0,fond
ch1_p244_s15_c0,cœur
ch1_p244_s15_c0,chauvinisme
ch1_p244_s15_c0,père
ch1_p244_s15_c0,idée
ch1_p244_s15_c0,barbare
ch1_p244_s15_c0,explication
ch1_p244_s15_c0,étonnement
ch1_p244_s15_c0,salle
ch1_p244_s15_c0,samedi
ch1_p244_s16_c0,point
ch1_p244_s16_c0,récit
ch1_p244_s16_c0,larme
ch1_p244_s16_c0,hilarité
ch1_p244_s16_c0,plaisir
ch1_p244_s16_c0,dialogue
ch1_p244_s16_c0,visiteur
ch1_p244_s16_c0,samedi
ch1_p244_s17_c0,addition
ch1_p244_s17_c0,chose
ch1_p244_s18_c0,fois
ch1_p244_s19_c0,ouvrage
ch1_p244_s19_c0,tête
ch1_p244_s19_c0,lorgnon
ch1_p245_s0_c0,samedi
ch1_p245_s0_c0,jour
ch1_p245_s0_c0,mois
ch1_p245_s0_c0,mai
ch1_p245_s0_c0,sortion
ch1_p245_s0_c0,dîner
ch1_p245_s0_c0,mois
ch1_p245_s0_c0,marie
ch1_p246_s0_c0,vinteuil
ch1_p246_s0_c0,genre
ch1_p246_s0_c0,idée
ch1_p246_s0_c0,époque
ch1_p246_s0_c0,mère
ch1_p246_s0_c0,garde
ch1_p246_s0_c0,tenue
ch1_p246_s0_c0,église
ch1_p246_s1_c0,mois
ch1_p246_s1_c0,marie
ch1_p246_s1_c0,aubépine
ch1_p246_s2_c0,église
ch1_p246_s2_c0,droit
ch1_p246_s2_c0,autel
ch1_p246_s2_c0,mystère
ch1_p246_s2_c0,célébration
ch1_p246_s2_c0,part
ch1_p246_s2_c0,milieu
ch1_p246_s2_c0,flambeau
ch1_p246_s2_c0,vase
ch1_p246_s2_c0,branche
ch1_p246_s2_c0,apprêt
ch1_p246_s2_c0,fête
ch1_p246_s2_c0,feston
ch1_p246_s2_c0,feuillage
ch1_p246_s2_c0,profusion
ch1_p246_s2_c1,traîne
ch1_p246_s2_c1,marié
ch1_p246_s2_c1,bouquet
ch1_p246_s2_c1,bouton
ch1_p246_s2_c1,blancheur
ch1_p246_s3_c0,dérobée
ch1_p246_s3_c0,apprêt
ch1_p246_s3_c0,nature
ch1_p246_s3_c0,découpure
ch1_p246_s3_c0,feuille
ch1_p246_s3_c0,ornement
ch1_p246_s3_c0,blanc
ch1_p246_s3_c0,bouton
ch1_p246_s3_c0,décoration
ch1_p246_s3_c0,fois
ch1_p246_s3_c0,réjouissance
ch1_p246_s3_c0,solennité
ch1_p246_s4_c0,corolle
ch1_p246_s4_c0,grâce
ch1_p246_s4_c0,atour
ch1_p246_s4_c0,bouquet
ch1_p246_s4_c0,étamine
ch1_p246_s4_c0,fils
ch1_p246_s4_c0,vierge
ch1_p246_s4_c0,embrumait
ch1_p246_s4_c0,fond
ch1_p246_s4_c0,geste
ch1_p246_s4_c0,efflorescence
ch1_p246_s4_c0,mouvement
ch1_p246_s4_c0,tête
ch1_p246_s4_c0,regard
ch1_p246_s4_c0,pupille
ch1_p246_s4_c1,blanche
ch1_p246_s4_c1,fille
ch1_p246_s4_c1,distrait
ch1_p246_s5_c0,vinteuil
ch1_p246_s5_c0,fille
ch1_p246_s5_c0,côté
ch1_p246_s6_c0,famille
ch1_p246_s6_c0,professeur
ch1_p246_s6_c0,piano
ch1_p246_s6_c0,sœur
ch1_p246_s6_c0,mort
ch1_p246_s6_c0,femme
ch1_p246_s6_c0,héritage
ch1_p246_s6_c0,combray
ch1_p246_s6_c0,maison
ch1_p246_s7_c0,pudibonderie
ch1_p246_s7_c0,swann
ch1_p246_s7_c0,mariage
ch1_p246_s7_c0,goût
ch1_p246_s7_c0,jour
ch1_p246_s8_c0,mère
ch1_p246_s8_c0,amabilité
ch1_p246_s8_c0,fît
ch1_p246_s8_c0,chose
ch1_p246_s9_c0,vinteuil
ch1_p246_s9_c0,joie
ch1_p246_s9_c0,politesse
ch1_p246_s9_c0,bonté
ch1_p246_s9_c0,scrupule
ch1_p246_s9_c0,place
ch1_p246_s9_c0,désir
ch1_p246_s10_c0,jour
ch1_p246_s10_c0,parent
ch1_p246_s10_c0,visite
ch1_p246_s10_c0,maison
ch1_p246_s10_c0,vinteuil
ch1_p246_s10_c0,montjouvain
ch1_p246_s10_c0,monticule
ch1_p246_s10_c0,plain
ch1_p246_s10_c0,pied
ch1_p246_s10_c0,salon
ch1_p246_s10_c0,étage
ch1_p246_s10_c0,centimètre
ch1_p246_s10_c0,fenêtre
ch1_p246_s11_c0,parent
ch1_p246_s11_c0,vinteuil
ch1_p246_s11_c0,évidence
ch1_p246_s11_c0,piano
ch1_p246_s11_c0,morceau
ch1_p246_s11_c0,musique
ch1_p246_s12_c0,fois
ch1_p246_s12_c0,parent
ch1_p246_s12_c0,coin
ch1_p246_s13_c0,doute
ch1_p246_s13_c0,composition
ch1_p246_s14_c0,fois
ch1_p246_s14_c0,mère
ch1_p246_s14_c0,charge
ch1_p246_s14_c0,cours
ch1_p246_s14_c0,visite
ch1_p246_s14_c0,fois
ch1_p246_s14_c0,piano
ch1_p246_s14_c0,place
ch1_p246_s14_c0,conversation
ch1_p246_s14_c0,sujet
ch1_p246_s15_c0,passion
ch1_p246_s15_c0,fille
ch1_p246_s15_c0,air
ch1_p246_s15_c0,garçon
ch1_p246_s15_c0,précaution
ch1_p246_s15_c0,père
ch1_p246_s15_c0,châle
ch1_p246_s15_c0,épaule
ch1_p246_s16_c0,expression
ch1_p246_s16_c0,regard
ch1_p246_s16_c0,enfant
ch1_p246_s16_c0,visage
ch1_p246_s16_c0,tache
ch1_p246_s17_c0,parole
ch1_p246_s17_c0,esprit
ch1_p246_s17_c0,malentendu
ch1_p246_s17_c0,transparence
ch1_p246_s17_c0,figure
ch1_p246_s17_c0,hommasse
ch1_p246_s17_c0,diable
ch1_p246_s17_c0,trait
ch1_p246_s17_c0,fille
ch1_p247_s0_c0,moment
ch1_p247_s0_c0,église
ch1_p247_s0_c0,autel
ch1_p247_s0_c0,coup
ch1_p247_s0_c0,aubépine
ch1_p247_s0_c0,odeur
ch1_p247_s0_c0,amande
ch1_p247_s0_c0,fleur
ch1_p247_s0_c0,place
ch1_p247_s0_c1,odeur
ch1_p247_s0_c1,party
ch1_p247_s0_c1,goût
ch1_p247_s0_c1,frangipane
ch1_p247_s0_c1,tache
ch1_p247_s0_c1,rousseur
ch1_p247_s0_c1,joue
ch1_p247_s0_c1,mlle
ch1_p247_s0_c1,vinteuil
ch1_p247_s1_c0,immobilité
ch1_p247_s1_c0,aubépine
ch1_p247_s1_c0,intermittent
ch1_p247_s1_c0,ardeur
ch1_p247_s1_c0,murmure
ch1_p247_s1_c0,vie
ch1_p247_s1_c0,autel
ch1_p247_s1_c0,haie
ch1_p247_s1_c0,antenne
ch1_p247_s1_c0,étamine
ch1_p247_s1_c0,virulence
ch1_p247_s1_c0,pouvoir
ch1_p247_s1_c0,insecte
ch1_p247_s1_c0,fleur
ch1_p248_s0_c0,moment
ch1_p248_s0_c0,vinteuil
ch1_p248_s0_c0,porche
ch1_p248_s0_c0,église
ch1_p248_s1_c0,gamin
ch1_p248_s1_c0,place
ch1_p248_s1_c0,défense
ch1_p248_s1_c0,petit
ch1_p248_s1_c0,sermon
ch1_p248_s1_c0,grand
ch1_p248_s2_c0,fille
ch1_p248_s2_c0,voix
ch1_p248_s2_c0,sœur
ch1_p248_s2_c0,propos
ch1_p248_s2_c0,garçon
ch1_p248_s3_c0,père
ch1_p248_s3_c0,manteau
ch1_p248_s3_c0,épaule
ch1_p248_s3_c0,buggy
ch1_p248_s3_c0,montjouvain
ch1_p248_s4_c0,lendemain
ch1_p248_s4_c0,dimanche
ch1_p248_s4_c0,lune
ch1_p248_s4_c0,air
ch1_p248_s4_c0,lieu
ch1_p248_s4_c0,père
ch1_p248_s4_c0,amour
ch1_p248_s4_c0,gloire
ch1_p248_s4_c0,calvaire
ch1_p248_s4_c0,promenade
ch1_p248_s4_c0,aptitude
ch1_p248_s4_c0,mère
ch1_p248_s4_c0,chemin
ch1_p248_s4_c0,prouesse
ch1_p248_s4_c0,génie
ch1_p248_s5_c0,viaduc
ch1_p248_s5_c0,enjambée
ch1_p248_s5_c0,pierre
ch1_p248_s5_c0,gare
ch1_p248_s5_c0,exil
ch1_p248_s5_c0,détresse
ch1_p248_s5_c0,monde
ch1_p248_s5_c0,année
ch1_p248_s5_c0,paris
ch1_p248_s5_c0,attention
ch1_p248_s5_c0,combray
ch1_p248_s5_c0,station
ch1_p248_s5_c1,avance
ch1_p248_s5_c1,train
ch1_p248_s5_c1,bout
ch1_p248_s5_c1,minute
ch1_p248_s5_c1,viaduc
ch1_p248_s5_c1,pays
ch1_p248_s5_c1,combray
ch1_p248_s5_c1,limite
ch1_p248_s6_c0,boulevard
ch1_p248_s6_c0,gare
ch1_p248_s6_c0,villa
ch1_p248_s6_c0,commune
ch1_p248_s7_c0,jardin
ch1_p248_s7_c0,clair
ch1_p248_s7_c0,lune
ch1_p248_s7_c0,hubert
ch1_p248_s7_c0,robert
ch1_p248_s7_c0,degré
ch1_p248_s7_c0,marbre
ch1_p248_s7_c0,jet
ch1_p248_s7_c0,eau
ch1_p248_s7_c0,grille
ch1_p248_s8_c0,lumière
ch1_p248_s8_c0,bureau
ch1_p248_s8_c0,télégraphe
ch1_p248_s9_c0,colonne
ch1_p248_s9_c0,demi
ch1_p248_s9_c0,beauté
ch1_p248_s9_c0,ruine
ch1_p248_s10_c0,jambe
ch1_p248_s10_c0,sommeil
ch1_p248_s10_c0,odeur
ch1_p248_s10_c0,tilleul
ch1_p248_s10_c0,récompense
ch1_p248_s10_c0,prix
ch1_p248_s10_c0,fatigue
ch1_p248_s10_c0,peine
ch1_p248_s11_c0,grille
ch1_p248_s11_c0,chien
ch1_p248_s11_c0,aboiement
ch1_p248_s11_c0,soir
ch1_p248_s11_c0,emplacement
ch1_p248_s11_c0,jardin
ch1_p248_s11_c0,combray
ch1_p248_s11_c0,boulevard
ch1_p248_s11_c0,gare
ch1_p248_s11_c1,tilleul
ch1_p248_s11_c1,trottoir
ch1_p248_s11_c1,lune
ch1_p249_s0_c0,coup
ch1_p249_s0_c0,père
ch1_p249_s0_c0,mère
ch1_p249_s1_c0,marche
ch1_p249_s2_c0,épaule
ch1_p249_s3_c0,poche
ch1_p249_s3_c0,veston
ch1_p249_s3_c0,clef
ch1_p249_s3_c0,porte
ch1_p249_s3_c0,jardin
ch1_p249_s3_c0,coin
ch1_p249_s3_c0,rue
ch1_p249_s3_c0,bout
ch1_p249_s3_c0,chemin
ch1_p249_s4_c0,mère
ch1_p249_s4_c0,admiration
ch1_p249_s5_c0,instant
ch1_p249_s5_c0,sol
ch1_p249_s5_c0,jardin
ch1_p249_s5_c0,acte
ch1_p249_s5_c0,attention
ch1_p249_s5_c0,habitude
ch1_p249_s5_c0,bras
ch1_p249_s5_c0,lit
ch1_p249_s5_c0,enfant
ch1_p250_s0_c0,journée
ch1_p250_s0_c0,samedi
ch1_p250_s0_c0,heure
ch1_p250_s0_c0,françoise
ch1_p250_s0_c0,tante
ch1_p250_s0_c0,impatience
ch1_p250_s0_c0,commencement
ch1_p250_s0_c0,semaine
ch1_p250_s0_c0,nouveauté
ch1_p250_s0_c0,distraction
ch1_p250_s0_c0,corps
ch1_p250_s1_c0,changement
ch1_p250_s1_c0,heure
ch1_p250_s1_c0,exception
ch1_p250_s1_c0,soif
ch1_p250_s1_c0,chose
ch1_p250_s1_c0,manque
ch1_p250_s1_c0,énergie
ch1_p250_s1_c0,imagination
ch1_p250_s1_c0,principe
ch1_p250_s1_c0,rénovation
ch1_p250_s1_c0,minute
ch1_p250_s1_c0,facteur
ch1_p250_s1_c0,pire
ch1_p250_s1_c0,émotion
ch1_p250_s1_c0,douleur
ch1_p250_s1_c0,sensibilité
ch1_p250_s1_c1,bonheur
ch1_p250_s1_c1,harpe
ch1_p250_s1_c1,main
ch1_p250_s1_c1,volonté
ch1_p250_s1_c1,droit
ch1_p250_s1_c1,obstacle
ch1_p250_s1_c1,désir
ch1_p250_s1_c1,peine
ch1_p250_s1_c1,rêne
ch1_p250_s1_c1,main
ch1_p250_s1_c1,événement
ch1_p250_s2_c0,doute
ch1_p250_s2_c0,force
ch1_p250_s2_c0,tante
ch1_p250_s2_c0,tarie
ch1_p250_s2_c0,fatigue
ch1_p250_s2_c0,goutte
ch1_p250_s2_c0,goutte
ch1_p250_s2_c0,sein
ch1_p250_s2_c0,repos
ch1_p250_s2_c0,réservoir
ch1_p250_s2_c0,mois
ch1_p250_s2_c0,activité
ch1_p250_s3_c0,doute
ch1_p250_s3_c0,désir
ch1_p250_s3_c0,pomme
ch1_p250_s3_c0,terre
ch1_p250_s3_c0,bout
ch1_p250_s3_c0,temps
ch1_p250_s3_c0,plaisir
ch1_p250_s3_c0,purée
ch1_p250_s3_c0,accumulation
ch1_p250_s3_c0,jour
ch1_p250_s3_c1,attente
ch1_p250_s3_c1,cataclysme
ch1_p250_s3_c1,durée
ch1_p250_s3_c1,moment
ch1_p250_s3_c1,fois
ch1_p250_s3_c1,changement
ch1_p250_s4_c0,plaisir
ch1_p250_s4_c0,moment
ch1_p250_s4_c0,sueur
ch1_p250_s4_c0,nouveau
ch1_p250_s4_c0,maison
ch1_p250_s4_c0,proie
ch1_p250_s4_c0,incendie
ch1_p250_s4_c0,péri
ch1_p250_s4_c0,pierre
ch1_p250_s4_c0,mur
ch1_p250_s4_c0,temps
ch1_p250_s4_c0,condition
ch1_p250_s4_c0,suite
ch1_p250_s4_c1,espérance
ch1_p250_s4_c1,avantage
ch1_p250_s4_c1,regret
ch1_p250_s4_c1,tendresse
ch1_p250_s4_c1,stupéfaction
ch1_p250_s4_c1,village
ch1_p250_s4_c1,deuil
ch1_p250_s4_c1,moment
ch1_p250_s4_c1,temps
ch1_p250_s4_c1,possibilité
ch1_p250_s4_c1,hésitation
ch1_p250_s4_c1,été
ch1_p250_s4_c1,jolie
ch1_p250_s4_c1,mirougrain
ch1_p250_s4_c1,chute
ch1_p250_s4_c1,eau
ch1_p250_s5_c0,événement
ch1_p250_s5_c0,genre
ch1_p250_s5_c0,réussite
ch1_p250_s5_c0,jeu
ch1_p250_s5_c0,patience
ch1_p250_s5_c0,réalisation
ch1_p250_s5_c0,fait
ch1_p250_s5_c0,parole
ch1_p250_s5_c0,accent
ch1_p250_s5_c0,empreinte
ch1_p250_s5_c0,mort
ch1_p250_s5_c0,possibilité
ch1_p250_s5_c0,abstraite
ch1_p250_s5_c1,temps
ch1_p250_s5_c1,temps
ch1_p250_s5_c1,vie
ch1_p250_s5_c1,péripétie
ch1_p250_s5_c1,passion
ch1_p250_s6_c0,coup
ch1_p250_s6_c0,françoise
ch1_p250_s6_c0,ruse
ch1_p250_s6_c0,party
ch1_p250_s6_c0,carte
ch1_p250_s6_c0,fois
ch1_p250_s6_c0,jeu
ch1_p250_s6_c0,jeu
ch1_p250_s6_c0,adversaire
ch1_p250_s6_c0,excuse
ch1_p250_s6_c0,françoise
ch1_p250_s6_c0,feu
ch1_p250_s6_c0,indignation
ch1_p250_s6_c0,moment
ch1_p250_s6_c0,nage
ch1_p250_s6_c1,oeil
ch1_p250_s6_c1,cheveu
ch1_p250_s6_c1,front
ch1_p250_s7_c0,françoise
ch1_p250_s7_c0,chambre
ch1_p250_s7_c0,mordant
ch1_p250_s7_c0,invention
ch1_p250_s7_c0,tante
ch1_p250_s7_c0,état
ch1_p250_s7_c0,réalité
ch1_p250_s8_c0,spectacle
ch1_p250_s8_c0,lit
ch1_p250_s8_c0,tante
ch1_p250_s8_c0,pièce
ch1_p250_s9_c0,dimanche
ch1_p250_s9_c0,porte
ch1_p250_s9_c0,eulalie
ch1_p250_s9_c0,doute
ch1_p250_s9_c0,probité
ch1_p250_s9_c0,françoise
ch1_p250_s9_c0,intention
ch1_p250_s9_c0,fois
ch1_p250_s9_c0,françoise
ch1_p250_s9_c0,soupçon
ch1_p250_s9_c0,infidélité
ch1_p250_s9_c0,eulalie
ch1_p250_s9_c0,porte
ch1_p250_s9_c0,jour
ch1_p250_s9_c0,confident
ch1_p250_s9_c0,veille
ch1_p250_s9_c0,traître
ch1_p250_s9_c0,représentation
ch1_p250_s9_c0,emploi
ch1_p250_s10_c0,soupçon
ch1_p250_s10_c0,eulalie
ch1_p250_s10_c0,feu
ch1_p250_s10_c0,paille
ch1_p250_s10_c0,faute
ch1_p250_s10_c0,aliment
ch1_p250_s10_c0,eulalie
ch1_p250_s10_c0,maison
ch1_p250_s11_c0,françoise
ch1_p250_s11_c0,tante
ch1_p250_s11_c0,toit
ch1_p250_s11_c0,crainte
ch1_p250_s11_c0,froid
ch1_p250_s11_c0,lit
ch1_p250_s11_c0,cuisine
ch1_p250_s11_c0,compte
ch1_p250_s12_c0,esprit
ch1_p250_s12_c0,occupation
ch1_p250_s12_c0,moment
ch1_p250_s12_c0,françoise
ch1_p250_s13_c0,mouvement
ch1_p250_s13_c0,physionomie
ch1_p250_s13_c0,contradiction
ch1_p250_s13_c0,parole
ch1_p250_s13_c0,désir
ch1_p250_s14_c0,mot
ch1_p250_s14_c0,françoise
ch1_p250_s14_c0,tante
ch1_p250_s14_c0,cœur
ch1_p250_s14_c0,divertissement
ch1_p250_s15_c0,dimanche
ch1_p250_s15_c0,révélation
ch1_p250_s15_c0,eulalie
ch1_p250_s15_c0,découverte
ch1_p250_s15_c0,coup
ch1_p250_s15_c0,champ
ch1_p250_s15_c0,science
ch1_p250_s15_c0,ornière
ch1_p250_s15_c0,tante
ch1_p250_s15_c0,supposition
ch1_p250_s15_c0,vérité
ch1_p250_s16_c0,françoise
ch1_p250_s16_c0,voiture
ch1_p250_s17_c0,voiture
ch1_p250_s18_c0,tante
ch1_p250_s20_c0,vue
ch1_p250_s20_c0,calèche
ch1_p250_s20_c0,artaban
ch1_p250_s20_c0,marché
ch1_p250_s20_c0,roussainville
ch1_p250_s21_c0,mme
ch1_p250_s21_c0,octave
ch1_p250_s22_c0,françoise
ch1_p250_s22_c0,tante
ch1_p250_s22_c0,bête
ch1_p250_s22_c0,chasseur
ch1_p250_s22_c0,ruse
ch1_p250_s23_c0,mère
ch1_p250_s23_c0,développât
ch1_p250_s23_c0,françoise
ch1_p250_s23_c0,haine
ch1_p250_s23_c0,tante
ch1_p250_s24_c0,cas
ch1_p250_s24_c0,françoise
ch1_p250_s24_c0,parole
ch1_p250_s24_c0,geste
ch1_p250_s24_c0,tante
ch1_p250_s24_c0,attention
ch1_p250_s25_c0,chose
ch1_p250_s25_c0,manière
ch1_p250_s26_c0,requête
ch1_p250_s26_c0,dérobée
ch1_p250_s26_c0,aspect
ch1_p250_s26_c0,figure
ch1_p250_s27_c0,artiste
ch1_p250_s27_c0,mémoire
ch1_p250_s27_c0,siècle
ch1_p250_s27_c0,roi
ch1_p250_s27_c0,voie
ch1_p250_s27_c0,généalogie
ch1_p250_s27_c0,famille
ch1_p250_s27_c0,correspondance
ch1_p250_s27_c0,souverain
ch1_p250_s27_c0,europe
ch1_p250_s27_c0,dos
ch1_p250_s27_c0,tort
ch1_p250_s27_c0,forme
ch1_p250_s27_c0,conséquent
ch1_p250_s27_c1,dame
ch1_p250_s27_c1,province
ch1_p250_s27_c1,manie
ch1_p250_s27_c1,méchanceté
ch1_p250_s27_c1,oisiveté
ch1_p250_s27_c1,louis
ch1_p250_s27_c1,occupation
ch1_p250_s27_c1,journée
ch1_p250_s27_c1,déjeuner
ch1_p250_s27_c1,repos
ch1_p250_s27_c1,singularité
ch1_p250_s27_c1,intérêt
ch1_p250_s27_c1,vie
ch1_p250_s27_c1,versailles
ch1_p250_s27_c1,silence
ch1_p250_s27_c2,nuance
ch1_p250_s27_c2,humeur
ch1_p250_s27_c2,hauteur
ch1_p250_s27_c2,physionomie
ch1_p250_s27_c2,part
ch1_p250_s27_c2,françoise
ch1_p250_s27_c2,objet
ch1_p250_s27_c2,commentaire
ch1_p250_s27_c2,silence
ch1_p250_s27_c2,humeur
ch1_p250_s27_c2,hauteur
ch1_p250_s27_c2,roi
ch1_p250_s27_c2,courtisan
ch1_p250_s27_c2,seigneur
ch1_p250_s27_c2,supplique
ch1_p250_s27_c2,détour
ch1_p250_s27_c2,allée
ch1_p250_s27_c2,versailles
ch1_p251_s0_c0,dimanche
ch1_p251_s0_c0,tante
ch1_p251_s0_c0,visite
ch1_p251_s0_c0,curé
ch1_p251_s0_c0,eulalie
ch1_p251_s0_c0,monté
ch1_p251_s0_c0,maman
ch1_p251_s0_c0,condoléances
ch1_p251_s0_c0,chance
ch1_p251_s0_c0,visiteur
ch1_p251_s0_c0,heure
ch1_p252_s0_c0,chose
ch1_p252_s0_c0,léonie
ch1_p252_s0_c0,douceur
ch1_p252_s0_c0,monde
ch1_p252_s0_c0,fois
ch1_p253_s0_c0,abondance
ch1_p253_s0_c0,bien
ch1_p253_s0_c0,fille
ch1_p253_s0_c0,côté
ch1_p253_s1_c0,père
ch1_p253_s1_c0,parole
ch1_p254_s0_c0,famille
ch1_p254_s0_c0,récit
ch1_p254_s0_c0,besoin
ch1_p254_s1_c0,peur
ch1_p254_s1_c0,legrandin
ch1_p254_s1_c0,peine
ch1_p254_s1_c0,matin
ch1_p255_s0_c0,récit
ch1_p255_s0_c0,père
ch1_p255_s0_c0,messe
ch1_p255_s0_c0,legrandin
ch1_p255_s0_c0,cuisine
ch1_p255_s0_c0,menu
ch1_p255_s0_c0,dîner
ch1_p255_s0_c0,jour
ch1_p255_s0_c0,journal
ch1_p255_s0_c0,programme
ch1_p255_s0_c0,fête
ch1_p255_s1_c0,legrandin
ch1_p255_s1_c0,église
ch1_p255_s1_c0,côté
ch1_p255_s1_c0,châtelaine
ch1_p255_s1_c0,voisinage
ch1_p255_s1_c0,vue
ch1_p255_s1_c0,père
ch1_p255_s1_c0,salut
ch1_p255_s1_c0,fois
ch1_p255_s1_c0,legrandin
ch1_p255_s1_c0,peine
ch1_p255_s1_c0,air
ch1_p255_s1_c0,perspective
ch1_p255_s1_c0,regard
ch1_p255_s1_c0,personne
ch1_p255_s1_c0,fond
ch1_p255_s1_c0,oeil
ch1_p255_s1_c1,air
ch1_p255_s1_c1,bout
ch1_p255_s1_c1,route
ch1_p255_s1_c1,distance
ch1_p255_s1_c1,signe
ch1_p255_s1_c1,tête
ch1_p255_s1_c1,dimension
ch1_p255_s1_c1,marionnette
ch1_p256_s0_c0,dame
ch1_p256_s0_c0,legrandin
ch1_p256_s0_c0,question
ch1_p256_s0_c0,fortune
ch1_p256_s0_c0,père
ch1_p256_s0_c0,legrandin
ch1_p256_s1_c0,savoir
ch1_p256_s1_c0,père
ch1_p256_s1_c0,milieu
ch1_p256_s1_c0,veston
ch1_p256_s1_c0,cravate
ch1_p256_s1_c0,chose
ch1_p256_s1_c0,air
ch1_p256_s2_c0,conseil
ch1_p256_s2_c0,famille
ch1_p256_s2_c0,avis
ch1_p256_s2_c0,père
ch1_p256_s2_c0,idée
ch1_p256_s2_c0,legrandin
ch1_p256_s2_c0,moment
ch1_p256_s2_c0,pensée
ch1_p256_s3_c0,crainte
ch1_p256_s3_c0,père
ch1_p256_s3_c0,lendemain
ch1_p256_s3_c0,soir
ch1_p256_s4_c0,promenade
ch1_p256_s4_c0,legrandin
ch1_p256_s4_c0,cause
ch1_p256_s4_c0,fête
ch1_p256_s4_c0,jour
ch1_p256_s4_c0,combray
ch1_p256_s5_c0,main
ch1_p256_s5_c0,monsieur
ch1_p256_s5_c0,liseur
ch1_p256_s5_c0,paul
ch1_p256_s5_c0,desjardins
ch1_p257_s0_c0,bois
ch1_p257_s0_c0,ciel
ch1_p258_s0_c0,notation
ch1_p258_s0_c0,heure
ch1_p258_s1_c0,paul
ch1_p258_s1_c0,desjardins
ch1_p258_s2_c0,enfant
ch1_p258_s2_c0,frère
ch1_p258_s2_c0,aquarelliste
ch1_p259_s0_c0,bois
ch1_p259_s0_c0,ciel
ch1_p260_s0_c0,ciel
ch1_p260_s0_c0,bleu
ch1_p260_s0_c0,ami
ch1_p260_s0_c0,heure
ch1_p260_s0_c0,bois
ch1_p260_s0_c0,nuit
ch1_p260_s0_c0,côté
ch1_p260_s0_c0,ciel
ch1_p260_s1_c0,poche
ch1_p260_s1_c0,cigarette
ch1_p260_s1_c0,oeil
ch1_p260_s1_c0,horizon
ch1_p260_s1_c0,adieu
ch1_p260_s1_c0,camarade
ch1_p260_s1_c0,coup
ch1_p261_s0_c0,heure
ch1_p261_s0_c0,menu
ch1_p261_s0_c0,dîner
ch1_p261_s0_c0,françoise
ch1_p261_s0_c0,commandant
ch1_p261_s0_c0,force
ch1_p261_s0_c0,nature
ch1_p261_s0_c0,aide
ch1_p261_s0_c0,féerie
ch1_p261_s0_c0,géant
ch1_p261_s0_c0,cuisinier
ch1_p261_s0_c0,houille
ch1_p261_s0_c0,vapeur
ch1_p261_s0_c0,pomme
ch1_p261_s0_c0,terre
ch1_p261_s0_c0,étuver
ch1_p261_s0_c0,point
ch1_p261_s0_c0,feu
ch1_p261_s0_c0,chef
ch1_p261_s0_c0,œuvre
ch1_p261_s0_c0,récipient
ch1_p261_s0_c0,céramiste
ch1_p261_s0_c0,cuve
ch1_p261_s0_c0,marmite
ch1_p261_s0_c1,chaudron
ch1_p261_s0_c1,terrine
ch1_p261_s0_c1,gibier
ch1_p261_s0_c1,moule
ch1_p261_s0_c1,pâtisserie
ch1_p261_s0_c1,pot
ch1_p261_s0_c1,crème
ch1_p261_s0_c1,collection
ch1_p261_s0_c1,casserole
ch1_p261_s0_c1,dimension
ch1_p261_s1_c0,table
ch1_p261_s1_c0,fille
ch1_p261_s1_c0,cuisine
ch1_p261_s1_c0,pois
ch1_p261_s1_c0,bille
ch1_p261_s1_c0,jeu
ch1_p261_s1_c0,ravissement
ch1_p261_s1_c0,asperge
ch1_p261_s1_c0,rose
ch1_p261_s1_c0,épi
ch1_p261_s1_c0,mauve
ch1_p261_s1_c0,azur
ch1_p261_s1_c0,pied
ch1_p261_s1_c0,sol
ch1_p261_s1_c0,plant
ch1_p261_s1_c0,irisation
ch1_p261_s1_c0,terre
ch1_p261_s2_c0,nuance
ch1_p261_s2_c0,délicieuse
ch1_p261_s2_c0,créature
ch1_p261_s2_c0,légume
ch1_p261_s2_c0,travers
ch1_p261_s2_c0,déguisement
ch1_p261_s2_c0,chair
ch1_p261_s2_c0,couleur
ch1_p261_s2_c0,aurore
ch1_p261_s2_c0,ébauche
ch1_p261_s2_c0,extinction
ch1_p261_s2_c0,soir
ch1_p261_s2_c0,essence
ch1_p261_s2_c1,nuit
ch1_p261_s2_c1,dîner
ch1_p261_s2_c1,farce
ch1_p261_s2_c1,féerie
ch1_p261_s2_c1,shakespeare
ch1_p261_s2_c1,pot
ch1_p261_s2_c1,chambre
ch1_p261_s2_c1,vase
ch1_p261_s2_c1,parfum
ch1_p262_s0_c0,charité
ch1_p262_s0_c0,giotto
ch1_p262_s0_c0,swann
ch1_p262_s0_c0,françoise
ch1_p262_s0_c0,corbeille
ch1_p262_s0_c0,air
ch1_p262_s0_c0,malheur
ch1_p262_s0_c0,terre
ch1_p262_s0_c0,couronne
ch1_p262_s0_c0,azur
ch1_p262_s0_c0,asperge
ch1_p262_s0_c0,tunique
ch1_p262_s0_c0,rose
ch1_p262_s0_c0,étoile
ch1_p262_s0_c0,étoile
ch1_p262_s0_c1,fresque
ch1_p262_s0_c1,fleur
ch1_p262_s0_c1,front
ch1_p262_s0_c1,corbeille
ch1_p262_s0_c1,vertu
ch1_p262_s0_c1,padoue
ch1_p262_s1_c0,françoise
ch1_p262_s1_c0,broche
ch1_p262_s1_c0,poulet
ch1_p262_s1_c0,combray
ch1_p262_s1_c0,odeur
ch1_p262_s1_c0,mérite
ch1_p262_s1_c0,table
ch1_p262_s1_c0,douceur
ch1_p262_s1_c0,conception
ch1_p262_s1_c0,caractère
ch1_p262_s1_c0,arôme
ch1_p262_s1_c0,chair
ch1_p262_s1_c0,parfum
ch1_p262_s1_c0,vertu
ch1_p263_s0_c0,jour
ch1_p263_s0_c0,père
ch1_p263_s0_c0,conseil
ch1_p263_s0_c0,famille
ch1_p263_s0_c0,rencontre
ch1_p263_s0_c0,legrandin
ch1_p263_s0_c0,cuisine
ch1_p263_s0_c0,charité
ch1_p263_s0_c0,giotto
ch1_p263_s0_c0,accouchement
ch1_p263_s0_c0,françoise
ch1_p263_s0_c0,retard
ch1_p263_s1_c0,train
ch1_p263_s1_c0,poulet
ch1_p263_s1_c0,résistance
ch1_p263_s1_c0,françoise
ch1_p263_s1_c0,cou
ch1_p263_s1_c0,oreille
ch1_p263_s1_c0,cri
ch1_p263_s1_c0,bête
ch1_p263_s2_c0,bête
ch1_p263_s3_c0,douceur
ch1_p263_s3_c0,onction
ch1_p263_s3_c0,servante
ch1_p263_s3_c0,lumière
ch1_p263_s3_c0,dîner
ch1_p263_s3_c0,lendemain
ch1_p263_s3_c0,peau
ch1_p263_s3_c0,chasuble
ch1_p263_s3_c0,jus
ch1_p263_s3_c0,ciboire
ch1_p263_s4_c0,françoise
ch1_p263_s4_c0,sang
ch1_p263_s4_c0,rancune
ch1_p263_s4_c0,sursaut
ch1_p263_s4_c0,colère
ch1_p263_s4_c0,cadavre
ch1_p263_s4_c0,ennemi
ch1_p263_s4_c0,fois
ch1_p263_s5_c0,françoise
ch1_p263_s5_c0,suite
ch1_p263_s5_c0,porte
ch1_p263_s6_c0,boule
ch1_p263_s6_c0,café
ch1_p263_s6_c0,poulet
ch1_p263_s7_c0,réalité
ch1_p263_s7_c0,calcul
ch1_p263_s7_c0,monde
ch1_p263_s8_c0,tante
ch1_p263_s8_c0,léonie
ch1_p263_s8_c0,françoise
ch1_p263_s8_c0,fille
ch1_p263_s8_c0,neveu
ch1_p263_s8_c0,vie
ch1_p263_s8_c0,plainte
ch1_p263_s8_c0,être
ch1_p263_s8_c0,dureté
ch1_p263_s9_c0,tante
ch1_p263_s9_c0,cruauté
ch1_p263_s9_c0,service
ch1_p263_s10_c0,douceur
ch1_p263_s10_c0,componction
ch1_p263_s10_c0,vertu
ch1_p263_s10_c0,françoise
ch1_p263_s10_c0,tragédie
ch1_p263_s10_c0,histoire
ch1_p263_s10_c0,règne
ch1_p263_s10_c0,roi
ch1_p263_s10_c0,reine
ch1_p263_s10_c0,main
ch1_p263_s10_c0,vitrail
ch1_p263_s10_c0,église
ch1_p263_s10_c0,incident
ch1_p263_s11_c0,compte
ch1_p263_s11_c0,parenté
ch1_p263_s11_c0,humain
ch1_p263_s11_c0,pitié
ch1_p263_s11_c0,malheur
ch1_p263_s12_c0,torrent
ch1_p263_s12_c0,larme
ch1_p263_s12_c0,journal
ch1_p263_s12_c0,infortune
ch1_p263_s12_c0,inconnu
ch1_p263_s12_c0,objet
ch1_p263_s13_c0,nuit
ch1_p263_s13_c0,accouchement
ch1_p263_s13_c0,fille
ch1_p263_s13_c0,cuisine
ch1_p263_s13_c0,atroce
ch1_p263_s13_c0,maman
ch1_p263_s13_c0,françoise
ch1_p263_s13_c0,cri
ch1_p263_s13_c0,comédie
ch1_p263_s13_c0,maîtresse
ch1_p263_s14_c0,médecin
ch1_p263_s14_c0,crise
ch1_p263_s14_c0,signet
ch1_p263_s14_c0,livre
ch1_p263_s14_c0,médecine
ch1_p263_s14_c0,page
ch1_p263_s14_c0,indication
ch1_p263_s14_c0,soin
ch1_p263_s15_c0,mère
ch1_p263_s15_c0,françoise
ch1_p263_s15_c0,livre
ch1_p263_s15_c0,signet
ch1_p263_s16_c0,bout
ch1_p263_s16_c0,heure
ch1_p263_s16_c0,françoise
ch1_p263_s16_c0,mère
ch1_p263_s16_c0,bibliothèque
ch1_p263_s17_c0,françoise
ch1_p263_s17_c0,signet
ch1_p263_s17_c0,description
ch1_p263_s17_c0,crise
ch1_p263_s17_c0,sanglot
ch1_p263_s17_c0,type
ch1_p263_s18_c0,symptôme
ch1_p263_s18_c0,auteur
ch1_p263_s18_c0,traité
ch1_p263_s19_c0,vierge
ch1_p263_s19_c0,dieu
ch1_p263_s19_c0,créature
ch1_p263_s21_c0,pauvre
ch1_p264_s0_c0,lit
ch1_p264_s0_c0,charité
ch1_p264_s0_c0,giotto
ch1_p264_s0_c0,larme
ch1_p264_s0_c0,sensation
ch1_p264_s0_c0,pitié
ch1_p264_s0_c0,lecture
ch1_p264_s0_c0,journal
ch1_p264_s0_c0,plaisir
ch1_p264_s0_c0,famille
ch1_p264_s0_c1,ennui
ch1_p264_s0_c1,irritation
ch1_p264_s0_c1,milieu
ch1_p264_s0_c1,nuit
ch1_p264_s0_c1,fille
ch1_p264_s0_c1,cuisine
ch1_p264_s0_c1,vue
ch1_p264_s0_c1,souffrance
ch1_p264_s0_c1,description
ch1_p264_s0_c1,ronchonnement
ch1_p264_s0_c1,humeur
ch1_p264_s0_c1,sarcasme
ch1_p264_s0_c1,parti
ch1_p264_s1_c0,plaisir
ch1_p264_s2_c0,manière
ch1_p264_s3_c0,garçon
ch1_p264_s3_c0,dieu
ch1_p264_s5_c0,patois
ch1_p264_s5_c0,pauvre
ch1_p264_s5_c0,mère
ch1_p265_s0_c0,cul
ch1_p265_s0_c0,chien
ch1_p265_s0_c0,amourose
ch1_p266_s0_c0,rose
ch1_p267_s0_c0,enrhumé
ch1_p267_s0_c0,cerveau
ch1_p267_s0_c0,nuit
ch1_p267_s0_c0,lieu
ch1_p267_s0_c0,besoin
ch1_p267_s0_c0,lieue
ch1_p267_s0_c0,pied
ch1_p267_s0_c0,jour
ch1_p267_s0_c0,travail
ch1_p267_s0_c0,revanche
ch1_p267_s0_c0,amour
ch1_p267_s0_c0,désir
ch1_p267_s0_c0,grandeur
ch1_p267_s0_c0,maison
ch1_p267_s0_c0,politique
ch1_p267_s0_c0,égard
ch1_p267_s0_c0,maxime
ch1_p267_s0_c0,tante
ch1_p267_s0_c1,sorte
ch1_p267_s0_c1,orgueil
ch1_p267_s0_c1,eau
ch1_p267_s0_c1,vichy
ch1_p267_s0_c1,accès
ch1_p267_s0_c1,chambre
ch1_p267_s0_c1,maîtresse
ch1_p267_s0_c1,fille
ch1_p267_s0_c1,cuisine
ch1_p267_s1_c0,hyménoptère
ch1_p267_s1_c0,fabre
ch1_p267_s1_c0,guêpe
ch1_p267_s1_c0,mort
ch1_p267_s1_c0,viande
ch1_p267_s1_c0,anatomie
ch1_p267_s1_c0,secours
ch1_p267_s1_c0,cruauté
ch1_p267_s1_c0,charançon
ch1_p267_s1_c0,araignée
ch1_p267_s1_c0,savoir
ch1_p267_s1_c0,adresse
ch1_p267_s1_c0,centre
ch1_p267_s1_c0,mouvement
ch1_p267_s1_c0,patte
ch1_p267_s1_c0,fonction
ch1_p267_s1_c0,vie
ch1_p267_s1_c1,insecte
ch1_p267_s1_c1,œuf
ch1_p267_s1_c1,larve
ch1_p267_s1_c1,gibier
ch1_p267_s1_c1,fuite
ch1_p267_s1_c1,résistance
ch1_p267_s1_c1,françoise
ch1_p267_s1_c1,volonté
ch1_p267_s1_c1,maison
ch1_p267_s1_c1,ruse
ch1_p267_s1_c1,année
ch1_p267_s1_c1,jour
ch1_p267_s1_c1,asperge
ch1_p267_s1_c2,odeur
ch1_p267_s1_c2,pauvre
ch1_p267_s1_c2,fille
ch1_p267_s1_c2,cuisine
ch1_p267_s1_c2,crise
ch1_p267_s1_c2,asthme
ch1_p267_s1_c2,violence
ch1_p268_s1_c0,opinion
ch1_p268_s1_c0,legrandin
ch1_p268_s2_c0,dimanche
ch1_p268_s2_c0,rencontre
ch1_p268_s2_c0,père
ch1_p268_s2_c0,erreur
ch1_p268_s2_c0,messe
ch1_p268_s2_c0,soleil
ch1_p268_s2_c0,bruit
ch1_p268_s2_c0,chose
ch1_p268_s2_c0,église
ch1_p268_s2_c0,mme
ch1_p268_s2_c0,goupil
ch1_p268_s2_c0,mme
ch1_p268_s2_c0,percepied
ch1_p268_s2_c0,personne
ch1_p268_s2_c0,heure
ch1_p268_s2_c0,arrivée
ch1_p268_s2_c0,retard
ch1_p268_s2_c0,oeil
ch1_p268_s2_c0,prière
ch1_p268_s2_c0,temps
ch1_p268_s2_c1,pied
ch1_p268_s2_c1,banc
ch1_p268_s2_c1,chaise
ch1_p268_s2_c1,voix
ch1_p268_s2_c1,sujet
ch1_p268_s2_c1,place
ch1_p268_s2_c1,seuil
ch1_p268_s2_c1,porche
ch1_p268_s2_c1,tumulte
ch1_p268_s2_c1,marché
ch1_p268_s2_c1,legrandin
ch1_p268_s2_c1,mari
ch1_p268_s2_c1,dame
ch1_p268_s2_c1,avion
ch1_p268_s2_c1,train
ch1_p268_s2_c1,femme
ch1_p268_s2_c1,propriétaire
ch1_p268_s2_c1,environ
ch1_p268_s3_c0,figure
ch1_p268_s3_c0,legrandin
ch1_p268_s3_c0,animation
ch1_p268_s3_c0,zèle
ch1_p268_s3_c0,profond
ch1_p268_s3_c0,renversement
ch1_p268_s3_c0,arrière
ch1_p268_s3_c0,dos
ch1_p268_s3_c0,position
ch1_p268_s3_c0,départ
ch1_p268_s3_c0,mari
ch1_p268_s3_c0,sœur
ch1_p268_s3_c0,mme
ch1_p268_s3_c0,cambremer
ch1_p268_s4_c0,redressement
ch1_p268_s4_c0,sorte
ch1_p268_s4_c0,onde
ch1_p268_s4_c0,croupe
ch1_p268_s4_c0,legrandin
ch1_p268_s4_c0,charnue
ch1_p268_s4_c0,ondulation
ch1_p268_s4_c0,matière
ch1_p268_s4_c0,flot
ch1_p268_s4_c0,expression
ch1_p268_s4_c0,spiritualité
ch1_p268_s4_c0,empressement
ch1_p268_s4_c0,bassesse
ch1_p268_s4_c0,tempête
ch1_p268_s4_c0,coup
ch1_p268_s4_c0,esprit
ch1_p268_s4_c0,possibilité
ch1_p268_s4_c0,legrandin
ch1_p268_s5_c0,dame
ch1_p268_s5_c0,chose
ch1_p268_s5_c0,cocher
ch1_p268_s5_c0,voiture
ch1_p268_s5_c0,empreinte
ch1_p268_s5_c0,joie
ch1_p268_s5_c0,présentation
ch1_p268_s5_c0,visage
ch1_p268_s6_c0,ravi
ch1_p268_s6_c0,sorte
ch1_p268_s6_c0,rêve
ch1_p268_s6_c0,dame
ch1_p268_s6_c0,habitude
ch1_p268_s6_c0,épaule
ch1_p268_s6_c0,droite
ch1_p268_s6_c0,gauche
ch1_p268_s6_c0,air
ch1_p268_s6_c0,souci
ch1_p268_s6_c0,jouet
ch1_p268_s6_c0,bonheur
ch1_p268_s7_c0,sortion
ch1_p268_s7_c0,porche
ch1_p268_s7_c0,côté
ch1_p268_s7_c0,tête
ch1_p268_s7_c0,regard
ch1_p268_s7_c0,rêverie
ch1_p268_s7_c0,point
ch1_p268_s7_c0,horizon
ch1_p268_s8_c0,visage
ch1_p268_s8_c0,veston
ch1_p268_s8_c0,droit
ch1_p268_s8_c0,air
ch1_p268_s8_c0,milieu
ch1_p268_s8_c0,luxe
ch1_p268_s9_c0,lavallière
ch1_p268_s9_c0,pois
ch1_p268_s9_c0,vent
ch1_p268_s9_c0,place
ch1_p268_s9_c0,legrandin
ch1_p268_s9_c0,étendard
ch1_p268_s9_c0,isolement
ch1_p268_s9_c0,indépendance
ch1_p268_s10_c0,moment
ch1_p268_s10_c0,maison
ch1_p268_s10_c0,maman
ch1_p268_s10_c0,père
ch1_p268_s10_c0,apportât
ch1_p268_s10_c0,suite
ch1_p268_s11_c0,église
ch1_p268_s11_c0,legrandin
ch1_p268_s11_c0,sens
ch1_p268_s11_c0,dame
ch1_p268_s11_c0,voiture
ch1_p268_s12_c0,voisin
ch1_p268_s12_c0,coin
ch1_p268_s12_c0,œil
ch1_p268_s12_c0,signe
ch1_p268_s12_c0,sorte
ch1_p268_s12_c0,paupière
ch1_p268_s12_c0,muscle
ch1_p268_s12_c0,visage
ch1_p268_s12_c0,inaperçu
ch1_p268_s12_c0,interlocuteur
ch1_p268_s12_c0,intensité
ch1_p268_s12_c0,sentiment
ch1_p268_s12_c0,champ
ch1_p268_s12_c0,expression
ch1_p268_s12_c1,coin
ch1_p268_s12_c1,azur
ch1_p268_s12_c1,entrain
ch1_p268_s12_c1,grâce
ch1_p268_s12_c1,enjouement
ch1_p268_s12_c1,frisa
ch1_p268_s12_c1,malice
ch1_p268_s12_c1,finesse
ch1_p268_s12_c1,amabilité
ch1_p268_s12_c1,clignement
ch1_p268_s12_c1,connivence
ch1_p268_s12_c1,mystère
ch1_p268_s12_c1,complicité
ch1_p268_s12_c1,assurance
ch1_p268_s12_c1,amitié
ch1_p268_s12_c1,protestation
ch1_p268_s12_c1,tendresse
ch1_p268_s12_c1,déclaration
ch1_p268_s12_c1,amour
ch1_p268_s12_c2,langueur
ch1_p268_s12_c2,châtelaine
ch1_p268_s12_c2,prunelle
ch1_p268_s12_c2,visage
ch1_p268_s12_c2,glace
ch1_p269_s0_c0,veille
ch1_p269_s0_c0,parent
ch1_p269_s0_c0,dîner
ch1_p269_s0_c0,soir
ch1_p269_s0_c0,venez
ch1_p269_s0_c0,compagnie
ch1_p269_s0_c0,ami
ch1_p269_s1_c0,bouquet
ch1_p269_s1_c0,voyageur
ch1_p269_s1_c0,pays
ch1_p269_s1_c0,lointain
ch1_p269_s1_c0,adolescence
ch1_p269_s1_c0,fleur
ch1_p269_s1_c0,printemps
ch1_p269_s1_c0,année
ch1_p269_s2_c0,venez
ch1_p269_s2_c0,primevère
ch1_p269_s2_c0,barbe
ch1_p269_s2_c0,chanoine
ch1_p269_s2_c0,bassin
ch1_p269_s2_c0,sédum
ch1_p269_s2_c0,bouquet
ch1_p269_s2_c0,dilection
ch1_p269_s2_c0,flore
ch1_p269_s2_c0,fleur
ch1_p269_s2_c0,jour
ch1_p269_s2_c0,résurrection
ch1_p269_s2_c0,pâquerette
ch1_p269_s2_c0,boule
ch1_p269_s2_c0,neige
ch1_p269_s2_c0,jardin
ch1_p269_s2_c0,allée
ch1_p269_s2_c0,boule
ch1_p269_s2_c0,neige
ch1_p269_s2_c0,giboulée
ch1_p269_s2_c0,pâques
ch1_p269_s3_c0,venez
ch1_p269_s3_c0,vêture
ch1_p269_s3_c0,soie
ch1_p269_s3_c0,salomon
ch1_p269_s3_c0,émail
ch1_p269_s3_c0,pensée
ch1_p269_s3_c0,brise
ch1_p269_s3_c0,gelée
ch1_p269_s3_c0,papillon
ch1_p269_s3_c0,matin
ch1_p269_s3_c0,porte
ch1_p269_s3_c0,rose
ch1_p269_s3_c0,jérusalem
ch1_p270_s0_c0,maison
ch1_p270_s0_c0,dîner
ch1_p270_s0_c0,legrandin
ch1_p270_s2_c0,tenue
ch1_p270_s2_c0,mondain
ch1_p270_s3_c0,cas
ch1_p270_s3_c0,pis
ch1_p270_s3_c0,air
ch1_p270_s4_c0,père
ch1_p270_s4_c0,attitude
ch1_p270_s4_c0,legrandin
ch1_p270_s4_c0,doute
ch1_p270_s4_c0,sens
ch1_p270_s5_c0,attitude
ch1_p270_s5_c0,action
ch1_p270_s5_c0,caractère
ch1_p270_s5_c0,parole
ch1_p270_s5_c0,témoignage
ch1_p270_s5_c0,coupable
ch1_p270_s5_c0,sens
ch1_p270_s5_c0,souvenir
ch1_p270_s5_c0,jouet
ch1_p270_s5_c0,illusion
ch1_p270_s5_c0,sorte
ch1_p270_s5_c0,attitude
ch1_p270_s5_c0,importance
ch1_p270_s5_c1,doute
ch1_p271_s0_c0,dîner
ch1_p271_s0_c0,legrandin
ch1_p271_s0_c0,terrasse
ch1_p271_s0_c0,lune
ch1_p271_s0_c0,qualité
ch1_p271_s0_c0,silence
ch1_p271_s0_c0,cœur
ch1_p271_s0_c0,romancier
ch1_p271_s0_c0,ombre
ch1_p271_s0_c0,silence
ch1_p271_s1_c0,enfant
ch1_p271_s1_c0,vie
ch1_p271_s1_c0,heure
ch1_p271_s1_c0,oeil
ch1_p271_s1_c0,lumière
ch1_p271_s1_c0,nuit
ch1_p271_s1_c0,obscurité
ch1_p271_s1_c0,oreille
ch1_p271_s1_c0,musique
ch1_p271_s1_c0,clair
ch1_p271_s1_c0,lune
ch1_p271_s1_c0,flûte
ch1_p271_s1_c0,silence
ch1_p271_s2_c0,parole
ch1_p271_s2_c0,legrandin
ch1_p271_s2_c0,souvenir
ch1_p271_s2_c0,femme
ch1_p271_s2_c0,fois
ch1_p271_s2_c0,legrandin
ch1_p271_s2_c0,personnalité
ch1_p271_s2_c0,environ
ch1_p271_s2_c0,courage
ch1_p271_s2_c0,monsieur
ch1_p271_s2_c0,châtelaine
ch1_p271_s2_c0,guermante
ch1_p271_s2_c1,nom
ch1_p271_s2_c1,sorte
ch1_p271_s2_c1,pouvoir
ch1_p271_s2_c1,rêve
ch1_p271_s2_c1,existence
ch1_p272_s0_c0,nom
ch1_p272_s0_c0,guermante
ch1_p272_s0_c0,milieu
ch1_p272_s0_c0,oeil
ch1_p272_s0_c0,ami
ch1_p272_s0_c0,encoche
ch1_p272_s0_c0,pointe
ch1_p272_s0_c0,prunelle
ch1_p272_s0_c0,flot
ch1_p272_s0_c0,azur
ch1_p272_s1_c0,cerne
ch1_p272_s1_c0,paupière
ch1_p272_s2_c0,bouche
ch1_p272_s2_c0,pli
ch1_p272_s2_c0,regard
ch1_p272_s2_c0,martyr
ch1_p272_s2_c0,corps
ch1_p272_s2_c0,flèche
ch1_p272_s2_c0,lieu
ch1_p272_s2_c0,renseignement
ch1_p272_s2_c0,réponse
ch1_p272_s2_c0,débiter
ch1_p272_s2_c0,mot
ch1_p272_s2_c0,tête
ch1_p272_s2_c1,fois
ch1_p272_s2_c1,insistance
ch1_p272_s2_c1,affirmation
ch1_p272_s2_c1,guermante
ch1_p272_s2_c1,hasard
ch1_p272_s2_c1,emphase
ch1_p272_s2_c1,situation
ch1_p272_s2_c1,idée
ch1_p272_s2_c1,aveu
ch1_p272_s2_c1,cause
ch1_p272_s2_c1,embarras
ch1_p272_s2_c2,situation
ch1_p272_s2_c2,absence
ch1_p272_s2_c2,relation
ch1_p272_s2_c2,guermante
ch1_p272_s2_c2,tradition
ch1_p272_s2_c2,famille
ch1_p272_s2_c2,principe
ch1_p272_s2_c2,morale
ch1_p272_s2_c2,vœu
ch1_p272_s2_c2,fréquentation
ch1_p272_s2_c2,guermante
ch1_p272_s3_c0,parole
ch1_p272_s3_c0,intonation
ch1_p272_s3_c0,connai
ch1_p272_s3_c0,indépendance
ch1_p272_s3_c0,fond
ch1_p272_s3_c0,tête
ch1_p272_s4_c0,rescousse
ch1_p272_s4_c0,tort
ch1_p272_s4_c0,guermante
ch1_p272_s4_c0,air
ch1_p272_s4_c0,malotru
ch1_p272_s4_c0,ours
ch1_p272_s5_c0,réputation
ch1_p272_s6_c0,fond
ch1_p272_s6_c0,monde
ch1_p272_s6_c0,église
ch1_p272_s6_c0,livre
ch1_p272_s6_c0,peine
ch1_p272_s6_c0,tableau
ch1_p272_s6_c0,clair
ch1_p272_s6_c0,lune
ch1_p272_s6_c0,brise
ch1_p272_s6_c0,jeunesse
ch1_p272_s6_c0,odeur
ch1_p272_s6_c0,parterre
ch1_p272_s6_c0,prunelle
ch1_p272_s7_c0,indépendance
ch1_p272_s7_c0,air
ch1_p272_s7_c0,ours
ch1_p272_s8_c0,legrandin
ch1_p272_s8_c0,église
ch1_p272_s8_c0,clair
ch1_p272_s8_c0,lune
ch1_p272_s8_c0,jeunesse
ch1_p272_s8_c0,château
ch1_p272_s8_c0,peur
ch1_p272_s8_c0,ami
ch1_p272_s8_c0,bourgeois
ch1_p272_s8_c0,fils
ch1_p272_s8_c0,notaire
ch1_p272_s8_c0,agent
ch1_p272_s8_c0,change
ch1_p272_s8_c0,vérité
ch1_p272_s8_c1,absence
ch1_p272_s8_c1,défaut
ch1_p272_s9_c0,doute
ch1_p272_s9_c0,langage
ch1_p272_s9_c0,parent
ch1_p272_s10_c0,guermante
ch1_p272_s11_c0,legrandin
ch1_p272_s11_c0,causeur
ch1_p272_s12_c0,legrandin
ch1_p272_s12_c0,fond
ch1_p272_s12_c0,legrandin
ch1_p272_s12_c0,snobisme
ch1_p272_s12_c0,histoire
ch1_p272_s12_c0,legrandin
ch1_p272_s12_c0,blessure
ch1_p272_s12_c0,regard
ch1_p272_s12_c0,rictus
ch1_p272_s12_c0,bouche
ch1_p272_s12_c0,gravité
ch1_p272_s12_c0,réponse
ch1_p272_s12_c0,flèche
ch1_p272_s12_c0,legrandin
ch1_p272_s12_c0,instant
ch1_p272_s12_c0,alangui
ch1_p272_s12_c1,saint
ch1_p272_s12_c1,sébastien
ch1_p272_s12_c1,snobisme
ch1_p272_s12_c1,hélas
ch1_p272_s13_c0,guermante
ch1_p272_s13_c0,douleur
ch1_p272_s13_c0,vie
ch1_p272_s14_c0,legrandin
ch1_p272_s14_c0,legrandin
ch1_p272_s14_c0,maître
ch1_p272_s14_c0,chanteur
ch1_p272_s14_c0,langage
ch1_p272_s14_c0,verbe
ch1_p272_s14_c0,réflexe
ch1_p272_s14_c0,legrandin
ch1_p272_s14_c0,causeur
ch1_p272_s14_c0,silence
ch1_p272_s14_c0,ami
ch1_p272_s14_c0,impression
ch1_p272_s14_c0,révélation
ch1_p272_s14_c0,alter
ch1_p272_s14_c0,pallier
ch1_p273_s0_c0,legrandin
ch1_p273_s0_c0,snob
ch1_p273_s1_c0,passion
ch1_p273_s2_c0,imagination
ch1_p273_s2_c0,mobile
ch1_p273_s2_c0,mobile
ch1_p273_s2_c0,relais
ch1_p273_s3_c0,snobisme
ch1_p273_s3_c0,legrandin
ch1_p273_s3_c0,duchesse
ch1_p273_s4_c0,imagination
ch1_p273_s4_c0,legrandin
ch1_p273_s4_c0,duchesse
ch1_p273_s4_c0,grâce
ch1_p273_s5_c0,legrandin
ch1_p273_s5_c0,duchesse
ch1_p273_s5_c0,attrait
ch1_p273_s5_c0,esprit
ch1_p273_s5_c0,vertu
ch1_p273_s5_c0,snob
ch1_p273_s6_c0,grâce
ch1_p273_s6_c0,incapacité
ch1_p273_s6_c0,travail
ch1_p273_s6_c0,intermédiaire
ch1_p273_s6_c0,imagination
ch1_p273_s6_c0,face
ch1_p273_s6_c0,activité
ch1_p273_s6_c0,legrandin
ch1_p273_s6_c0,cause
ch1_p274_s0_c0,maison
ch1_p274_s0_c0,illusion
ch1_p274_s0_c0,legrandin
ch1_p274_s0_c0,relation
ch1_p274_s1_c0,maman
ch1_p274_s1_c0,fois
ch1_p274_s1_c0,legrandin
ch1_p274_s1_c0,délit
ch1_p274_s1_c0,péché
ch1_p274_s1_c0,péché
ch1_p274_s1_c0,rémission
ch1_p274_s1_c0,snobisme
ch1_p274_s2_c0,père
ch1_p274_s2_c0,peine
ch1_p274_s2_c0,dédain
ch1_p274_s2_c0,legrandin
ch1_p274_s2_c0,détachement
ch1_p274_s2_c0,gaîté
ch1_p274_s2_c0,année
ch1_p274_s2_c0,vacance
ch1_p274_s2_c0,balbec
ch1_p274_s2_c0,legrandin
ch1_p274_s2_c0,balbec
ch1_p274_s2_c0,rapport
ch1_p274_s2_c0,sœur
ch1_p274_s3_c0,kilomètre
ch1_p274_s4_c0,bain
ch1_p274_s4_c0,mer
ch1_p274_s4_c0,matin
ch1_p274_s4_c0,soir
ch1_p274_s4_c0,plage
ch1_p274_s4_c0,sel
ch1_p274_s4_c0,visite
ch1_p274_s4_c0,promenade
ch1_p274_s4_c0,air
ch1_p274_s4_c0,contraire
ch1_p274_s4_c0,projet
ch1_p274_s4_c0,legrandin
ch1_p274_s4_c0,sœur
ch1_p274_s4_c0,mme
ch1_p274_s4_c0,cambremer
ch1_p274_s4_c1,hôtel
ch1_p274_s4_c1,moment
ch1_p274_s4_c1,point
ch1_p274_s4_c1,pêche
ch1_p274_s5_c0,maman
ch1_p274_s5_c0,crainte
ch1_p274_s5_c0,part
ch1_p274_s5_c0,danger
ch1_p274_s5_c0,legrandin
ch1_p274_s5_c0,relation
ch1_p274_s5_c0,sœur
ch1_p274_s6_c0,besoin
ch1_p274_s6_c0,balbec
ch1_p274_s6_c0,legrandin
ch1_p274_s6_c0,eussion
ch1_p274_s6_c0,intention
ch1_p274_s6_c0,côté
ch1_p274_s6_c0,piège
ch1_p274_s6_c0,soir
ch1_p274_s6_c0,rencontrer
ch1_p274_s6_c0,bord
ch1_p274_s6_c0,vivonne
ch1_p275_s0_c0,nuage
ch1_p275_s0_c0,soir
ch1_p275_s0_c0,violet
ch1_p275_s0_c0,bleu
ch1_p275_s0_c0,compagnon
ch1_p275_s0_c0,père
ch1_p275_s0_c0,bleu
ch1_p275_s0_c0,bleu
ch1_p275_s0_c0,cinéraire
ch1_p275_s0_c0,ciel
ch1_p275_s1_c0,nuage
ch1_p275_s1_c0,teint
ch1_p275_s1_c0,fleur
ch1_p275_s1_c0,œillet
ch1_p275_s1_c0,hydrangéa
ch1_p275_s2_c0,manche
ch1_p275_s2_c0,normandie
ch1_p275_s2_c0,bretagne
ch1_p275_s2_c0,observation
ch1_p275_s2_c0,sorte
ch1_p275_s2_c0,règne
ch1_p275_s2_c0,atmosphère
ch1_p275_s3_c0,balbec
ch1_p275_s3_c0,lieu
ch1_p275_s3_c0,baie
ch1_p275_s3_c0,douceur
ch1_p275_s3_c0,coucher
ch1_p275_s3_c0,soleil
ch1_p275_s3_c0,pays
ch1_p275_s3_c0,auge
ch1_p275_s3_c0,coucher
ch1_p275_s3_c0,soleil
ch1_p275_s3_c0,caractère
ch1_p275_s3_c0,atmosphère
ch1_p275_s3_c0,soir
ch1_p275_s3_c0,instant
ch1_p275_s3_c0,bouquet
ch1_p275_s3_c0,rose
ch1_p275_s3_c0,heure
ch1_p275_s4_c0,suite
ch1_p275_s4_c0,ciel
ch1_p275_s4_c0,dispersion
ch1_p275_s4_c0,pétale
ch1_p275_s4_c0,rose
ch1_p275_s5_c0,baie
ch1_p275_s5_c0,opale
ch1_p275_s5_c0,plage
ch1_p275_s5_c0,blonde
ch1_p275_s5_c0,andromèdes
ch1_p275_s5_c0,rocher
ch1_p275_s5_c0,côte
ch1_p275_s5_c0,rivage
ch1_p275_s5_c0,funèbre
ch1_p275_s5_c0,naufrage
ch1_p275_s5_c0,hiver
ch1_p275_s5_c0,barque
ch1_p275_s5_c0,péril
ch1_p275_s5_c0,mer
ch1_p275_s6_c0,balbec
ch1_p275_s7_c0,ossature
ch1_p275_s7_c0,sol
ch1_p275_s7_c0,ar
ch1_p275_s7_c0,mor
ch1_p275_s7_c0,mer
ch1_p275_s7_c0,fin
ch1_p275_s7_c0,terre
ch1_p275_s7_c0,région
ch1_p275_s7_c0,anatole
ch1_p275_s7_c0,france
ch1_p275_s7_c0,enchanteur
ch1_p275_s7_c0,ami
ch1_p275_s7_c0,brouillard
ch1_p275_s7_c0,pays
ch1_p275_s7_c0,cimmérien
ch1_p275_s7_c0,odyssée
ch1_p275_s8_c0,balbec
ch1_p275_s8_c0,hôtel
ch1_p275_s8_c0,sol
ch1_p275_s8_c0,délice
ch1_p275_s8_c0,excursionner
ch1_p275_s8_c0,région
ch1_p276_s1_c0,balbec
ch1_p276_s2_c0,père
ch1_p276_s3_c0,mois
ch1_p276_s3_c0,femme
ch1_p277_s0_c0,legrandin
ch1_p277_s0_c0,dépourvu
ch1_p277_s0_c0,question
ch1_p277_s0_c0,moment
ch1_p277_s0_c0,oeil
ch1_p277_s0_c0,père
ch1_p277_s0_c0,intensité
ch1_p277_s0_c0,oeil
ch1_p277_s0_c0,interlocuteur
ch1_p277_s0_c0,air
ch1_p277_s0_c0,amitié
ch1_p277_s0_c0,franchise
ch1_p277_s0_c0,face
ch1_p277_s0_c0,figure
ch1_p277_s0_c1,moment
ch1_p277_s0_c1,nuage
ch1_p277_s0_c1,alibi
ch1_p277_s0_c1,moment
ch1_p277_s0_c1,balbec
ch1_p277_s0_c1,chose
ch1_p277_s0_c1,question
ch1_p277_s1_c0,regard
ch1_p277_s1_c0,interlocuteur
ch1_p277_s2_c0,père
ch1_p278_s0_c0,ami
ch1_p278_s0_c0,côté
ch1_p278_s0_c0,balbec
ch1_p279_s0_c0,effort
ch1_p279_s0_c0,regard
ch1_p279_s0_c0,legrandin
ch1_p279_s0_c0,maximum
ch1_p279_s0_c0,tendresse
ch1_p279_s0_c0,vague
ch1_p279_s0_c0,sincérité
ch1_p279_s0_c0,distraction
ch1_p279_s0_c0,doute
ch1_p280_s0_c0,ami
ch1_p280_s0_c0,groupe
ch1_p280_s0_c0,arbre
ch1_p280_s0_c0,ensemble
ch1_p280_s0_c0,obstination
ch1_p280_s0_c0,ciel
ch1_p280_s0_c0,pitié
ch1_p281_s0_c0,père
ch1_p281_s0_c0,arbre
ch1_p281_s0_c0,ciel
ch1_p281_s1_c0,cas
ch1_p281_s1_c0,besoin
ch1_p281_s1_c0,pays
ch1_p281_s1_c0,monde
ch1_p282_s0_c0,monde
ch1_p282_s0_c0,legrandin
ch1_p282_s0_c0,chose
ch1_p282_s0_c0,personne
ch1_p282_s1_c0,chose
ch1_p282_s1_c0,personne
ch1_p282_s1_c0,personne
ch1_p282_s1_c0,essence
ch1_p282_s1_c0,vie
ch1_p282_s2_c0,castel
ch1_p282_s2_c0,falaise
ch1_p282_s2_c0,bord
ch1_p282_s2_c0,chemin
ch1_p282_s2_c0,chagrin
ch1_p282_s2_c0,soir
ch1_p282_s2_c0,lune
ch1_p282_s2_c0,barque
ch1_p282_s2_c0,eau
ch1_p282_s2_c0,diaprée
ch1_p282_s2_c0,mât
ch1_p282_s2_c0,flamme
ch1_p282_s2_c0,couleur
ch1_p282_s2_c0,maison
ch1_p282_s2_c0,air
ch1_p282_s2_c0,oeil
ch1_p282_s2_c0,secret
ch1_p282_s2_c0,bonheur
ch1_p282_s2_c0,désenchantement
ch1_p282_s3_c0,pays
ch1_p282_s3_c0,vérité
ch1_p282_s3_c0,délicatesse
ch1_p282_s3_c0,pays
ch1_p282_s3_c0,fiction
ch1_p282_s3_c0,lecture
ch1_p282_s3_c0,enfant
ch1_p282_s3_c0,ami
ch1_p282_s3_c0,tristesse
ch1_p282_s3_c0,cœur
ch1_p282_s4_c0,climat
ch1_p282_s4_c0,confidence
ch1_p282_s4_c0,regret
ch1_p282_s4_c0,désabusé
ch1_p282_s4_c0,tempérament
ch1_p282_s5_c0,croyez
ch1_p282_s5_c0,insistance
ch1_p282_s5_c0,eau
ch1_p282_s5_c0,baie
ch1_p282_s5_c0,moitié
ch1_p282_s5_c0,action
ch1_p282_s5_c0,cœur
ch1_p282_s5_c0,cœur
ch1_p282_s5_c0,lésion
ch1_p282_s6_c0,âge
ch1_p282_s6_c0,garçon
ch1_p282_s7_c0,nuit
ch1_p282_s7_c0,voisin
ch1_p282_s7_c0,brusquerie
ch1_p282_s7_c0,habitude
ch1_p282_s7_c0,doigt
ch1_p282_s7_c0,docteur
ch1_p282_s7_c0,consultation
ch1_p282_s7_c0,balbec
ch1_p282_s7_c0,an
ch1_p282_s7_c0,état
ch1_p282_s7_c0,cœur
ch1_p283_s0_c0,père
ch1_p283_s0_c0,rencontre
ch1_p283_s0_c0,tortura
ch1_p283_s0_c0,question
ch1_p283_s0_c0,peine
ch1_p283_s0_c0,escroc
ch1_p283_s0_c0,palimpseste
ch1_p283_s0_c0,labeur
ch1_p283_s0_c0,science
ch1_p283_s0_c0,partie
ch1_p283_s0_c0,situation
ch1_p283_s0_c0,legrandin
ch1_p283_s0_c0,éthique
ch1_p283_s0_c0,paysage
ch1_p283_s0_c0,géographie
ch1_p283_s0_c0,normandie
ch1_p283_s0_c1,kilomètre
ch1_p283_s0_c1,balbec
ch1_p283_s0_c1,sœur
ch1_p283_s0_c1,lettre
ch1_p283_s0_c1,introduction
ch1_p283_s0_c1,sujet
ch1_p283_s0_c1,effroi
ch1_p283_s0_c1,expérience
ch1_p283_s0_c1,caractère
ch1_p285_s0_c0,heure
ch1_p285_s0_c0,promenade
ch1_p285_s0_c0,visite
ch1_p285_s0_c0,tante
ch1_p285_s0_c0,léonie
ch1_p285_s0_c0,dîner
ch1_p285_s1_c0,saison
ch1_p285_s1_c0,jour
ch1_p285_s1_c0,rue
ch1_p285_s1_c0,reflet
ch1_p285_s1_c0,couchant
ch1_p285_s1_c0,vitre
ch1_p285_s1_c0,maison
ch1_p285_s1_c0,bandeau
ch1_p285_s1_c0,pourpre
ch1_p285_s1_c0,fond
ch1_p285_s1_c0,bois
ch1_p285_s1_c0,calvaire
ch1_p285_s1_c0,étang
ch1_p285_s1_c0,rougeur
ch1_p285_s1_c0,froid
ch1_p285_s1_c0,esprit
ch1_p285_s1_c1,rougeur
ch1_p285_s1_c1,feu
ch1_p285_s1_c1,poulet
ch1_p285_s1_c1,plaisir
ch1_p285_s1_c1,promenade
ch1_p285_s1_c1,plaisir
ch1_p285_s1_c1,gourmandise
ch1_p285_s1_c1,chaleur
ch1_p285_s1_c1,repos
ch1_p285_s2_c0,été
ch1_p285_s2_c0,contraire
ch1_p285_s2_c0,soleil
ch1_p285_s2_c0,visite
ch1_p285_s2_c0,tante
ch1_p285_s2_c0,léonie
ch1_p285_s2_c0,lumière
ch1_p285_s2_c0,fenêtre
ch1_p285_s2_c0,rideau
ch1_p285_s2_c0,embrasse
ch1_p285_s2_c0,morceau
ch1_p285_s2_c0,bois
ch1_p285_s2_c0,citronnier
ch1_p285_s2_c0,commode
ch1_p285_s2_c0,chambre
ch1_p285_s2_c0,délicatesse
ch1_p285_s3_c0,jour
ch1_p285_s3_c0,commode
ch1_p285_s3_c0,incrustation
ch1_p285_s3_c0,rue
ch1_p285_s3_c0,reflet
ch1_p285_s3_c0,vitre
ch1_p285_s3_c0,étang
ch1_p285_s3_c0,pied
ch1_p285_s3_c0,calvaire
ch1_p285_s3_c0,rougeur
ch1_p285_s3_c0,couleur
ch1_p285_s3_c0,opale
ch1_p285_s3_c0,rayon
ch1_p285_s3_c0,lune
ch1_p285_s3_c0,ride
ch1_p285_s3_c0,eau
ch1_p285_s4_c0,maison
ch1_p285_s4_c0,forme
ch1_p285_s4_c0,porte
ch1_p285_s4_c0,maman
ch1_p286_s0_c0,dieu
ch1_p286_s1_c0,françoise
ch1_p286_s1_c0,tante
ch1_p287_s0_c0,temps
ch1_p287_s0_c0,affaire
ch1_p287_s0_c0,montion
ch1_p287_s0_c0,tante
ch1_p287_s0_c0,léonie
ch1_p287_s0_c0,côté
ch1_p287_s0_c0,guermante
ch1_p287_s0_c0,dame
ch1_p287_s0_c0,promenade
ch1_p287_s0_c0,tante
ch1_p287_s0_c0,heure
ch1_p288_s0_c0,françoise
ch1_p288_s0_c0,tante
ch1_p288_s0_c0,disai
ch1_p288_s0_c0,côté
ch1_p288_s0_c0,guermante
ch1_p288_s1_c0,dieu
ch1_p288_s2_c0,faim
ch1_p288_s3_c0,gigot
ch1_p288_s4_c0,heure
ch1_p288_s5_c0,côté
ch1_p288_s5_c0,guermante
ch1_p289_s0_c0,saviez
ch1_p289_s0_c0,léonie
ch1_p289_s0_c0,maman
ch1_p289_s1_c0,françoise
ch1_p289_s1_c0,porte
ch1_p289_s1_c0,potager
ch1_p290_s0_c0,combray
ch1_p290_s0_c0,côté
ch1_p290_s0_c0,promenade
ch1_p290_s0_c0,porte
ch1_p290_s0_c0,côté
ch1_p290_s0_c0,côté
ch1_p290_s0_c0,côte
ch1_p290_s0_c0,swann
ch1_p290_s0_c0,propriété
ch1_p290_s0_c0,swann
ch1_p290_s0_c0,côté
ch1_p290_s0_c0,guermante
ch1_p290_s1_c0,côté
ch1_p290_s1_c0,dimanche
ch1_p290_s1_c0,combray
ch1_p290_s1_c0,fois
ch1_p290_s1_c0,tante
ch1_p290_s1_c0,connaission
ch1_p290_s1_c0,signe
ch1_p290_s1_c0,méséglise
ch1_p290_s2_c0,jour
ch1_p290_s2_c0,adolescence
ch1_p290_s2_c0,méséglise
ch1_p290_s2_c0,chose
ch1_p290_s2_c0,horizon
ch1_p290_s2_c0,vue
ch1_p290_s2_c0,pli
ch1_p290_s2_c0,terrain
ch1_p290_s2_c0,combray
ch1_p290_s2_c0,terme
ch1_p290_s2_c0,côté
ch1_p290_s2_c1,sorte
ch1_p290_s2_c1,expression
ch1_p290_s2_c1,ligne
ch1_p290_s2_c1,équateur
ch1_p290_s2_c1,pôle
ch1_p290_s2_c1,orient
ch1_p290_s3_c0,guermante
ch1_p290_s3_c0,méséglise
ch1_p290_s3_c0,contraire
ch1_p290_s3_c0,expression
ch1_p290_s3_c0,sens
ch1_p290_s3_c0,ouest
ch1_p290_s4_c0,père
ch1_p290_s4_c0,côté
ch1_p290_s4_c0,méséglise
ch1_p290_s4_c0,vue
ch1_p290_s4_c0,plaine
ch1_p290_s4_c0,côté
ch1_p290_s4_c0,guermante
ch1_p290_s4_c0,type
ch1_p290_s4_c0,paysage
ch1_p290_s4_c0,rivière
ch1_p290_s4_c0,donnai
ch1_p290_s4_c0,entité
ch1_p290_s4_c0,cohésion
ch1_p290_s4_c0,unité
ch1_p290_s4_c0,création
ch1_p290_s4_c0,esprit
ch1_p290_s4_c0,parcelle
ch1_p290_s4_c0,excellence
ch1_p290_s4_c0,côté
ch1_p290_s4_c1,sol
ch1_p290_s4_c1,chemin
ch1_p290_s4_c1,milieu
ch1_p290_s4_c1,idéal
ch1_p290_s4_c1,vue
ch1_p290_s4_c1,plaine
ch1_p290_s4_c1,idéal
ch1_p290_s4_c1,paysage
ch1_p290_s4_c1,rivière
ch1_p290_s4_c1,peine
ch1_p290_s4_c1,spectateur
ch1_p290_s4_c1,art
ch1_p290_s4_c1,rue
ch1_p290_s4_c1,théâtre
ch1_p290_s5_c0,distance
ch1_p290_s5_c0,distance
ch1_p290_s5_c0,party
ch1_p290_s5_c0,cerveau
ch1_p290_s5_c0,distance
ch1_p290_s5_c0,esprit
ch1_p290_s5_c0,plan
ch1_p290_s6_c0,démarcation
ch1_p290_s6_c0,habitude
ch1_p290_s6_c0,côté
ch1_p290_s6_c0,jour
ch1_p290_s6_c0,promenade
ch1_p290_s6_c0,fois
ch1_p290_s6_c0,côté
ch1_p290_s6_c0,méséglise
ch1_p290_s6_c0,fois
ch1_p290_s6_c0,côté
ch1_p290_s6_c0,guermante
ch1_p290_s6_c0,vase
ch1_p290_s6_c0,communication
ch1_p291_s0_c0,côté
ch1_p291_s0_c0,méséglise
ch1_p291_s0_c0,ciel
ch1_p291_s0_c0,couvert
ch1_p291_s0_c0,promenade
ch1_p291_s0_c0,porte
ch1_p291_s0_c0,maison
ch1_p291_s0_c0,tante
ch1_p291_s0_c0,rue
ch1_p291_s1_c0,armurier
ch1_p291_s1_c0,lettre
ch1_p291_s1_c0,boîte
ch1_p291_s1_c0,théodore
ch1_p291_s1_c0,part
ch1_p291_s1_c0,françoise
ch1_p291_s1_c0,huile
ch1_p291_s1_c0,café
ch1_p291_s1_c0,ville
ch1_p291_s1_c0,chemin
ch1_p291_s1_c0,long
ch1_p291_s1_c0,barrière
ch1_p291_s1_c0,parc
ch1_p291_s1_c0,swann
ch1_p291_s2_c0,venue
ch1_p291_s2_c0,étranger
ch1_p291_s2_c0,odeur
ch1_p291_s2_c0,lilas
ch1_p291_s3_c0,cœur
ch1_p291_s3_c0,frais
ch1_p291_s3_c0,feuille
ch1_p291_s3_c0,barrière
ch1_p291_s3_c0,parc
ch1_p291_s3_c0,panache
ch1_p291_s3_c0,plume
ch1_p291_s3_c0,lustrer
ch1_p291_s3_c0,ombre
ch1_p291_s3_c0,soleil
ch1_p291_s4_c0,demi
ch1_p291_s4_c0,maison
ch1_p291_s4_c0,tuile
ch1_p291_s4_c0,maison
ch1_p291_s4_c0,archer
ch1_p291_s4_c0,gardien
ch1_p291_s4_c0,pignon
ch1_p291_s4_c0,rose
ch1_p291_s4_c0,minaret
ch1_p291_s5_c0,nymphe
ch1_p291_s5_c0,printemps
ch1_p291_s5_c0,jardin
ch1_p291_s5_c0,ton
ch1_p291_s5_c0,miniature
ch1_p291_s5_c0,perse
ch1_p291_s6_c0,désir
ch1_p291_s6_c0,taille
ch1_p291_s6_c0,boucle
ch1_p291_s6_c0,tête
ch1_p291_s6_c0,passion
ch1_p291_s6_c0,parent
ch1_p291_s6_c0,tansonville
ch1_p291_s6_c0,mariage
ch1_p291_s6_c0,swann
ch1_p291_s6_c0,air
ch1_p291_s6_c0,parc
ch1_p291_s6_c0,lieu
ch1_p291_s6_c0,chemin
ch1_p291_s6_c0,clôture
ch1_p291_s6_c0,champ
ch1_p291_s6_c0,prenion
ch1_p291_s7_c0,jour
ch1_p291_s7_c0,père
ch1_p292_s0_c0,swann
ch1_p292_s0_c0,femme
ch1_p292_s0_c0,fille
ch1_p292_s0_c0,reims
ch1_p292_s0_c0,heure
ch1_p292_s0_c0,paris
ch1_p292_s1_c0,parc
ch1_p292_s1_c0,dame
ch1_p293_s0_c0,moment
ch1_p293_s0_c0,barrière
ch1_p293_s1_c0,temps
ch1_p293_s1_c0,lilas
ch1_p293_s1_c0,fin
ch1_p293_s1_c0,lustre
ch1_p293_s1_c0,bulle
ch1_p293_s1_c0,fleur
ch1_p293_s1_c0,party
ch1_p293_s1_c0,feuillage
ch1_p293_s1_c0,semaine
ch1_p293_s1_c0,mousse
ch1_p293_s1_c0,écume
ch1_p293_s1_c0,parfum
ch1_p293_s2_c0,père
ch1_p293_s2_c0,aspect
ch1_p293_s2_c0,lieu
ch1_p293_s2_c0,promenade
ch1_p293_s2_c0,swann
ch1_p293_s2_c0,jour
ch1_p293_s2_c0,mort
ch1_p293_s2_c0,femme
ch1_p293_s2_c0,occasion
ch1_p293_s2_c0,promenade
ch1_p293_s2_c0,fois
ch1_p294_s0_c0,allée
ch1_p294_s0_c0,capucine
ch1_p294_s0_c0,soleil
ch1_p294_s0_c0,château
ch1_p294_s1_c0,droite
ch1_p294_s1_c0,contraire
ch1_p294_s1_c0,parc
ch1_p294_s1_c0,terrain
ch1_p294_s2_c0,obscurcie
ch1_p294_s2_c0,ombre
ch1_p294_s2_c0,arbre
ch1_p294_s2_c0,pièce
ch1_p294_s2_c0,eau
ch1_p294_s2_c0,parent
ch1_p294_s2_c0,swann
ch1_p294_s2_c0,création
ch1_p294_s2_c0,nature
ch1_p294_s2_c0,homme
ch1_p294_s2_c0,lieu
ch1_p294_s2_c0,empire
ch1_p294_s2_c0,insigne
ch1_p294_s2_c0,milieu
ch1_p294_s2_c0,parc
ch1_p294_s2_c0,intervention
ch1_p294_s2_c0,solitude
ch1_p294_s2_c1,surgie
ch1_p294_s2_c1,nécessité
ch1_p294_s2_c1,exposition
ch1_p294_s2_c1,œuvre
ch1_p294_s3_c0,pied
ch1_p294_s3_c0,allée
ch1_p294_s3_c0,étang
ch1_p294_s3_c0,rang
ch1_p294_s3_c0,fleur
ch1_p294_s3_c0,myosotis
ch1_p294_s3_c0,pervenche
ch1_p294_s3_c0,couronne
ch1_p294_s3_c0,front
ch1_p294_s3_c0,eau
ch1_p294_s3_c0,glaïeul
ch1_p294_s3_c0,glaive
ch1_p294_s3_c0,abandon
ch1_p294_s3_c0,eupatoire
ch1_p294_s3_c0,grenouillette
ch1_p294_s3_c0,pied
ch1_p294_s3_c0,fleur
ch1_p294_s3_c0,lambeau
ch1_p294_s3_c1,violette
ch1_p294_s3_c1,jaune
ch1_p294_s3_c1,sceptre
ch1_p295_s0_c0,départ
ch1_p295_s0_c0,mlle
ch1_p295_s0_c0,swann
ch1_p295_s0_c0,chance
ch1_p295_s0_c0,allée
ch1_p295_s0_c0,fille
ch1_p295_s0_c0,bergotte
ch1_p295_s0_c0,ami
ch1_p295_s0_c0,cathédrale
ch1_p295_s0_c0,contemplation
ch1_p295_s0_c0,tansonville
ch1_p295_s0_c0,fois
ch1_p295_s0_c0,contraire
ch1_p295_s0_c0,propriété
ch1_p295_s0_c0,oeil
ch1_p295_s0_c0,père
ch1_p295_s0_c0,commodité
ch1_p295_s0_c0,agrément
ch1_p295_s0_c1,excursion
ch1_p295_s0_c1,pays
ch1_p295_s0_c1,montagne
ch1_p295_s0_c1,absence
ch1_p295_s0_c1,nuage
ch1_p295_s0_c1,journée
ch1_p295_s0_c1,promenade
ch1_p295_s0_c1,côté
ch1_p295_s0_c1,calcul
ch1_p295_s0_c1,miracle
ch1_p295_s0_c1,mlle
ch1_p295_s0_c1,swann
ch1_p295_s0_c1,père
ch1_p295_s0_c1,temps
ch1_p295_s0_c1,serion
ch1_p295_s0_c1,connaissance
ch1_p295_s1_c0,coup
ch1_p295_s1_c0,herbe
ch1_p295_s1_c0,signe
ch1_p295_s1_c0,présence
ch1_p295_s1_c0,koufin
ch1_p295_s1_c0,côté
ch1_p295_s1_c0,ligne
ch1_p295_s1_c0,bouchon
ch1_p295_s1_c0,eau
ch1_p295_s1_c0,côté
ch1_p295_s1_c0,regard
ch1_p295_s1_c0,père
ch1_p295_s2_c0,moment
ch1_p295_s2_c0,famille
ch1_p295_s2_c0,demeure
ch1_p295_s2_c0,ligne
ch1_p295_s2_c0,invité
ch1_p295_s3_c0,bruit
ch1_p295_s3_c0,allée
ch1_p295_s4_c0,hauteur
ch1_p295_s4_c0,arbre
ch1_p295_s4_c0,oiseau
ch1_p295_s4_c0,journée
ch1_p295_s4_c0,note
ch1_p295_s4_c0,solitude
ch1_p295_s4_c0,réplique
ch1_p295_s4_c0,choc
ch1_p295_s4_c0,silence
ch1_p295_s4_c0,immobilité
ch1_p295_s4_c0,instant
ch1_p295_s5_c0,lumière
ch1_p295_s5_c0,ciel
ch1_p295_s5_c0,attention
ch1_p295_s5_c0,eau
ch1_p295_s5_c0,insecte
ch1_p295_s5_c0,sommeil
ch1_p295_s5_c0,doute
ch1_p295_s5_c0,maelstrôm
ch1_p295_s5_c0,trouble
ch1_p295_s5_c0,vue
ch1_p295_s5_c0,flotteur
ch1_p295_s5_c0,liège
ch1_p295_s5_c0,vitesse
ch1_p295_s5_c0,étendue
ch1_p295_s5_c0,ciel
ch1_p295_s5_c1,compte
ch1_p295_s5_c1,désir
ch1_p295_s5_c1,crainte
ch1_p295_s5_c1,mlle
ch1_p295_s5_c1,swann
ch1_p295_s5_c1,poisson
ch1_p295_s5_c1,courant
ch1_p295_s5_c1,père
ch1_p295_s5_c1,chemin
ch1_p295_s5_c1,champ
ch1_p295_s6_c0,odeur
ch1_p295_s6_c0,aubépine
ch1_p295_s7_c0,haie
ch1_p295_s7_c0,suite
ch1_p295_s7_c0,chapelle
ch1_p295_s7_c0,jonchée
ch1_p295_s7_c0,fleur
ch1_p295_s7_c0,reposoir
ch1_p295_s7_c0,soleil
ch1_p295_s7_c0,terre
ch1_p295_s7_c0,quadrillage
ch1_p295_s7_c0,clarté
ch1_p295_s7_c0,verrière
ch1_p295_s7_c0,parfum
ch1_p295_s7_c0,forme
ch1_p295_s7_c0,autel
ch1_p295_s7_c0,vierge
ch1_p295_s7_c0,fleur
ch1_p295_s7_c1,air
ch1_p295_s7_c1,bouquet
ch1_p295_s7_c1,étamine
ch1_p295_s7_c1,nervure
ch1_p295_s7_c1,style
ch1_p295_s7_c1,église
ch1_p295_s7_c1,ajouraient
ch1_p295_s7_c1,rampe
ch1_p295_s7_c1,jubé
ch1_p295_s7_c1,meneau
ch1_p295_s7_c1,vitrail
ch1_p295_s7_c1,chair
ch1_p295_s7_c1,fleur
ch1_p295_s7_c1,fraisier
ch1_p295_s8_c0,paysan
ch1_p295_s8_c0,comparaison
ch1_p295_s8_c0,églantine
ch1_p295_s8_c0,semaine
ch1_p295_s8_c0,soleil
ch1_p295_s8_c0,chemin
ch1_p295_s8_c0,soie
ch1_p295_s8_c0,corsage
ch1_p295_s8_c0,souffle
ch1_p296_s0_c0,aubépine
ch1_p296_s0_c0,pensée
ch1_p296_s0_c0,odeur
ch1_p296_s0_c0,rythme
ch1_p296_s0_c0,fleur
ch1_p296_s0_c0,allégresse
ch1_p296_s0_c0,intervalle
ch1_p296_s0_c0,intervalle
ch1_p296_s0_c0,charme
ch1_p296_s0_c0,profusion
ch1_p296_s0_c1,mélodie
ch1_p296_s0_c1,fois
ch1_p296_s0_c1,suite
ch1_p296_s0_c1,secret
ch1_p296_s1_c0,moment
ch1_p296_s1_c0,force
ch1_p296_s2_c0,talus
ch1_p296_s2_c0,haie
ch1_p296_s2_c0,pente
ch1_p296_s2_c0,champ
ch1_p296_s2_c0,bluet
ch1_p296_s2_c0,arrière
ch1_p296_s2_c0,fleur
ch1_p296_s2_c0,bordure
ch1_p296_s2_c0,tapisserie
ch1_p296_s2_c0,motif
ch1_p296_s2_c0,panneau
ch1_p296_s2_c0,maison
ch1_p296_s2_c0,approche
ch1_p296_s2_c0,village
ch1_p296_s2_c1,immense
ch1_p296_s2_c1,étendue
ch1_p296_s2_c1,blé
ch1_p296_s2_c1,nuage
ch1_p296_s2_c1,vue
ch1_p296_s2_c1,bout
ch1_p296_s2_c1,cordage
ch1_p296_s2_c1,vent
ch1_p296_s2_c1,flamme
ch1_p296_s2_c1,bouée
ch1_p296_s2_c1,cœur
ch1_p296_s2_c1,voyageur
ch1_p296_s2_c1,terre
ch1_p296_s2_c1,barque
ch1_p296_s2_c1,calfat
ch1_p296_s2_c2,vue
ch1_p296_s2_c2,mer
ch1_p297_s0_c0,aubépine
ch1_p297_s0_c0,chef
ch1_p297_s0_c0,œuvre
ch1_p297_s0_c0,moment
ch1_p297_s0_c0,écran
ch1_p297_s0_c0,main
ch1_p297_s0_c0,oeil
ch1_p297_s0_c0,sentiment
ch1_p297_s0_c0,vague
ch1_p297_s0_c0,fleur
ch1_p297_s1_c0,fleur
ch1_p297_s2_c0,joie
ch1_p297_s2_c0,peintre
ch1_p297_s2_c0,œuvre
ch1_p297_s2_c0,tableau
ch1_p297_s2_c0,esquisse
ch1_p297_s2_c0,crayon
ch1_p297_s2_c0,morceau
ch1_p297_s2_c0,piano
ch1_p297_s2_c0,couleur
ch1_p297_s2_c0,orchestre
ch1_p297_s2_c0,haie
ch1_p297_s2_c0,tansonville
ch1_p297_s2_c1,aubépine
ch1_p297_s2_c1,épine
ch1_p297_s3_c0,épine
ch1_p297_s3_c0,blanche
ch1_p297_s4_c0,parure
ch1_p297_s4_c0,fête
ch1_p297_s4_c0,fête
ch1_p297_s4_c0,fête
ch1_p297_s4_c0,caprice
ch1_p297_s4_c0,fête
ch1_p297_s4_c0,jour
ch1_p297_s4_c0,parure
ch1_p297_s4_c0,fleur
ch1_p297_s4_c0,branche
ch1_p297_s4_c0,manière
ch1_p297_s4_c0,place
ch1_p297_s4_c1,pompon
ch1_p297_s4_c1,houlette
ch1_p297_s4_c1,couleur
ch1_p297_s4_c1,conséquent
ch1_p297_s4_c1,qualité
ch1_p297_s4_c1,esthétique
ch1_p297_s4_c1,combray
ch1_p297_s4_c1,échelle
ch1_p297_s4_c1,prix
ch1_p297_s4_c1,magasin
ch1_p297_s4_c1,place
ch1_p297_s4_c1,camus
ch1_p297_s4_c1,biscuit
ch1_p297_s5_c0,fromage
ch1_p297_s5_c0,crème
ch1_p297_s5_c0,fraise
ch1_p297_s6_c0,fleur
ch1_p297_s6_c0,teinte
ch1_p297_s6_c0,chose
ch1_p297_s6_c0,embellissement
ch1_p297_s6_c0,toilette
ch1_p297_s6_c0,fête
ch1_p297_s6_c0,raison
ch1_p297_s6_c0,supériorité
ch1_p297_s6_c0,évidence
ch1_p297_s6_c0,oeil
ch1_p297_s6_c0,enfant
ch1_p297_s6_c0,cause
ch1_p297_s6_c0,chose
ch1_p297_s6_c0,teinte
ch1_p297_s6_c1,gourmandise
ch1_p297_s6_c1,couturière
ch1_p297_s7_c0,suite
ch1_p297_s7_c0,épine
ch1_p297_s7_c0,émerveillement
ch1_p297_s7_c0,artifice
ch1_p297_s7_c0,fabrication
ch1_p297_s7_c0,intention
ch1_p297_s7_c0,festivité
ch1_p297_s7_c0,fleur
ch1_p297_s7_c0,nature
ch1_p297_s7_c0,naïveté
ch1_p297_s7_c0,commerçant
ch1_p297_s7_c0,village
ch1_p297_s7_c0,reposoir
ch1_p297_s7_c1,arbuste
ch1_p297_s7_c1,rosette
ch1_p297_s7_c1,pompadour
ch1_p297_s8_c0,branche
ch1_p297_s8_c0,rosier
ch1_p297_s8_c0,pot
ch1_p297_s8_c0,papier
ch1_p297_s8_c0,dentelle
ch1_p297_s8_c0,fête
ch1_p297_s8_c0,autel
ch1_p297_s8_c0,mince
ch1_p297_s8_c0,fusée
ch1_p297_s8_c0,bouton
ch1_p297_s8_c0,teinte
ch1_p297_s8_c0,fond
ch1_p297_s8_c0,coupe
ch1_p297_s8_c0,marbre
ch1_p297_s8_c0,fleur
ch1_p297_s8_c0,essence
ch1_p297_s8_c0,épine
ch1_p297_s8_c1,rose
ch1_p297_s9_c0,intercalé
ch1_p297_s9_c0,haie
ch1_p297_s9_c0,fille
ch1_p297_s9_c0,robe
ch1_p297_s9_c0,fête
ch1_p297_s9_c0,milieu
ch1_p297_s9_c0,personne
ch1_p297_s9_c0,maison
ch1_p297_s9_c0,prêt
ch1_p297_s9_c0,mois
ch1_p297_s9_c0,marie
ch1_p297_s9_c0,partie
ch1_p297_s9_c0,toilette
ch1_p297_s9_c0,arbuste
ch1_p298_s0_c0,haie
ch1_p298_s0_c0,intérieur
ch1_p298_s0_c0,parc
ch1_p298_s0_c0,allée
ch1_p298_s0_c0,jasmin
ch1_p298_s0_c0,pensée
ch1_p298_s0_c0,verveine
ch1_p298_s0_c0,giroflée
ch1_p298_s0_c0,bourse
ch1_p298_s0_c0,rose
ch1_p298_s0_c0,cuir
ch1_p298_s0_c0,cordoue
ch1_p298_s0_c0,gravier
ch1_p298_s0_c0,tuyau
ch1_p298_s0_c0,arrosage
ch1_p298_s0_c0,vert
ch1_p298_s0_c0,circuit
ch1_p298_s0_c0,point
ch1_p298_s0_c0,fleur
ch1_p298_s0_c0,parfum
ch1_p298_s0_c1,éventail
ch1_p298_s0_c1,gouttelette
ch1_p298_s1_c0,coup
ch1_p298_s1_c0,vision
ch1_p298_s1_c0,regard
ch1_p298_s1_c0,perception
ch1_p298_s2_c0,fillette
ch1_p298_s2_c0,blond
ch1_p298_s2_c0,air
ch1_p298_s2_c0,promenade
ch1_p298_s2_c0,main
ch1_p298_s2_c0,bêche
ch1_p298_s2_c0,jardinage
ch1_p298_s2_c0,visage
ch1_p298_s2_c0,tache
ch1_p298_s3_c0,oeil
ch1_p298_s3_c0,élément
ch1_p298_s3_c0,impression
ch1_p298_s3_c0,esprit
ch1_p298_s3_c0,observation
ch1_p298_s3_c0,notion
ch1_p298_s3_c0,couleur
ch1_p298_s3_c0,fois
ch1_p298_s3_c0,souvenir
ch1_p298_s3_c0,éclat
ch1_p298_s3_c0,vif
ch1_p298_s3_c0,azur
ch1_p298_s3_c0,sorte
ch1_p298_s3_c1,oeil
ch1_p298_s3_c1,fois
ch1_p298_s3_c1,oeil
ch1_p299_s0_c0,regardai
ch1_p299_s0_c0,regard
ch1_p299_s0_c0,oeil
ch1_p299_s0_c0,fenêtre
ch1_p299_s0_c0,sens
ch1_p299_s0_c0,regard
ch1_p299_s0_c0,corps
ch1_p299_s0_c0,âme
ch1_p299_s0_c0,peur
ch1_p299_s0_c0,père
ch1_p299_s0_c0,fille
ch1_p299_s0_c1,regard
ch1_p299_s0_c1,attention
ch1_p299_s1_c0,côté
ch1_p299_s1_c0,pupille
ch1_p299_s1_c0,connaissance
ch1_p299_s1_c0,père
ch1_p299_s1_c0,doute
ch1_p299_s1_c0,idée
ch1_p299_s1_c0,air
ch1_p299_s1_c0,côté
ch1_p299_s1_c0,visage
ch1_p299_s1_c0,champ
ch1_p299_s1_c1,regard
ch1_p299_s1_c1,longueur
ch1_p299_s1_c1,direction
ch1_p299_s1_c1,expression
ch1_p299_s1_c1,air
ch1_p299_s1_c1,fixité
ch1_p299_s1_c1,sourire
ch1_p299_s1_c1,notion
ch1_p299_s1_c1,éducation
ch1_p299_s1_c1,preuve
ch1_p299_s1_c1,mépris
ch1_p299_s1_c1,main
ch1_p299_s1_c1,temps
ch1_p299_s1_c1,geste
ch1_p299_s1_c1,public
ch1_p299_s1_c2,dictionnaire
ch1_p299_s1_c2,civilité
ch1_p299_s1_c2,sens
ch1_p299_s1_c2,intention
ch1_p300_s0_c0,gilberte
ch1_p300_s0_c0,voix
ch1_p300_s0_c0,dame
ch1_p300_s0_c0,vue
ch1_p300_s0_c0,distance
ch1_p300_s0_c0,monsieur
ch1_p300_s0_c0,coutil
ch1_p300_s0_c0,oeil
ch1_p300_s0_c0,tête
ch1_p300_s0_c0,fille
ch1_p300_s0_c0,bêche
ch1_p300_s0_c0,côté
ch1_p300_s0_c0,air
ch1_p300_s0_c0,sournois
ch1_p301_s0_c0,nom
ch1_p301_s0_c0,gilberte
ch1_p301_s0_c0,talisman
ch1_p301_s0_c0,jour
ch1_p301_s0_c0,instant
ch1_p301_s0_c0,image
ch1_p301_s1_c0,jasmin
ch1_p301_s1_c0,giroflée
ch1_p301_s1_c0,aigre
ch1_p301_s1_c0,goutte
ch1_p301_s1_c0,arrosoir
ch1_p301_s1_c0,vert
ch1_p301_s1_c0,zone
ch1_p301_s1_c0,air
ch1_p301_s1_c0,mystère
ch1_p301_s1_c0,vie
ch1_p301_s1_c0,être
ch1_p301_s1_c0,épinier
ch1_p301_s1_c0,hauteur
ch1_p301_s1_c0,épaule
ch1_p301_s1_c0,quintessence
ch1_p301_s1_c0,familiarité
ch1_p301_s1_c1,inconnu
ch1_p301_s1_c1,vie
ch1_p302_s0_c0,instant
ch1_p302_s0_c0,swann
ch1_p302_s0_c0,rôle
ch1_p302_s0_c0,charlus
ch1_p302_s1_c0,mêlée
ch1_p302_s1_c0,infamie
ch1_p302_s2_c0,impression
ch1_p302_s2_c0,mère
ch1_p302_s2_c0,gilberte
ch1_p302_s2_c0,souffrance
ch1_p302_s2_c0,espoir
ch1_p302_s2_c0,amour
ch1_p302_s3_c0,amour
ch1_p302_s3_c0,réaction
ch1_p302_s3_c0,cœur
ch1_p302_s3_c0,niveau
ch1_p302_s3_c0,gilberte
ch1_p302_s4_c0,temps
ch1_p302_s4_c0,inspiration
ch1_p302_s4_c0,mal
ch1_p302_s5_c0,trouvai
ch1_p302_s5_c0,épaule
ch1_p302_s5_c0,répugner
ch1_p302_s6_c0,type
ch1_p302_s6_c0,bonheur
ch1_p302_s6_c0,enfant
ch1_p302_s6_c0,espèce
ch1_p302_s6_c0,loi
ch1_p302_s6_c0,image
ch1_p302_s6_c0,fille
ch1_p302_s6_c0,peau
ch1_p302_s6_c0,tache
ch1_p302_s6_c0,rose
ch1_p302_s6_c0,bêche
ch1_p302_s6_c0,regard
ch1_p302_s6_c0,sournois
ch1_p302_s7_c0,charme
ch1_p302_s7_c0,nom
ch1_p302_s7_c0,place
ch1_p302_s7_c0,épine
ch1_p302_s7_c0,rose
ch1_p302_s7_c0,ensemble
ch1_p302_s7_c0,grand
ch1_p302_s7_c0,parent
ch1_p302_s7_c0,bonheur
ch1_p302_s7_c0,profession
ch1_p302_s7_c0,agent
ch1_p302_s7_c0,change
ch1_p302_s7_c0,quartier
ch1_p302_s7_c0,champ
ch1_p302_s7_c0,élysées
ch1_p302_s7_c0,paris
ch1_p303_s0_c0,léonie
ch1_p303_s1_c0,tansonville
ch1_p303_s2_c0,branche
ch1_p303_s2_c0,épine
ch1_p303_s2_c0,rose
ch1_p303_s3_c0,promenade
ch1_p303_s3_c0,tante
ch1_p303_s3_c0,léonie
ch1_p303_s3_c0,distraire
ch1_p303_s3_c0,espoir
ch1_p303_s4_c0,propriété
ch1_p303_s4_c0,visite
ch1_p303_s4_c0,swann
ch1_p303_s4_c0,porte
ch1_p303_s4_c0,monde
ch1_p303_s5_c0,fatiguée
ch1_p303_s5_c0,fois
ch1_p303_s5_c0,soir
ch1_p303_s5_c0,jour
ch1_p303_s5_c0,voiture
ch1_p303_s5_c0,porte
ch1_p303_s5_c0,parc
ch1_p303_s7_c0,swann
ch1_p303_s7_c0,tansonville
ch1_p303_s7_c0,désir
ch1_p303_s7_c0,force
ch1_p303_s7_c0,réalisation
ch1_p303_s8_c0,temps
ch1_p303_s8_c0,vigueur
ch1_p303_s8_c0,fatigue
ch1_p303_s8_c0,chambre
ch1_p303_s8_c0,lit
ch1_p303_s9_c0,habitude
ch1_p303_s9_c0,renoncement
ch1_p303_s9_c0,vieillesse
ch1_p303_s9_c0,mort
ch1_p303_s9_c0,enveloppe
ch1_p303_s9_c0,chrysalide
ch1_p303_s9_c0,fin
ch1_p303_s9_c0,vie
ch1_p303_s9_c0,amant
ch1_p303_s9_c0,ami
ch1_p303_s9_c0,lien
ch1_p303_s9_c0,année
ch1_p303_s9_c0,voyage
ch1_p303_s9_c0,sortie
ch1_p303_s9_c1,monde
ch1_p303_s10_c0,tante
ch1_p303_s10_c0,swann
ch1_p303_s10_c0,maison
ch1_p303_s10_c0,réclusion
ch1_p303_s10_c0,raison
ch1_p303_s10_c0,réclusion
ch1_p303_s10_c0,diminution
ch1_p303_s10_c0,jour
ch1_p303_s10_c0,force
ch1_p303_s10_c0,action
ch1_p303_s10_c0,mouvement
ch1_p303_s10_c0,fatigue
ch1_p303_s10_c0,souffrance
ch1_p303_s10_c0,inaction
ch1_p303_s10_c1,isolement
ch1_p303_s10_c1,silence
ch1_p303_s10_c1,douceur
ch1_p303_s10_c1,repos
ch1_p304_s0_c0,tante
ch1_p304_s0_c0,haie
ch1_p304_s0_c0,épine
ch1_p304_s0_c0,rose
ch1_p304_s0_c0,moment
ch1_p304_s0_c0,parent
ch1_p304_s0_c0,tansonville
ch1_p304_s0_c0,parent
ch1_p304_s0_c0,grand
ch1_p304_s0_c0,parent
ch1_p304_s0_c0,mlle
ch1_p304_s0_c0,swann
ch1_p304_s0_c0,dieu
ch1_p304_s1_c0,nom
ch1_p304_s1_c0,swann
ch1_p304_s1_c0,parent
ch1_p304_s1_c0,besoin
ch1_p304_s1_c0,sujet
ch1_p304_s1_c0,gilberte
ch1_p304_s1_c0,famille
ch1_p304_s1_c0,coup
ch1_p304_s1_c0,père
ch1_p304_s1_c1,exemple
ch1_p304_s1_c1,charge
ch1_p304_s1_c1,famille
ch1_p304_s1_c1,haie
ch1_p304_s1_c1,épine
ch1_p304_s1_c1,rose
ch1_p304_s1_c1,tante
ch1_p304_s1_c1,léonie
ch1_p304_s1_c1,terrain
ch1_p304_s1_c1,assertion
ch1_p304_s1_c1,charge
ch1_p304_s1_c1,père
ch1_p304_s1_c1,swann
ch1_p304_s1_c1,haie
ch1_p304_s1_c1,partie
ch1_p304_s1_c1,parc
ch1_p304_s1_c1,swann
ch1_p304_s2_c0,respiration
ch1_p304_s2_c0,place
ch1_p304_s2_c0,nom
ch1_p304_s2_c0,moment
ch1_p304_s2_c0,fois
ch1_p304_s2_c0,avance
ch1_p304_s3_c0,plaisir
ch1_p304_s3_c0,parent
ch1_p304_s3_c0,plaisir
ch1_p304_s3_c0,procurassent
ch1_p304_s3_c0,peine
ch1_p304_s3_c0,compensation
ch1_p304_s3_c0,plaisir
ch1_p304_s4_c0,conversation
ch1_p304_s4_c0,discrétion
ch1_p304_s5_c0,scrupule
ch1_p304_s6_c0,séduction
ch1_p304_s6_c0,nom
ch1_p304_s6_c0,swann
ch1_p304_s7_c0,coup
ch1_p304_s7_c0,parent
ch1_p304_s7_c0,point
ch1_p304_s7_c0,vue
ch1_p304_s7_c0,tour
ch1_p304_s7_c0,rêve
ch1_p305_s0_c0,année
ch1_p305_s0_c0,habitude
ch1_p305_s0_c0,parent
ch1_p305_s0_c0,jour
ch1_p305_s0_c0,paris
ch1_p305_s0_c0,matin
ch1_p305_s0_c0,départ
ch1_p305_s0_c0,précaution
ch1_p305_s0_c0,chapeau
ch1_p305_s0_c0,douillette
ch1_p305_s0_c0,velours
ch1_p305_s0_c0,mère
ch1_p305_s0_c0,larme
ch1_p305_s0_c0,raidillon
ch1_p305_s0_c0,tansonville
ch1_p305_s0_c0,train
ch1_p305_s0_c0,adieu
ch1_p305_s0_c0,aubépine
ch1_p305_s0_c1,bras
ch1_p305_s0_c1,branche
ch1_p305_s0_c1,princesse
ch1_p305_s0_c1,tragédie
ch1_p305_s0_c1,ornement
ch1_p305_s0_c1,ingrat
ch1_p305_s0_c1,importun
ch1_p305_s0_c1,main
ch1_p305_s0_c1,nœud
ch1_p305_s0_c1,soin
ch1_p305_s0_c1,front
ch1_p305_s0_c1,cheveu
ch1_p305_s0_c1,pied
ch1_p305_s0_c1,papillote
ch1_p305_s0_c1,chapeau
ch1_p305_s1_c0,mère
ch1_p305_s1_c0,larme
ch1_p305_s1_c0,cri
ch1_p305_s1_c0,vue
ch1_p305_s1_c0,coiffe
ch1_p305_s1_c0,douillette
ch1_p305_s2_c0,pauvre
ch1_p305_s2_c0,aubépine
ch1_p305_s2_c0,chagrin
ch1_p305_s3_c0,peine
ch1_p305_s5_c0,larme
ch1_p305_s5_c0,vie
ch1_p305_s5_c0,homme
ch1_p305_s5_c0,paris
ch1_p305_s5_c0,jour
ch1_p305_s5_c0,printemps
ch1_p305_s5_c0,lieu
ch1_p305_s5_c0,visite
ch1_p305_s5_c0,niaiserie
ch1_p305_s5_c0,campagne
ch1_p305_s5_c0,aubépine
ch1_p306_s0_c0,fois
ch1_p306_s0_c0,champ
ch1_p306_s0_c0,promenade
ch1_p306_s0_c0,côté
ch1_p306_s0_c0,méséglise
ch1_p306_s1_c0,chemineau
ch1_p306_s1_c0,vent
ch1_p306_s1_c0,génie
ch1_p306_s1_c0,combray
ch1_p306_s2_c0,année
ch1_p306_s2_c0,jour
ch1_p306_s2_c0,arrivée
ch1_p306_s2_c0,combray
ch1_p306_s2_c0,sayon
ch1_p306_s2_c0,suite
ch1_p306_s3_c0,vent
ch1_p306_s3_c0,côté
ch1_p306_s3_c0,côté
ch1_p306_s3_c0,méséglise
ch1_p306_s3_c0,plaine
ch1_p306_s3_c0,lieue
ch1_p306_s3_c0,accident
ch1_p306_s3_c0,terrain
ch1_p306_s4_c0,mlle
ch1_p306_s4_c0,swann
ch1_p306_s4_c0,laon
ch1_p306_s4_c0,jour
ch1_p306_s4_c0,lieue
ch1_p306_s4_c0,distance
ch1_p306_s4_c0,absence
ch1_p306_s4_c0,obstacle
ch1_p306_s4_c0,souffle
ch1_p306_s4_c0,horizon
ch1_p306_s4_c0,blé
ch1_p306_s4_c0,flot
ch1_p306_s4_c0,tiède
ch1_p306_s4_c1,sainfoin
ch1_p306_s4_c1,trèfle
ch1_p306_s4_c1,pied
ch1_p306_s4_c1,plaine
ch1_p306_s4_c1,souffle
ch1_p306_s4_c1,message
ch1_p306_s4_c1,passage
ch1_p306_s5_c0,gauche
ch1_p306_s5_c0,village
ch1_p306_s5_c0,champieu
ch1_p306_s5_c0,campus
ch1_p306_s5_c0,pagani
ch1_p306_s5_c0,curé
ch1_p306_s6_c0,droite
ch1_p306_s6_c0,blé
ch1_p306_s6_c0,clocher
ch1_p306_s6_c0,effilé
ch1_p306_s6_c0,alvéole
ch1_p306_s6_c0,guilloché
ch1_p306_s6_c0,jaunissant
ch1_p306_s6_c0,épi
ch1_p307_s0_c0,intervalle
ch1_p307_s0_c0,milieu
ch1_p307_s0_c0,ornementation
ch1_p307_s0_c0,feuille
ch1_p307_s0_c0,feuille
ch1_p307_s0_c0,arbre
ch1_p307_s0_c0,pommier
ch1_p307_s0_c0,pétale
ch1_p307_s0_c0,satin
ch1_p307_s0_c0,bouquet
ch1_p307_s0_c0,rougissant
ch1_p307_s0_c0,bouton
ch1_p307_s1_c0,côté
ch1_p307_s1_c0,méséglise
ch1_p307_s1_c0,fois
ch1_p307_s1_c0,ombre
ch1_p307_s1_c0,pommier
ch1_p307_s1_c0,terre
ch1_p307_s1_c0,soie
ch1_p307_s1_c0,couchant
ch1_p307_s1_c0,feuille
ch1_p307_s1_c0,père
ch1_p307_s1_c0,canne
ch1_p308_s0_c0,ciel
ch1_p308_s0_c0,lune
ch1_p308_s0_c0,nuée
ch1_p308_s0_c0,éclat
ch1_p308_s0_c0,acteur
ch1_p308_s0_c0,heure
ch1_p308_s0_c0,salle
ch1_p308_s0_c0,toilette
ch1_p308_s0_c0,ville
ch1_p308_s0_c0,moment
ch1_p308_s0_c0,camarade
ch1_p308_s0_c0,attention
ch1_p308_s1_c0,image
ch1_p308_s1_c0,tableau
ch1_p308_s1_c0,livre
ch1_p308_s1_c0,œuvre
ch1_p308_s1_c0,art
ch1_p308_s1_c0,année
ch1_p308_s1_c0,bloch
ch1_p308_s1_c0,oeil
ch1_p308_s1_c0,pensée
ch1_p308_s1_c0,harmonie
ch1_p308_s1_c0,lune
ch1_p308_s2_c0,exemple
ch1_p308_s2_c0,roman
ch1_p308_s2_c0,saintine
ch1_p308_s2_c0,paysage
ch1_p308_s2_c0,gleyre
ch1_p308_s2_c0,découpe
ch1_p308_s2_c0,ciel
ch1_p308_s2_c0,faucille
ch1_p308_s2_c0,argent
ch1_p308_s2_c0,œuvre
ch1_p308_s2_c0,impression
ch1_p308_s2_c0,sœur
ch1_p308_s3_c0,enfant
ch1_p308_s3_c0,preuve
ch1_p308_s3_c0,goût
ch1_p308_s3_c0,œuvre
ch1_p308_s3_c0,maturité
ch1_p308_s4_c0,doute
ch1_p308_s4_c0,mérite
ch1_p308_s4_c0,objet
ch1_p308_s4_c0,œil
ch1_p308_s4_c0,besoin
ch1_p308_s4_c0,équivalent
ch1_p308_s4_c0,cœur
ch1_p309_s0_c0,côté
ch1_p309_s0_c0,méséglise
ch1_p309_s0_c0,montjouvain
ch1_p309_s0_c0,maison
ch1_p309_s0_c0,bord
ch1_p309_s0_c0,mare
ch1_p309_s0_c0,talus
ch1_p309_s0_c0,vinteuil
ch1_p309_s1_c0,route
ch1_p309_s1_c0,fille
ch1_p309_s1_c0,buggy
ch1_p309_s1_c0,allure
ch1_p309_s2_c0,année
ch1_p309_s2_c0,amie
ch1_p309_s2_c0,réputation
ch1_p309_s2_c0,pays
ch1_p309_s2_c0,jour
ch1_p309_s2_c0,montjouvain
ch1_p309_s3_c0,vinteuil
ch1_p309_s3_c0,tendresse
ch1_p309_s3_c0,fille
ch1_p309_s3_c0,parole
ch1_p309_s3_c0,déplacée
ch1_p309_s3_c0,toit
ch1_p309_s3_c0,femme
ch1_p309_s4_c0,femme
ch1_p309_s4_c0,cœur
ch1_p309_s4_c0,disposition
ch1_p309_s4_c0,musique
ch1_p309_s5_c0,musique
ch1_p309_s5_c0,fille
ch1_p309_s6_c0,vinteuil
ch1_p309_s6_c0,admiration
ch1_p309_s6_c0,qualité
ch1_p309_s6_c0,parent
ch1_p309_s6_c0,relation
ch1_p309_s7_c0,amour
ch1_p309_s7_c0,force
ch1_p309_s7_c0,parcelle
ch1_p309_s7_c0,bonté
ch1_p309_s7_c0,abandon
ch1_p309_s7_c0,oeil
ch1_p309_s7_c0,entourage
ch1_p309_s8_c0,docteur
ch1_p309_s8_c0,percepied
ch1_p309_s8_c0,voix
ch1_p309_s8_c0,sourcil
ch1_p309_s8_c0,rôle
ch1_p309_s8_c0,physique
ch1_p309_s8_c0,réputation
ch1_p309_s8_c0,rire
ch1_p309_s8_c0,larme
ch1_p309_s8_c0,curé
ch1_p309_s8_c0,monde
ch1_p309_s9_c0,musique
ch1_p309_s9_c0,amie
ch1_p309_s9_c0,mlle
ch1_p309_s9_c0,vinteuil
ch1_p309_s10_c0,air
ch1_p309_s12_c0,père
ch1_p309_s12_c0,vinteuil
ch1_p309_s13_c0,droit
ch1_p309_s13_c0,musique
ch1_p309_s13_c0,fille
ch1_p309_s14_c0,vocation
ch1_p309_s14_c0,enfant
ch1_p309_s15_c0,vinteuil
ch1_p309_s16_c0,musique
ch1_p309_s16_c0,amie
ch1_p309_s16_c0,fille
ch1_p309_s18_c0,sapristi
ch1_p309_s18_c0,musique
ch1_p309_s19_c0,rire
ch1_p309_s19_c0,musique
ch1_p309_s20_c0,jour
ch1_p309_s20_c0,père
ch1_p309_s20_c0,vinteuil
ch1_p309_s20_c0,cimetière
ch1_p309_s21_c0,jambe
ch1_p310_s0_c0,époque
ch1_p310_s0_c0,vinteuil
ch1_p310_s0_c0,personne
ch1_p310_s0_c0,mois
ch1_p310_s0_c0,chagrin
ch1_p310_s0_c0,effort
ch1_p310_s0_c0,bonheur
ch1_p310_s0_c0,fille
ch1_p310_s0_c0,but
ch1_p310_s0_c0,journée
ch1_p310_s0_c0,tombe
ch1_p310_s0_c0,femme
ch1_p310_s0_c0,train
ch1_p310_s0_c0,chagrin
ch1_p310_s0_c1,compte
ch1_p310_s0_c1,propos
ch1_p310_s1_c0,foi
ch1_p310_s2_c0,vertu
ch1_p310_s2_c0,complexité
ch1_p310_s2_c0,circonstance
ch1_p310_s2_c0,jour
ch1_p310_s2_c0,familiarité
ch1_p310_s2_c0,vice
ch1_p310_s2_c0,déguisement
ch1_p310_s2_c0,fait
ch1_p310_s2_c0,contact
ch1_p310_s2_c0,parole
ch1_p310_s2_c0,attitude
ch1_p310_s2_c0,soir
ch1_p310_s2_c0,raison
ch1_p310_s3_c0,homme
ch1_p310_s3_c0,vinteuil
ch1_p310_s3_c0,souffrance
ch1_p310_s3_c0,résignation
ch1_p310_s3_c0,situation
ch1_p310_s3_c0,tort
ch1_p310_s3_c0,apanage
ch1_p310_s3_c0,monde
ch1_p310_s3_c0,bohème
ch1_p310_s3_c0,fois
ch1_p310_s3_c0,besoin
ch1_p310_s3_c0,place
ch1_p310_s3_c0,sécurité
ch1_p310_s3_c0,vice
ch1_p310_s3_c0,nature
ch1_p310_s3_c0,enfant
ch1_p310_s3_c0,vertu
ch1_p310_s3_c0,père
ch1_p310_s3_c0,mère
ch1_p310_s3_c0,couleur
ch1_p310_s3_c0,oeil
ch1_p310_s4_c0,vinteuil
ch1_p310_s4_c0,conduite
ch1_p310_s4_c0,fille
ch1_p310_s4_c0,culte
ch1_p310_s5_c0,fait
ch1_p310_s5_c0,monde
ch1_p310_s5_c0,croyance
ch1_p310_s5_c0,avalanche
ch1_p310_s5_c0,malheur
ch1_p310_s5_c0,maladie
ch1_p310_s5_c0,interruption
ch1_p310_s5_c0,famille
ch1_p310_s5_c0,bonté
ch1_p310_s5_c0,dieu
ch1_p310_s5_c0,talent
ch1_p310_s5_c0,médecin
ch1_p310_s6_c0,vinteuil
ch1_p310_s6_c0,fille
ch1_p310_s6_c0,point
ch1_p310_s6_c0,vue
ch1_p310_s6_c0,monde
ch1_p310_s6_c0,point
ch1_p310_s6_c0,vue
ch1_p310_s6_c0,réputation
ch1_p310_s6_c0,rang
ch1_p310_s6_c0,jugement
ch1_p310_s6_c0,ordre
ch1_p310_s6_c0,habitant
ch1_p310_s6_c0,combray
ch1_p310_s6_c0,fille
ch1_p310_s6_c0,manière
ch1_p310_s6_c0,humilité
ch1_p310_s6_c1,respect
ch1_p310_s6_c1,tendance
ch1_p310_s6_c1,déchéance
ch1_p310_s7_c0,jour
ch1_p310_s7_c0,swann
ch1_p310_s7_c0,rue
ch1_p310_s7_c0,combray
ch1_p310_s7_c0,vinteuil
ch1_p310_s7_c0,face
ch1_p310_s7_c0,temps
ch1_p310_s7_c0,swann
ch1_p310_s7_c0,charité
ch1_p310_s7_c0,homme
ch1_p310_s7_c0,monde
ch1_p310_s7_c0,milieu
ch1_p310_s7_c0,dissolution
ch1_p310_s7_c0,préjugé
ch1_p310_s7_c1,infamie
ch1_p310_s7_c1,raison
ch1_p310_s7_c1,bienveillance
ch1_p310_s7_c1,témoignage
ch1_p310_s7_c1,amour
ch1_p310_s7_c1,vinteuil
ch1_p310_s7_c1,parole
ch1_p310_s7_c2,jour
ch1_p310_s7_c2,fille
ch1_p310_s7_c2,tansonville
ch1_p310_s8_c0,invitation
ch1_p310_s8_c0,an
ch1_p310_s8_c0,vinteuil
ch1_p310_s8_c0,remplir
ch1_p310_s8_c0,sentiment
ch1_p310_s8_c0,indiscrétion
ch1_p310_s9_c0,amabilité
ch1_p310_s9_c0,swann
ch1_p310_s9_c0,fille
ch1_p310_s9_c0,appui
ch1_p310_s9_c0,douceur
ch1_p310_s9_c0,platonique
ch1_p311_s0_c0,homme
ch1_p311_s0_c0,swann
ch1_p311_s0_c0,vénération
ch1_p311_s0_c0,spirituel
ch1_p311_s0_c0,respect
ch1_p311_s0_c0,charme
ch1_p311_s0_c0,duchesse
ch1_p311_s1_c0,homme
ch1_p311_s2_c0,malheur
ch1_p311_s2_c0,mariage
ch1_p312_s0_c0,hypocrisie
ch1_p312_s0_c0,opinion
ch1_p312_s0_c0,parent
ch1_p312_s0_c0,vinteuil
ch1_p312_s0_c0,mariage
ch1_p312_s0_c0,swann
ch1_p312_s0_c0,nom
ch1_p312_s0_c0,principe
ch1_p312_s0_c0,convenance
ch1_p312_s0_c0,commun
ch1_p312_s0_c1,acabit
ch1_p312_s0_c1,air
ch1_p312_s0_c1,montjouvain
ch1_p312_s1_c0,vinteuil
ch1_p312_s1_c0,fille
ch1_p312_s1_c0,swann
ch1_p312_s3_c0,fois
ch1_p312_s3_c0,vinteuil
ch1_p312_s3_c0,temps
ch1_p312_s3_c0,renseignement
ch1_p312_s3_c0,nom
ch1_p312_s3_c0,parent
ch1_p312_s4_c0,fois
ch1_p312_s4_c0,vinteuil
ch1_p312_s4_c0,fille
ch1_p312_s4_c0,tansonville
ch1_p313_s0_c0,promenade
ch1_p313_s0_c0,côté
ch1_p313_s0_c0,méséglise
ch1_p313_s0_c0,combray
ch1_p313_s0_c0,cause
ch1_p313_s0_c0,temps
ch1_p313_s0_c0,climat
ch1_p313_s0_c0,côté
ch1_p313_s0_c0,méséglise
ch1_p313_s0_c0,vue
ch1_p313_s0_c0,lisière
ch1_p313_s0_c0,bois
ch1_p313_s0_c0,roussainville
ch1_p313_s0_c0,épaisseur
ch1_p313_s0_c0,couvert
ch1_p314_s0_c0,soleil
ch1_p314_s0_c0,nuée
ch1_p314_s0_c0,bordure
ch1_p314_s1_c0,éclat
ch1_p314_s1_c0,clarté
ch1_p314_s1_c0,campagne
ch1_p314_s1_c0,vie
ch1_p314_s1_c0,village
ch1_p314_s1_c0,roussainville
ch1_p314_s1_c0,ciel
ch1_p314_s1_c0,relief
ch1_p314_s1_c0,arête
ch1_p314_s1_c0,précision
ch1_p314_s1_c0,fini
ch1_p314_s2_c0,vent
ch1_p314_s2_c0,corbeau
ch1_p314_s2_c0,ciel
ch1_p314_s2_c0,bois
ch1_p314_s2_c0,bleu
ch1_p314_s2_c0,camaïeu
ch1_p314_s2_c0,trumeau
ch1_p314_s2_c0,demeure
ch1_p315_s0_c0,fois
ch1_p315_s0_c0,pluie
ch1_p315_s0_c0,capucin
ch1_p315_s0_c0,opticien
ch1_p315_s0_c0,devanture
ch1_p315_s0_c0,goutte
ch1_p315_s0_c0,eau
ch1_p315_s0_c0,oiseau
ch1_p315_s0_c0,migrateur
ch1_p315_s0_c0,vol
ch1_p315_s0_c0,ensemble
ch1_p315_s0_c0,rang
ch1_p315_s0_c0,ciel
ch1_p315_s1_c0,point
ch1_p315_s1_c0,aventure
ch1_p315_s1_c0,traversée
ch1_p315_s1_c0,place
ch1_p315_s1_c0,ciel
ch1_p315_s1_c0,départ
ch1_p315_s1_c0,hirondelle
ch1_p315_s2_c0,bois
ch1_p315_s3_c0,voyage
ch1_p315_s4_c0,abri
ch1_p315_s4_c0,goutte
ch1_p315_s4_c0,feuillage
ch1_p315_s4_c0,terre
ch1_p315_s4_c0,nervure
ch1_p315_s4_c0,feuille
ch1_p315_s4_c0,pointe
ch1_p315_s4_c0,soleil
ch1_p315_s4_c0,coup
ch1_p315_s4_c0,hauteur
ch1_p315_s4_c0,branche
ch1_p315_s4_c0,nez
ch1_p316_s0_c0,saint
ch1_p316_s0_c0,patriarche
ch1_p316_s0_c0,pierre
ch1_p316_s0_c0,porche
ch1_p316_s1_c0,église
ch1_p316_s2_c0,porte
ch1_p316_s2_c0,saint
ch1_p316_s2_c0,roi
ch1_p316_s2_c0,chevalier
ch1_p316_s2_c0,fleur
ch1_p316_s2_c0,lys
ch1_p316_s2_c0,main
ch1_p316_s2_c0,scène
ch1_p316_s2_c0,noce
ch1_p316_s2_c0,funéraille
ch1_p316_s2_c0,âme
ch1_p316_s2_c0,françoise
ch1_p316_s3_c0,sculpteur
ch1_p316_s3_c0,anecdote
ch1_p316_s3_c0,aristote
ch1_p316_s3_c0,virgile
ch1_p316_s3_c0,françoise
ch1_p316_s3_c0,cuisine
ch1_p316_s3_c0,volontier
ch1_p316_s3_c0,saint
ch1_p316_s3_c0,louis
ch1_p316_s3_c0,honte
ch1_p316_s3_c0,comparaison
ch1_p316_s3_c0,grand
ch1_p316_s3_c0,parent
ch1_p316_s4_c0,notion
ch1_p316_s4_c0,artiste
ch1_p316_s4_c0,paysan
ch1_p316_s4_c0,siècle
ch1_p316_s4_c0,histoire
ch1_p316_s4_c0,inexactitude
ch1_p316_s4_c0,bonhomie
ch1_p316_s4_c0,livre
ch1_p316_s4_c0,tradition
ch1_p316_s4_c0,fois
ch1_p316_s5_c0,personnalité
ch1_p316_s5_c0,combray
ch1_p316_s5_c0,sculpture
ch1_p316_s5_c0,théodore
ch1_p316_s5_c0,garçon
ch1_p316_s5_c0,camus
ch1_p316_s6_c0,françoise
ch1_p316_s6_c0,pays
ch1_p316_s6_c0,contemporain
ch1_p316_s6_c0,tante
ch1_p316_s6_c0,léonie
ch1_p316_s6_c0,françoise
ch1_p316_s6_c0,lit
ch1_p316_s6_c0,fauteuil
ch1_p316_s6_c0,fille
ch1_p316_s6_c0,cuisine
ch1_p316_s6_c0,tante
ch1_p316_s6_c0,théodore
ch1_p316_s7_c0,garçon
ch1_p316_s7_c0,raison
ch1_p316_s7_c0,sujet
ch1_p316_s7_c0,âme
ch1_p316_s7_c0,sentiment
ch1_p316_s7_c0,respect
ch1_p316_s7_c0,françoise
ch1_p316_s7_c0,du
ch1_p316_s7_c0,pauvre
ch1_p316_s7_c0,malade
ch1_p316_s7_c0,pauvre
ch1_p316_s7_c0,maîtresse
ch1_p316_s7_c0,tête
ch1_p316_s7_c0,tante
ch1_p316_s7_c0,oreiller
ch1_p316_s7_c0,mine
ch1_p316_s7_c0,ange
ch1_p316_s7_c0,cierge
ch1_p316_s7_c0,main
ch1_p316_s7_c0,vierge
ch1_p316_s7_c1,visage
ch1_p316_s7_c1,pierre
ch1_p316_s7_c1,grisâtre
ch1_p316_s7_c1,bois
ch1_p316_s7_c1,hiver
ch1_p316_s7_c1,ensommeillement
ch1_p316_s7_c1,réserve
ch1_p316_s7_c1,vie
ch1_p316_s7_c1,visage
ch1_p316_s7_c1,révérend
ch1_p316_s7_c1,théodore
ch1_p316_s7_c1,rougeur
ch1_p316_s7_c1,pomme
ch1_p316_s8_c0,pierre
ch1_p316_s8_c0,ange
ch1_p316_s8_c0,porche
ch1_p316_s8_c0,stature
ch1_p316_s8_c0,socle
ch1_p316_s8_c0,tabouret
ch1_p316_s8_c0,évitât
ch1_p316_s8_c0,pied
ch1_p316_s8_c0,sol
ch1_p316_s8_c0,saint
ch1_p316_s8_c0,joue
ch1_p316_s8_c0,sein
ch1_p316_s8_c0,draperie
ch1_p316_s8_c0,grappe
ch1_p316_s8_c0,sac
ch1_p316_s8_c0,crin
ch1_p316_s8_c0,front
ch1_p316_s8_c0,nez
ch1_p316_s8_c0,mutin
ch1_p316_s8_c0,prunelle
ch1_p316_s8_c0,air
ch1_p316_s8_c1,paysan
ch1_p316_s8_c1,contrée
ch1_p316_s9_c0,ressemblance
ch1_p316_s9_c0,statue
ch1_p316_s9_c0,douceur
ch1_p316_s9_c0,fille
ch1_p316_s9_c0,champ
ch1_p316_s9_c0,couvert
ch1_p316_s9_c0,présence
ch1_p316_s9_c0,feuillage
ch1_p316_s9_c0,côté
ch1_p316_s9_c0,feuillage
ch1_p316_s9_c0,confrontation
ch1_p316_s9_c0,nature
ch1_p316_s9_c0,vérité
ch1_p316_s9_c0,œuvre
ch1_p316_s9_c0,art
ch1_p316_s10_c0,terre
ch1_p316_s10_c0,roussainville
ch1_p316_s10_c0,mur
ch1_p316_s10_c0,roussainville
ch1_p316_s10_c0,pluie
ch1_p316_s10_c0,village
ch1_p316_s10_c0,bible
ch1_p316_s10_c0,lance
ch1_p316_s10_c0,orage
ch1_p316_s10_c0,demeure
ch1_p316_s10_c0,habitant
ch1_p316_s10_c0,dieu
ch1_p316_s10_c0,père
ch1_p316_s10_c1,rayon
ch1_p316_s10_c1,ostensoir
ch1_p316_s10_c1,autel
ch1_p316_s10_c1,tige
ch1_p316_s10_c1,effrangée
ch1_p316_s10_c1,soleil
ch1_p317_s0_c0,temps
ch1_p317_s0_c0,maison
ch1_p317_s1_c0,çà
ch1_p317_s1_c0,campagne
ch1_p317_s1_c0,obscurité
ch1_p317_s1_c0,humidité
ch1_p317_s1_c0,mer
ch1_p317_s1_c0,maison
ch1_p317_s1_c0,flanc
ch1_p317_s1_c0,colline
ch1_p317_s1_c0,nuit
ch1_p317_s1_c0,eau
ch1_p317_s1_c0,bateau
ch1_p317_s1_c0,voile
ch1_p317_s1_c0,large
ch1_p317_s1_c0,nuit
ch1_p317_s2_c0,pluie
ch1_p317_s2_c0,orage
ch1_p317_s3_c0,été
ch1_p317_s3_c0,temps
ch1_p317_s3_c0,humeur
ch1_p317_s3_c0,temps
ch1_p317_s3_c0,temps
ch1_p317_s3_c0,hiver
ch1_p317_s3_c0,contraire
ch1_p317_s3_c0,terre
ch1_p317_s3_c0,feuillage
ch1_p317_s3_c0,pluie
ch1_p317_s3_c0,résistance
ch1_p317_s3_c0,joie
ch1_p317_s3_c0,saison
ch1_p317_s3_c0,rue
ch1_p317_s3_c0,village
ch1_p317_s3_c0,mur
ch1_p317_s3_c0,maison
ch1_p317_s3_c0,jardin
ch1_p317_s3_c1,pavillon
ch1_p317_s3_c1,soie
ch1_p317_s3_c1,violette
ch1_p317_s4_c0,salon
ch1_p317_s4_c0,heure
ch1_p317_s4_c0,dîner
ch1_p317_s4_c0,eau
ch1_p317_s4_c0,marronnier
ch1_p317_s4_c0,averse
ch1_p317_s4_c0,feuille
ch1_p317_s4_c0,gage
ch1_p317_s4_c0,été
ch1_p317_s4_c0,nuit
ch1_p317_s4_c0,continuité
ch1_p317_s4_c0,temps
ch1_p317_s4_c0,barrière
ch1_p317_s4_c0,tansonville
ch1_p317_s4_c1,feuille
ch1_p317_s4_c1,forme
ch1_p317_s4_c1,cœur
ch1_p317_s4_c1,tristesse
ch1_p317_s4_c1,peuplier
ch1_p317_s4_c1,rue
ch1_p317_s4_c1,perchamp
ch1_p317_s4_c1,orage
ch1_p317_s4_c1,supplication
ch1_p317_s4_c1,salutation
ch1_p317_s4_c1,tristesse
ch1_p317_s4_c1,fond
ch1_p317_s4_c1,jardin
ch1_p317_s4_c1,roulement
ch1_p317_s4_c1,tonnerre
ch1_p317_s4_c1,lilas
ch1_p318_s0_c0,temps
ch1_p318_s0_c0,matin
ch1_p318_s0_c0,parent
ch1_p318_s0_c0,promenade
ch1_p318_s1_c0,habitude
ch1_p318_s1_c0,jour
ch1_p318_s1_c0,côté
ch1_p318_s1_c0,automne
ch1_p318_s1_c0,combray
ch1_p318_s1_c0,succession
ch1_p318_s1_c0,tante
ch1_p318_s1_c0,léonie
ch1_p318_s1_c0,fois
ch1_p318_s1_c0,régime
ch1_p318_s1_c0,maladie
ch1_p318_s1_c1,évidence
ch1_p318_s1_c1,sceptique
ch1_p318_s1_c1,mort
ch1_p318_s1_c1,douleur
ch1_p318_s2_c0,jour
ch1_p318_s2_c0,maladie
ch1_p318_s2_c0,tante
ch1_p318_s2_c0,françoise
ch1_p318_s2_c0,instant
ch1_p318_s2_c0,soin
ch1_p318_s2_c0,corps
ch1_p318_s3_c0,sorte
ch1_p318_s3_c0,crainte
ch1_p318_s3_c0,françoise
ch1_p318_s3_c0,mauvais
ch1_p318_s3_c0,parole
ch1_p318_s3_c0,soupçon
ch1_p318_s3_c0,colère
ch1_p318_s3_c0,tante
ch1_p318_s3_c0,sentiment
ch1_p318_s3_c0,haine
ch1_p318_s3_c0,vénération
ch1_p318_s3_c0,amour
ch1_p318_s4_c0,maîtresse
ch1_p318_s4_c0,décision
ch1_p318_s4_c0,ruse
ch1_p318_s4_c0,cœur
ch1_p318_s4_c0,souverain
ch1_p318_s4_c0,mystérieux
ch1_p318_s4_c0,monarque
ch1_p318_s5_c0,côté
ch1_p318_s5_c0,chose
ch1_p318_s6_c0,temps
ch1_p318_s6_c0,vacance
ch1_p318_s6_c0,combray
ch1_p318_s6_c0,prestige
ch1_p318_s6_c0,tante
ch1_p318_s6_c0,oeil
ch1_p318_s6_c0,françoise
ch1_p318_s7_c0,automne
ch1_p318_s7_c0,formalité
ch1_p318_s7_c0,entretien
ch1_p318_s7_c0,notaire
ch1_p318_s7_c0,fermier
ch1_p318_s7_c0,parent
ch1_p318_s7_c0,loisir
ch1_p318_s7_c0,sortie
ch1_p318_s7_c0,temps
ch1_p318_s7_c0,habitude
ch1_p318_s7_c0,côté
ch1_p318_s7_c0,méséglise
ch1_p318_s7_c0,plaid
ch1_p318_s7_c0,pluie
ch1_p318_s7_c0,volontier
ch1_p318_s7_c0,épaule
ch1_p318_s7_c0,rayure
ch1_p318_s7_c0,françoise
ch1_p318_s7_c1,esprit
ch1_p318_s7_c1,idée
ch1_p318_s7_c1,couleur
ch1_p318_s7_c1,vêtement
ch1_p318_s7_c1,deuil
ch1_p318_s7_c1,chagrin
ch1_p318_s7_c1,mort
ch1_p318_s7_c1,tante
ch1_p318_s7_c1,repas
ch1_p318_s7_c1,funèbre
ch1_p318_s7_c1,voix
ch1_p318_s8_c0,livre
ch1_p318_s8_c0,françoise
ch1_p318_s8_c0,conception
ch1_p318_s8_c0,deuil
ch1_p318_s8_c0,chanson
ch1_p318_s8_c0,roland
ch1_p318_s8_c0,portail
ch1_p318_s9_c0,françoise
ch1_p318_s9_c0,démon
ch1_p318_s9_c0,colère
ch1_p318_s9_c0,prétexte
ch1_p318_s9_c0,femme
ch1_p318_s9_c0,tante
ch1_p318_s9_c0,tante
ch1_p318_s9_c0,mort
ch1_p318_s9_c0,peine
ch1_p318_s9_c0,propos
ch1_p318_s9_c0,livre
ch1_p319_s0_c0,françoise
ch1_p319_s0_c0,poète
ch1_p319_s0_c0,flot
ch1_p319_s0_c0,pensée
ch1_p319_s0_c0,chagrin
ch1_p319_s0_c0,souvenir
ch1_p319_s0_c0,famille
ch1_p319_s0_c0,théorie
ch1_p319_s0_c0,aveu
ch1_p319_s0_c0,sens
ch1_p319_s0_c0,docteur
ch1_p319_s0_c0,percepied
ch1_p319_s0_c0,parentèse
ch1_p319_s0_c0,respect
ch1_p319_s0_c0,parentèse
ch1_p319_s0_c1,épaule
ch1_p319_s0_c1,illettré
ch1_p319_s0_c1,cuir
ch1_p319_s0_c1,françoise
ch1_p319_s0_c1,point
ch1_p319_s0_c1,vue
ch1_p319_s0_c1,homme
ch1_p319_s0_c1,impartialité
ch1_p319_s0_c1,méditation
ch1_p319_s0_c1,rôle
ch1_p319_s0_c1,scène
ch1_p319_s0_c1,vie
ch1_p320_s0_c0,promenade
ch1_p320_s0_c0,automne
ch1_p320_s0_c0,faisai
ch1_p320_s0_c0,heure
ch1_p320_s0_c0,livre
ch1_p320_s1_c0,matinée
ch1_p320_s1_c0,salle
ch1_p320_s1_c0,plaid
ch1_p320_s1_c0,épaule
ch1_p320_s1_c0,corps
ch1_p320_s1_c0,immobilité
ch1_p320_s1_c0,place
ch1_p320_s1_c0,animation
ch1_p320_s1_c0,vitesse
ch1_p320_s1_c0,besoin
ch1_p320_s1_c0,toupie
ch1_p320_s1_c0,direction
ch1_p320_s2_c0,mur
ch1_p320_s2_c0,maison
ch1_p320_s2_c0,haie
ch1_p320_s2_c0,tansonville
ch1_p320_s2_c0,arbre
ch1_p320_s2_c0,bois
ch1_p320_s2_c0,roussainville
ch1_p320_s2_c0,buisson
ch1_p320_s2_c0,montjouvain
ch1_p320_s2_c0,coup
ch1_p320_s2_c0,parapluie
ch1_p320_s2_c0,canne
ch1_p320_s2_c0,cri
ch1_p320_s2_c0,idée
ch1_p320_s2_c0,repos
ch1_p320_s2_c0,lumière
ch1_p320_s2_c0,lent
ch1_p320_s2_c1,plaisir
ch1_p320_s2_c1,dérivation
ch1_p320_s2_c1,issue
ch1_p320_s3_c0,plupart
ch1_p320_s3_c0,traduction
ch1_p320_s3_c0,forme
ch1_p320_s4_c0,compte
ch1_p320_s4_c0,côté
ch1_p320_s4_c0,méséglise
ch1_p320_s4_c0,découverte
ch1_p320_s4_c0,cadre
ch1_p320_s4_c0,inspirateur
ch1_p320_s4_c0,automne
ch1_p320_s4_c0,promenade
ch1_p320_s4_c0,talus
ch1_p320_s4_c0,montjouvain
ch1_p320_s4_c0,fois
ch1_p320_s4_c0,désaccord
ch1_p320_s4_c0,impression
ch1_p320_s4_c0,expression
ch1_p320_s5_c0,heure
ch1_p320_s5_c0,pluie
ch1_p320_s5_c0,vent
ch1_p320_s5_c0,allégresse
ch1_p320_s5_c0,bord
ch1_p320_s5_c0,mare
ch1_p320_s5_c0,montjouvain
ch1_p320_s5_c0,cahute
ch1_p320_s5_c0,tuile
ch1_p320_s5_c0,jardinier
ch1_p320_s5_c0,vinteuil
ch1_p320_s5_c0,instrument
ch1_p320_s5_c0,jardinage
ch1_p320_s5_c0,soleil
ch1_p320_s5_c0,dorure
ch1_p320_s5_c0,averse
ch1_p320_s5_c0,ciel
ch1_p320_s5_c0,arbre
ch1_p320_s5_c0,mur
ch1_p320_s5_c0,cahute
ch1_p320_s5_c0,toit
ch1_p320_s5_c0,tuile
ch1_p320_s5_c1,crête
ch1_p320_s5_c1,poule
ch1_p320_s6_c0,vent
ch1_p320_s6_c0,herbe
ch1_p320_s6_c0,paroi
ch1_p320_s6_c0,mur
ch1_p320_s6_c0,plume
ch1_p320_s6_c0,duvet
ch1_p320_s6_c0,poule
ch1_p320_s6_c0,gré
ch1_p320_s6_c0,souffle
ch1_p320_s6_c0,extrémité
ch1_p320_s6_c0,longueur
ch1_p320_s6_c0,abandon
ch1_p320_s6_c0,chose
ch1_p320_s7_c0,toit
ch1_p320_s7_c0,tuile
ch1_p320_s7_c0,mare
ch1_p320_s7_c0,soleil
ch1_p320_s7_c0,marbrure
ch1_p320_s7_c0,attention
ch1_p320_s8_c0,eau
ch1_p320_s8_c0,face
ch1_p320_s8_c0,mur
ch1_p320_s8_c0,pâle
ch1_p320_s8_c0,ciel
ch1_p320_s8_c0,enthousiasme
ch1_p320_s8_c0,parapluie
ch1_p320_s8_c0,zut
ch1_p320_s9_c0,temps
ch1_p320_s9_c0,devoir
ch1_p320_s9_c0,mot
ch1_p320_s9_c0,ravissement
ch1_p321_s0_c0,moment
ch1_p321_s0_c0,grâce
ch1_p321_s0_c0,paysan
ch1_p321_s0_c0,air
ch1_p321_s0_c0,humeur
ch1_p321_s0_c0,parapluie
ch1_p321_s0_c0,figure
ch1_p321_s0_c0,chaleur
ch1_p321_s0_c0,temps
ch1_p321_s0_c0,émotion
ch1_p321_s0_c0,ordre
ch1_p321_s0_c0,homme
ch1_p321_s1_c0,fois
ch1_p321_s1_c0,lecture
ch1_p321_s1_c0,humeur
ch1_p321_s1_c0,camarade
ch1_p321_s1_c0,parole
ch1_p321_s1_c0,plaisir
ch1_p321_s1_c0,conversation
ch1_p321_s2_c0,parent
ch1_p321_s2_c0,tendresse
ch1_p321_s2_c0,décision
ch1_p321_s2_c0,sage
ch1_p321_s2_c0,plaisir
ch1_p321_s2_c0,temps
ch1_p321_s2_c0,peccadille
ch1_p321_s2_c0,moment
ch1_p322_s0_c0,exaltation
ch1_p322_s0_c0,solitude
ch1_p322_s0_c0,désir
ch1_p322_s0_c0,paysan
ch1_p322_s0_c0,bras
ch1_p322_s1_c0,temps
ch1_p322_s1_c0,cause
ch1_p322_s1_c0,milieu
ch1_p322_s1_c0,pensée
ch1_p322_s1_c0,plaisir
ch1_p322_s1_c0,degré
ch1_p322_s2_c0,mérite
ch1_p322_s2_c0,moment
ch1_p322_s2_c0,esprit
ch1_p322_s2_c0,reflet
ch1_p322_s2_c0,toit
ch1_p322_s2_c0,tuile
ch1_p322_s2_c0,herbe
ch1_p322_s2_c0,village
ch1_p322_s2_c0,roussainville
ch1_p322_s2_c0,arbre
ch1_p322_s2_c0,bois
ch1_p322_s2_c0,clocher
ch1_p322_s2_c0,église
ch1_p322_s2_c0,émoi
ch1_p322_s2_c1,voile
ch1_p322_s2_c1,brise
ch1_p322_s3_c0,désir
ch1_p322_s3_c0,femme
ch1_p322_s3_c0,charme
ch1_p322_s3_c0,nature
ch1_p322_s3_c0,chose
ch1_p322_s3_c0,charme
ch1_p322_s3_c0,nature
ch1_p322_s3_c0,femme
ch1_p322_s4_c0,beauté
ch1_p322_s4_c0,arbre
ch1_p322_s4_c0,âme
ch1_p322_s4_c0,horizon
ch1_p322_s4_c0,village
ch1_p322_s4_c0,roussainville
ch1_p322_s4_c0,livre
ch1_p322_s4_c0,année
ch1_p322_s4_c0,baiser
ch1_p322_s4_c0,imagination
ch1_p322_s4_c0,force
ch1_p322_s4_c0,contact
ch1_p322_s4_c0,sensualité
ch1_p322_s4_c0,sensualité
ch1_p322_s4_c0,domaine
ch1_p322_s4_c0,imagination
ch1_p322_s4_c0,désir
ch1_p322_s4_c0,limite
ch1_p322_s5_c0,moment
ch1_p322_s5_c0,rêverie
ch1_p322_s5_c0,milieu
ch1_p322_s5_c0,nature
ch1_p322_s5_c0,action
ch1_p322_s5_c0,habitude
ch1_p322_s5_c0,notion
ch1_p322_s5_c0,chose
ch1_p322_s5_c0,côté
ch1_p322_s5_c0,foi
ch1_p322_s5_c0,originalité
ch1_p322_s5_c0,vie
ch1_p322_s5_c0,lieu
ch1_p322_s5_c0,passant
ch1_p322_s5_c0,désir
ch1_p322_s5_c0,exemplaire
ch1_p322_s5_c0,type
ch1_p322_s5_c0,femme
ch1_p322_s5_c0,produit
ch1_p322_s5_c0,sol
ch1_p322_s6_c0,temps
ch1_p322_s6_c0,terre
ch1_p322_s6_c0,être
ch1_p322_s6_c0,existence
ch1_p322_s6_c0,homme
ch1_p322_s7_c0,terre
ch1_p322_s7_c0,être
ch1_p322_s7_c0,séparai
ch1_p322_s8_c0,désir
ch1_p322_s8_c0,paysan
ch1_p322_s8_c0,méséglise
ch1_p322_s8_c0,roussainville
ch1_p322_s8_c0,pêcheuse
ch1_p322_s8_c0,balbec
ch1_p322_s8_c0,désir
ch1_p322_s8_c0,méséglise
ch1_p322_s8_c0,balbec
ch1_p322_s9_c0,plaisir
ch1_p322_s9_c0,guise
ch1_p322_s9_c0,condition
ch1_p322_s10_c0,paris
ch1_p322_s10_c0,pêcheuse
ch1_p322_s10_c0,balbec
ch1_p322_s10_c0,paysan
ch1_p322_s10_c0,méséglise
ch1_p322_s10_c0,coquillage
ch1_p322_s10_c0,plage
ch1_p322_s10_c0,fougère
ch1_p322_s10_c0,bois
ch1_p322_s10_c0,plaisir
ch1_p322_s10_c0,femme
ch1_p322_s10_c0,milieu
ch1_p322_s10_c0,imagination
ch1_p322_s11_c0,bois
ch1_p322_s11_c0,roussainville
ch1_p322_s11_c0,paysan
ch1_p322_s11_c0,bois
ch1_p322_s11_c0,trésor
ch1_p322_s11_c0,beauté
ch1_p322_s12_c0,fille
ch1_p322_s12_c0,criblée
ch1_p322_s12_c0,feuillage
ch1_p322_s12_c0,plante
ch1_p322_s12_c0,espèce
ch1_p322_s12_c0,structure
ch1_p322_s12_c0,saveur
ch1_p322_s12_c0,pays
ch1_p322_s13_c0,caresse
ch1_p322_s13_c0,sorte
ch1_p322_s13_c0,plaisir
ch1_p322_s13_c0,âge
ch1_p322_s13_c0,plaisir
ch1_p322_s13_c0,possession
ch1_p322_s13_c0,femme
ch1_p322_s13_c1,notion
ch1_p322_s13_c1,instrument
ch1_p322_s13_c1,plaisir
ch1_p322_s14_c0,esprit
ch1_p322_s14_c0,but
ch1_p322_s14_c0,femme
ch1_p322_s14_c0,cause
ch1_p322_s14_c0,trouble
ch1_p322_s15_c0,peine
ch1_p322_s15_c0,plaisir
ch1_p322_s15_c0,charme
ch1_p322_s16_c0,immanent
ch1_p322_s16_c0,paroxysme
ch1_p322_s16_c0,moment
ch1_p322_s16_c0,plaisir
ch1_p322_s16_c0,regard
ch1_p322_s16_c0,baiser
ch1_p322_s16_c0,sorte
ch1_p322_s16_c0,transport
ch1_p322_s16_c0,reconnaissance
ch1_p322_s16_c0,bonté
ch1_p322_s16_c0,cœur
ch1_p322_s16_c0,compagne
ch1_p322_s16_c0,touchante
ch1_p322_s16_c0,prédilection
ch1_p322_s16_c0,égard
ch1_p322_s16_c0,bienfait
ch1_p322_s16_c0,bonheur
ch1_p323_s0_c0,donjon
ch1_p323_s0_c0,roussainville
ch1_p323_s0_c0,enfant
ch1_p323_s0_c0,village
ch1_p323_s0_c0,désir
ch1_p323_s0_c0,haut
ch1_p323_s0_c0,maison
ch1_p323_s0_c0,combray
ch1_p323_s0_c0,cabinet
ch1_p323_s0_c0,iris
ch1_p323_s0_c0,tour
ch1_p323_s0_c0,milieu
ch1_p323_s0_c0,carreau
ch1_p323_s0_c0,fenêtre
ch1_p323_s0_c1,hésitation
ch1_p323_s0_c1,voyageur
ch1_p323_s0_c1,exploration
ch1_p323_s0_c1,suicide
ch1_p323_s0_c1,route
ch1_p323_s0_c1,moment
ch1_p323_s0_c1,trace
ch1_p323_s0_c1,colimaçon
ch1_p323_s0_c1,feuille
ch1_p323_s0_c1,cassis
ch1_p323_s1_c0,suppliai
ch1_p323_s2_c0,étendue
ch1_p323_s2_c0,champ
ch1_p323_s2_c0,vision
ch1_p323_s2_c0,drainai
ch1_p323_s2_c0,regard
ch1_p323_s2_c0,femme
ch1_p323_s3_c0,porche
ch1_p323_s3_c0,paysan
ch1_p323_s3_c0,impossibilité
ch1_p323_s3_c0,conversation
ch1_p323_s4_c0,tronc
ch1_p323_s4_c0,arbre
ch1_p323_s4_c0,horizon
ch1_p323_s4_c0,désert
ch1_p323_s4_c0,nuit
ch1_p323_s4_c0,espoir
ch1_p323_s4_c0,attention
ch1_p323_s4_c0,créature
ch1_p323_s4_c0,sol
ch1_p323_s4_c0,terre
ch1_p323_s4_c0,allégresse
ch1_p323_s4_c1,rage
ch1_p323_s4_c1,arbre
ch1_p323_s4_c1,bois
ch1_p323_s4_c1,roussainville
ch1_p323_s4_c1,être
ch1_p323_s4_c1,arbre
ch1_p323_s4_c1,toile
ch1_p323_s4_c1,panorama
ch1_p323_s4_c1,maison
ch1_p323_s4_c1,bras
ch1_p323_s4_c1,femme
ch1_p323_s4_c2,chemin
ch1_p323_s4_c2,combray
ch1_p323_s4_c2,hasard
ch1_p323_s4_c2,chemin
ch1_p323_s6_c0,fou
ch1_p323_s6_c0,être
ch1_p323_s6_c0,désir
ch1_p323_s6_c0,promenade
ch1_p323_s7_c0,création
ch1_p323_s7_c0,tempérament
ch1_p323_s8_c0,lien
ch1_p323_s8_c0,nature
ch1_p323_s8_c0,réalité
ch1_p323_s8_c0,charme
ch1_p323_s8_c0,signification
ch1_p323_s8_c0,vie
ch1_p323_s8_c0,cadre
ch1_p323_s8_c0,fiction
ch1_p323_s8_c0,roman
ch1_p323_s8_c0,wagon
ch1_p323_s8_c0,banquette
ch1_p323_s8_c0,voyageur
ch1_p323_s8_c0,lit
ch1_p323_s8_c0,temps
ch1_p324_s0_c0,impression
ch1_p324_s0_c0,montjouvain
ch1_p324_s0_c0,année
ch1_p324_s0_c0,impression
ch1_p324_s0_c0,idée
ch1_p324_s0_c0,sadisme
ch1_p324_s1_c0,raison
ch1_p324_s1_c0,souvenir
ch1_p324_s1_c0,impression
ch1_p324_s1_c0,rôle
ch1_p324_s1_c0,vie
ch1_p324_s2_c0,temps
ch1_p324_s2_c0,parent
ch1_p324_s2_c0,journée
ch1_p324_s2_c0,mare
ch1_p324_s2_c0,montjouvain
ch1_p324_s2_c0,reflet
ch1_p324_s2_c0,toit
ch1_p324_s2_c0,tuile
ch1_p324_s2_c0,ombre
ch1_p324_s2_c0,buisson
ch1_p324_s2_c0,talus
ch1_p324_s2_c0,maison
ch1_p324_s2_c0,père
ch1_p324_s2_c0,jour
ch1_p324_s2_c0,vinteuil
ch1_p324_s3_c0,nuit
ch1_p324_s3_c0,mlle
ch1_p324_s3_c0,vinteuil
ch1_p324_s3_c0,vue
ch1_p324_s3_c0,combray
ch1_p324_s3_c0,enfant
ch1_p324_s3_c0,fille
ch1_p324_s3_c0,face
ch1_p324_s3_c0,centimètre
ch1_p324_s3_c0,chambre
ch1_p324_s3_c0,père
ch1_p324_s3_c0,salon
ch1_p324_s4_c0,fenêtre
ch1_p324_s4_c0,lampe
ch1_p324_s4_c0,mouvement
ch1_p324_s4_c0,buisson
ch1_p324_s4_c0,épier
ch1_p325_s0_c0,deuil
ch1_p325_s0_c0,père
ch1_p325_s1_c0,mère
ch1_p325_s1_c0,cause
ch1_p325_s1_c0,vertu
ch1_p325_s1_c0,effet
ch1_p325_s1_c0,bonté
ch1_p325_s1_c0,pudeur
ch1_p325_s2_c0,mère
ch1_p325_s2_c0,fin
ch1_p325_s2_c0,vie
ch1_p325_s2_c0,vinteuil
ch1_p325_s2_c0,soin
ch1_p325_s2_c0,mère
ch1_p325_s2_c0,enfant
ch1_p325_s2_c0,fille
ch1_p325_s2_c0,souffrance
ch1_p325_s2_c0,visage
ch1_p325_s2_c0,vieillard
ch1_p325_s2_c0,temps
ch1_p325_s2_c0,net
ch1_p325_s2_c0,œuvre
ch1_p325_s2_c0,année
ch1_p325_s2_c0,morceau
ch1_p325_s2_c0,professeur
ch1_p325_s2_c0,piano
ch1_p325_s2_c1,organiste
ch1_p325_s2_c1,village
ch1_p325_s2_c1,valeur
ch1_p325_s2_c1,raison
ch1_p325_s2_c1,sacrifiât
ch1_p325_s2_c1,fille
ch1_p325_s2_c1,plupart
ch1_p325_s2_c1,mémoire
ch1_p325_s2_c1,feuillet
ch1_p325_s2_c2,mère
ch1_p325_s2_c2,renoncement
ch1_p325_s2_c2,vinteuil
ch1_p325_s2_c2,renoncement
ch1_p325_s2_c2,avenir
ch1_p325_s2_c2,bonheur
ch1_p325_s2_c2,fille
ch1_p325_s2_c2,détresse
ch1_p325_s2_c2,maître
ch1_p325_s2_c2,piano
ch1_p325_s2_c3,chagrin
ch1_p325_s2_c3,effroi
ch1_p325_s2_c3,mlle
ch1_p325_s2_c3,vinteuil
ch1_p325_s2_c3,remords
ch1_p325_s2_c3,père
ch1_p325_s3_c0,pauvre
ch1_p325_s3_c0,vinteuil
ch1_p325_s3_c0,mère
ch1_p325_s3_c0,fille
ch1_p325_s3_c0,salaire
ch1_p325_s4_c0,recevoir
ch1_p325_s4_c0,mort
ch1_p325_s4_c0,forme
ch1_p326_s0_c0,fond
ch1_p326_s0_c0,salon
ch1_p326_s0_c0,mlle
ch1_p326_s0_c0,vinteuil
ch1_p326_s0_c0,cheminée
ch1_p326_s0_c0,portrait
ch1_p326_s0_c0,père
ch1_p326_s0_c0,moment
ch1_p326_s0_c0,roulement
ch1_p326_s0_c0,voiture
ch1_p326_s0_c0,route
ch1_p326_s0_c0,canapé
ch1_p326_s0_c0,table
ch1_p326_s0_c0,portrait
ch1_p326_s0_c0,vinteuil
ch1_p326_s0_c0,côté
ch1_p326_s0_c0,morceau
ch1_p326_s0_c0,désir
ch1_p326_s0_c0,parent
ch1_p326_s1_c0,amie
ch1_p326_s2_c0,mlle
ch1_p326_s2_c0,vinteuil
ch1_p326_s2_c0,main
ch1_p326_s2_c0,tête
ch1_p326_s2_c0,bord
ch1_p326_s2_c0,sofa
ch1_p326_s2_c0,place
ch1_p326_s3_c0,attitude
ch1_p326_s4_c0,amie
ch1_p326_s4_c0,chaise
ch1_p326_s4_c0,délicatesse
ch1_p326_s4_c0,cœur
ch1_p326_s4_c0,place
ch1_p326_s4_c0,sofa
ch1_p326_s4_c0,oeil
ch1_p326_s4_c0,envie
ch1_p326_s4_c0,raison
ch1_p326_s5_c0,familiarité
ch1_p326_s5_c0,dominateur
ch1_p326_s5_c0,camarade
ch1_p326_s5_c0,geste
ch1_p326_s5_c0,père
ch1_p326_s6_c0,volet
ch1_p327_s0_c0,amie
ch1_p328_s0_c0,mlle
ch1_p328_s0_c0,vinteuil
ch1_p329_s0_c0,doute
ch1_p329_s0_c0,amie
ch1_p329_s0_c0,mot
ch1_p329_s0_c0,désir
ch1_p329_s0_c0,discrétion
ch1_p329_s0_c0,initiative
ch1_p329_s1_c0,regard
ch1_p329_s1_c0,expression
ch1_p330_s0_c0,chose
ch1_p330_s0_c0,oeil
ch1_p331_s0_c0,générosité
ch1_p331_s0_c0,politesse
ch1_p331_s0_c0,mot
ch1_p331_s0_c0,réalisation
ch1_p331_s0_c0,désir
ch1_p331_s1_c0,moment
ch1_p331_s1_c0,fond
ch1_p331_s1_c0,vierge
ch1_p331_s1_c0,soudard
ch1_p331_s1_c0,vainqueur
ch1_p332_s0_c0,heure
ch1_p332_s0_c0,campagne
ch1_p332_s0_c0,amie
ch1_p332_s2_c0,croyant
ch1_p332_s2_c0,clignement
ch1_p332_s2_c0,oeil
ch1_p332_s2_c0,mot
ch1_p332_s2_c0,bonté
ch1_p332_s2_c0,texte
ch1_p332_s2_c0,mlle
ch1_p332_s2_c0,vinteuil
ch1_p333_s0_c0,mlle
ch1_p333_s0_c0,vinteuil
ch1_p333_s1_c0,cœur
ch1_p333_s1_c0,parole
ch1_p333_s1_c0,scène
ch1_p333_s1_c0,sens
ch1_p333_s2_c0,nature
ch1_p333_s2_c0,langage
ch1_p333_s2_c0,fille
ch1_p333_s2_c0,mot
ch1_p333_s2_c0,bouche
ch1_p333_s3_c0,guindé
ch1_p333_s3_c0,habitude
ch1_p333_s3_c0,timidité
ch1_p333_s3_c0,velléité
ch1_p333_s3_c0,audace
ch1_p333_s3_c0,envie
ch1_p334_s0_c0,mademoiselle
ch1_p334_s0_c0,pensée
ch1_p334_s0_c0,soir
ch1_p334_s0_c0,doute
ch1_p334_s0_c0,phrase
ch1_p334_s0_c0,bouche
ch1_p334_s0_c0,amie
ch1_p335_s0_c0,échancrure
ch1_p335_s0_c0,corsage
ch1_p335_s0_c0,crêpe
ch1_p335_s0_c0,mlle
ch1_p335_s0_c0,vinteuil
ch1_p335_s0_c0,amie
ch1_p335_s0_c0,baiser
ch1_p335_s0_c0,cri
ch1_p335_s0_c0,manche
ch1_p335_s0_c0,aile
ch1_p335_s0_c0,oiseau
ch1_p335_s1_c0,mlle
ch1_p335_s1_c0,vinteuil
ch1_p335_s1_c0,canapé
ch1_p335_s1_c0,corps
ch1_p335_s1_c0,amie
ch1_p335_s2_c0,dos
ch1_p335_s2_c0,table
ch1_p335_s2_c0,portrait
ch1_p335_s2_c0,professeur
ch1_p335_s2_c0,piano
ch1_p335_s3_c0,mlle
ch1_p335_s3_c0,vinteuil
ch1_p335_s3_c0,amie
ch1_p335_s3_c0,attention
ch1_p336_s1_c0,portrait
ch1_p336_s1_c0,père
ch1_p336_s1_c0,fois
ch1_p336_s1_c0,place
ch1_p337_s0_c0,mot
ch1_p337_s0_c0,vinteuil
ch1_p337_s0_c0,père
ch1_p337_s0_c0,propos
ch1_p337_s0_c0,morceau
ch1_p337_s0_c0,musique
ch1_p337_s1_c0,portrait
ch1_p337_s1_c0,doute
ch1_p337_s1_c0,profanation
ch1_p337_s1_c0,amie
ch1_p337_s1_c0,parole
ch1_p337_s1_c0,partie
ch1_p337_s1_c0,réponse
ch1_p338_s1_c0,crois
ch1_p338_s1_c0,pleurnicher
ch1_p338_s1_c0,manteau
ch1_p338_s1_c0,fenêtre
ch1_p338_s1_c0,singe
ch1_p339_s0_c0,mlle
ch1_p339_s0_c0,vinteuil
ch1_p339_s0_c0,parole
ch1_p339_s0_c0,reproche
ch1_p339_s0_c0,voyons
ch1_p339_s0_c0,bonté
ch1_p339_s0_c0,nature
ch1_p339_s0_c0,indignation
ch1_p339_s0_c0,père
ch1_p339_s0_c0,sentiment
ch1_p339_s0_c0,aide
ch1_p339_s0_c0,sophisme
ch1_p339_s1_c0,minute
ch1_p339_s1_c0,frein
ch1_p339_s1_c0,plaisir
ch1_p339_s1_c0,amie
ch1_p339_s2_c0,modération
ch1_p339_s2_c0,blasphème
ch1_p339_s2_c0,reproche
ch1_p339_s2_c0,nature
ch1_p339_s2_c0,forme
ch1_p339_s2_c0,forme
ch1_p339_s2_c0,scélératesse
ch1_p339_s3_c0,attrait
ch1_p339_s3_c0,plaisir
ch1_p339_s3_c0,douceur
ch1_p339_s3_c0,mort
ch1_p339_s3_c0,défense
ch1_p339_s3_c0,genou
ch1_p339_s3_c0,amie
ch1_p339_s3_c0,front
ch1_p339_s3_c0,fille
ch1_p339_s3_c0,délice
ch1_p339_s3_c0,bout
ch1_p339_s3_c0,cruauté
ch1_p339_s3_c0,vinteuil
ch1_p339_s3_c0,tombeau
ch1_p339_s3_c0,paternité
ch1_p339_s4_c0,amie
ch1_p339_s4_c0,tête
ch1_p339_s4_c0,main
ch1_p339_s4_c0,baiser
ch1_p339_s4_c0,front
ch1_p339_s4_c0,docilité
ch1_p339_s4_c0,affection
ch1_p339_s4_c0,mlle
ch1_p339_s4_c0,vinteuil
ch1_p339_s4_c0,désir
ch1_p339_s4_c0,distraction
ch1_p339_s4_c0,vie
ch1_p339_s4_c0,orphelin
ch1_p340_s0_c0,sais
ch1_p340_s0_c0,envie
ch1_p340_s0_c0,horreur
ch1_p340_s1_c0,portrait
ch1_p341_s0_c0,oreille
ch1_p341_s0_c0,mlle
ch1_p341_s0_c0,vinteuil
ch1_p341_s0_c0,chose
ch1_p343_s2_c0,amie
ch1_p343_s2_c0,brutalité
ch1_p344_s0_c0,mlle
ch1_p344_s0_c0,vinteuil
ch1_p344_s0_c0,air
ch1_p344_s0_c0,gauche
ch1_p344_s0_c0,affairé
ch1_p344_s0_c0,volet
ch1_p344_s0_c0,fenêtre
ch1_p344_s0_c0,souffrance
ch1_p344_s0_c0,vie
ch1_p344_s0_c0,vinteuil
ch1_p344_s0_c0,cause
ch1_p344_s0_c0,fille
ch1_p344_s0_c0,mort
ch1_p344_s0_c0,salaire
ch1_p345_s0_c0,vinteuil
ch1_p345_s0_c0,scène
ch1_p345_s0_c0,foi
ch1_p345_s0_c0,cœur
ch1_p345_s0_c0,fille
ch1_p345_s0_c0,tort
ch1_p345_s1_c1,habitude
ch1_p345_s1_c1,mlle
ch1_p345_s1_c1,vinteuil
ch1_p345_s1_c1,apparence
ch1_p345_s1_c1,mal
ch1_p345_s1_c1,peine
ch1_p345_s1_c1,degré
ch1_p345_s1_c1,perfection
ch1_p345_s1_c1,lumière
ch1_p345_s1_c1,rampe
ch1_p345_s1_c1,théâtre
ch1_p345_s1_c1,boulevard
ch1_p345_s1_c1,lampe
ch1_p345_s1_c1,maison
ch1_p345_s1_c1,campagne
ch1_p345_s1_c1,fille
ch1_p345_s1_c1,amie
ch1_p345_s1_c1,portrait
ch1_p345_s1_c1,père
ch1_p345_s1_c1,sadisme
ch1_p345_s1_c1,fondement
ch1_p345_s1_c1,vie
ch1_p345_s1_c1,esthétique
ch1_p345_s1_c1,mélodrame
ch1_p345_s2_c0,réalité
ch1_p345_s2_c0,cas
ch1_p345_s2_c0,sadisme
ch1_p345_s2_c0,fille
ch1_p345_s2_c0,manquement
ch1_p345_s2_c0,mlle
ch1_p345_s2_c0,vinteuil
ch1_p345_s2_c0,mémoire
ch1_p345_s2_c0,volonté
ch1_p345_s2_c0,père
ch1_p345_s2_c0,acte
ch1_p345_s2_c0,symbolisme
ch1_p345_s2_c0,conduite
ch1_p345_s2_c0,criminel
ch1_p345_s2_c0,oeil
ch1_p345_s2_c0,oeil
ch1_p345_s2_c0,mal
ch1_p345_s3_c0,apparence
ch1_p345_s3_c0,cœur
ch1_p345_s3_c0,mlle
ch1_p345_s3_c0,vinteuil
ch1_p345_s3_c0,mal
ch1_p345_s3_c0,début
ch1_p345_s3_c0,doute
ch1_p345_s3_c0,mélange
ch1_p345_s4_c0,artiste
ch1_p345_s4_c0,mal
ch1_p345_s4_c0,créature
ch1_p345_s4_c0,mal
ch1_p345_s4_c0,vertu
ch1_p345_s4_c0,mémoire
ch1_p345_s4_c0,mort
ch1_p345_s4_c0,tendresse
ch1_p345_s4_c0,filiale
ch1_p345_s4_c0,culte
ch1_p345_s4_c0,plaisir
ch1_p345_s5_c0,sadique
ch1_p345_s5_c0,espèce
ch1_p345_s5_c0,mlle
ch1_p345_s5_c0,vinteuil
ch1_p345_s5_c0,plaisir
ch1_p345_s5_c0,chose
ch1_p345_s5_c0,privilège
ch1_p345_s5_c0,méchant
ch1_p345_s6_c0,moment
ch1_p345_s6_c0,peau
ch1_p345_s6_c0,méchant
ch1_p345_s6_c0,complice
ch1_p345_s6_c0,moment
ch1_p345_s6_c0,illusion
ch1_p345_s6_c0,âme
ch1_p345_s6_c0,monde
ch1_p345_s6_c0,plaisir
ch1_p345_s8_c0,moment
ch1_p345_s8_c0,père
ch1_p345_s8_c0,façon
ch1_p345_s8_c0,professeur
ch1_p345_s8_c0,piano
ch1_p345_s9_c0,photographie
ch1_p345_s9_c0,plaisir
ch1_p345_s9_c0,goûter
ch1_p345_s9_c0,ressemblance
ch1_p345_s9_c0,visage
ch1_p345_s9_c0,oeil
ch1_p345_s9_c0,mère
ch1_p345_s9_c0,bijou
ch1_p345_s9_c0,famille
ch1_p345_s9_c0,geste
ch1_p345_s9_c0,amabilité
ch1_p345_s9_c0,vice
ch1_p345_s9_c0,mlle
ch1_p345_s9_c0,vinteuil
ch1_p345_s9_c0,phraséologie
ch1_p345_s9_c1,mentalité
ch1_p345_s9_c1,chose
ch1_p345_s9_c1,devoir
ch1_p345_s9_c1,politesse
ch1_p345_s9_c1,habitude
ch1_p345_s10_c0,mal
ch1_p345_s10_c0,idée
ch1_p345_s10_c0,plaisir
ch1_p345_s10_c0,plaisir
ch1_p345_s11_c0,fois
ch1_p345_s11_c0,pensée
ch1_p345_s11_c0,temps
ch1_p345_s11_c0,âme
ch1_p345_s11_c0,plaisir
ch1_p345_s11_c0,chose
ch1_p345_s11_c0,mal
ch1_p345_s12_c0,mlle
ch1_p345_s12_c0,vinteuil
ch1_p345_s12_c0,amie
ch1_p345_s12_c0,moment
ch1_p345_s12_c0,propos
ch1_p345_s13_c0,plaisir
ch1_p345_s13_c0,visage
ch1_p345_s13_c0,sourire
ch1_p345_s13_c0,regard
ch1_p345_s13_c0,expression
ch1_p345_s13_c0,bonté
ch1_p345_s13_c0,souffrance
ch1_p345_s13_c0,cruauté
ch1_p345_s13_c0,plaisir
ch1_p345_s14_c0,instant
ch1_p345_s14_c0,jeu
ch1_p345_s14_c0,complice
ch1_p345_s14_c0,fille
ch1_p345_s14_c0,sentiment
ch1_p345_s14_c0,égard
ch1_p345_s14_c0,mémoire
ch1_p345_s14_c0,père
ch1_p345_s15_c0,mal
ch1_p345_s15_c0,état
ch1_p345_s15_c0,monde
ch1_p345_s15_c0,indifférence
ch1_p345_s15_c0,souffrance
ch1_p345_s15_c0,cause
ch1_p345_s15_c0,nom
ch1_p345_s15_c0,forme
ch1_p345_s15_c0,cruauté
ch1_p346_s0_c0,côté
ch1_p346_s0_c0,méséglise
ch1_p346_s0_c0,affaire
ch1_p346_s0_c0,côté
ch1_p346_s0_c0,guermante
ch1_p346_s0_c0,promenade
ch1_p346_s0_c0,temps
ch1_p346_s1_c0,série
ch1_p346_s1_c0,jour
ch1_p346_s1_c0,françoise
ch1_p346_s1_c0,goutte
ch1_p346_s1_c0,eau
ch1_p346_s1_c0,pauvre
ch1_p346_s1_c0,récolte
ch1_p346_s1_c0,nuage
ch1_p346_s1_c0,surface
ch1_p346_s1_c0,ciel
ch1_p346_s1_c0,chien
ch1_p346_s1_c0,mer
ch1_p346_s1_c0,museau
ch1_p346_s3_c0,pauvre
ch1_p346_s3_c0,laboureur
ch1_p346_s4_c0,blé
ch1_p346_s4_c0,pluie
ch1_p346_s4_c0,patapon
ch1_p346_s4_c0,mer
ch1_p346_s4_c0,père
ch1_p346_s4_c0,réponse
ch1_p346_s4_c0,jardinier
ch1_p346_s4_c0,baromètre
ch1_p346_s4_c0,dîner
ch1_p346_s4_c0,temps
ch1_p346_s4_c0,côté
ch1_p346_s4_c0,guermante
ch1_p346_s5_c0,suite
ch1_p346_s5_c0,déjeuner
ch1_p346_s5_c0,porte
ch1_p346_s5_c0,jardin
ch1_p346_s5_c0,rue
ch1_p346_s5_c0,perchamp
ch1_p346_s5_c0,angle
ch1_p346_s5_c0,graminée
ch1_p346_s5_c0,milieu
ch1_p346_s5_c0,guêpe
ch1_p346_s5_c0,journée
ch1_p346_s5_c0,nom
ch1_p346_s5_c0,particularité
ch1_p346_s5_c0,personnalité
ch1_p346_s5_c0,combray
ch1_p346_s5_c0,tracé
ch1_p346_s5_c0,école
ch1_p346_s6_c0,rêverie
ch1_p346_s6_c0,architecte
ch1_p346_s6_c0,élève
ch1_p346_s6_c0,jubé
ch1_p346_s6_c0,renaissance
ch1_p346_s6_c0,autel
ch1_p346_s6_c0,siècle
ch1_p346_s6_c0,trace
ch1_p346_s6_c0,chœur
ch1_p346_s6_c0,roman
ch1_p346_s6_c0,édifice
ch1_p346_s6_c0,état
ch1_p346_s6_c0,siècle
ch1_p346_s6_c0,pierre
ch1_p346_s6_c0,bâtiment
ch1_p346_s6_c0,repercer
ch1_p346_s6_c0,rue
ch1_p346_s6_c0,perchamp
ch1_p346_s7_c0,reconstitution
ch1_p346_s7_c0,donnée
ch1_p346_s7_c0,restaurateur
ch1_p346_s7_c0,image
ch1_p346_s7_c0,mémoire
ch1_p346_s7_c0,anéantie
ch1_p346_s7_c0,combray
ch1_p346_s7_c0,temps
ch1_p346_s7_c0,enfance
ch1_p346_s7_c1,portrait
ch1_p346_s7_c1,effigie
ch1_p346_s7_c1,reproduction
ch1_p346_s7_c1,gravure
ch1_p346_s7_c1,cène
ch1_p346_s7_c1,tableau
ch1_p346_s7_c1,gentile
ch1_p346_s7_c1,bellini
ch1_p346_s7_c1,état
ch1_p346_s7_c1,chef
ch1_p346_s7_c1,œuvre
ch1_p346_s7_c1,vinci
ch1_p346_s7_c1,portail
ch1_p347_s0_c0,rue
ch1_p347_s0_c0,oiseau
ch1_p347_s0_c0,hôtellerie
ch1_p347_s0_c0,oiseau
ch1_p347_s0_c0,cour
ch1_p347_s0_c0,siècle
ch1_p347_s0_c0,carrosse
ch1_p347_s0_c0,duchesse
ch1_p347_s0_c0,montpensier
ch1_p347_s0_c0,guermante
ch1_p347_s0_c0,montmorency
ch1_p347_s0_c0,combray
ch1_p347_s0_c0,contestation
ch1_p347_s0_c0,fermier
ch1_p347_s0_c0,question
ch1_p347_s0_c0,hommage
ch1_p347_s1_c0,mail
ch1_p347_s1_c0,arbre
ch1_p347_s1_c0,clocher
ch1_p347_s2_c0,journée
ch1_p347_s2_c0,cloche
ch1_p347_s2_c0,heure
ch1_p347_s2_c0,calme
ch1_p347_s2_c0,jour
ch1_p347_s2_c0,clocher
ch1_p347_s2_c0,exactitude
ch1_p347_s2_c1,goutte
ch1_p347_s2_c1,chaleur
ch1_p347_s2_c1,moment
ch1_p347_s2_c1,plénitude
ch1_p347_s2_c1,silence
ch1_p348_s0_c0,charme
ch1_p348_s0_c0,côté
ch1_p348_s0_c0,guermante
ch1_p348_s0_c0,temps
ch1_p348_s0_c0,côté
ch1_p348_s0_c0,cours
ch1_p348_s0_c0,vivonne
ch1_p348_s1_c0,fois
ch1_p348_s1_c0,minute
ch1_p348_s1_c0,maison
ch1_p348_s1_c0,passerelle
ch1_p348_s2_c0,lendemain
ch1_p348_s2_c0,arrivée
ch1_p348_s2_c0,jour
ch1_p348_s2_c0,pâques
ch1_p348_s2_c0,sermon
ch1_p348_s2_c0,temps
ch1_p348_s2_c0,désordre
ch1_p348_s2_c0,matin
ch1_p348_s2_c0,fête
ch1_p348_s2_c0,préparatif
ch1_p348_s2_c0,ustensile
ch1_p348_s2_c0,ménage
ch1_p348_s2_c0,rivière
ch1_p348_s2_c0,bleu
ch1_p348_s2_c0,ciel
ch1_p348_s2_c0,terre
ch1_p348_s2_c0,bande
ch1_p348_s2_c0,coucou
ch1_p348_s2_c0,primevère
ch1_p348_s2_c0,avance
ch1_p348_s2_c1,violette
ch1_p348_s2_c1,bec
ch1_p348_s2_c1,bleu
ch1_p348_s2_c1,tige
ch1_p348_s2_c1,poids
ch1_p348_s2_c1,goutte
ch1_p348_s2_c1,odeur
ch1_p348_s2_c1,cornet
ch1_p348_s3_c0,sentier
ch1_p348_s3_c0,halage
ch1_p348_s3_c0,endroit
ch1_p348_s3_c0,feuillage
ch1_p348_s3_c0,noisetier
ch1_p348_s3_c0,pêcheur
ch1_p348_s3_c0,chapeau
ch1_p348_s3_c0,paille
ch1_p348_s3_c0,racine
ch1_p348_s4_c0,combray
ch1_p348_s4_c0,individualité
ch1_p348_s4_c0,maréchal
ch1_p348_s4_c0,garçon
ch1_p348_s4_c0,uniforme
ch1_p348_s4_c0,suisse
ch1_p348_s4_c0,surplis
ch1_p348_s4_c0,enfant
ch1_p348_s4_c0,chœur
ch1_p348_s4_c0,pêcheur
ch1_p348_s4_c0,identité
ch1_p348_s5_c0,parent
ch1_p348_s5_c0,chapeau
ch1_p348_s5_c0,passion
ch1_p348_s5_c0,nom
ch1_p348_s5_c0,signe
ch1_p348_s5_c0,poisson
ch1_p348_s6_c0,sentier
ch1_p348_s6_c0,halage
ch1_p348_s6_c0,courant
ch1_p348_s6_c0,talus
ch1_p348_s6_c0,pied
ch1_p348_s6_c0,côté
ch1_p348_s6_c0,rive
ch1_p348_s6_c0,étendue
ch1_p348_s6_c0,pré
ch1_p348_s6_c0,village
ch1_p348_s6_c0,gare
ch1_p348_s7_c0,reste
ch1_p348_s7_c0,demi
ch1_p348_s7_c0,herbe
ch1_p348_s7_c0,château
ch1_p348_s7_c0,comte
ch1_p348_s7_c0,combray
ch1_p348_s7_c0,moyen
ch1_p348_s7_c0,âge
ch1_p348_s7_c0,côté
ch1_p348_s7_c0,cours
ch1_p348_s7_c0,vivonne
ch1_p348_s7_c0,défense
ch1_p348_s7_c0,attaque
ch1_p348_s7_c0,sire
ch1_p348_s7_c0,guermante
ch1_p348_s7_c0,abbé
ch1_p348_s7_c0,martinville
ch1_p348_s8_c0,fragment
ch1_p348_s8_c0,tour
ch1_p348_s8_c0,prairie
ch1_p348_s8_c0,peine
ch1_p348_s8_c0,créneau
ch1_p348_s8_c0,jadi
ch1_p348_s8_c0,arbalétrier
ch1_p348_s8_c0,pierre
ch1_p348_s8_c0,guetteur
ch1_p348_s8_c0,novepont
ch1_p348_s8_c0,clairefontaine
ch1_p348_s8_c0,bailleau
ch1_p348_s8_c0,exempt
ch1_p348_s8_c0,terre
ch1_p348_s8_c0,guermantes
ch1_p348_s8_c0,combray
ch1_p348_s8_c0,ras
ch1_p348_s8_c0,herbe
ch1_p348_s8_c1,enfant
ch1_p348_s8_c1,école
ch1_p348_s8_c1,frère
ch1_p348_s8_c1,leçon
ch1_p348_s8_c1,récréation
ch1_p348_s8_c1,terre
ch1_p348_s8_c1,bord
ch1_p348_s8_c1,eau
ch1_p348_s8_c1,promeneur
ch1_p348_s8_c1,frais
ch1_p348_s8_c1,nom
ch1_p348_s8_c1,combray
ch1_p348_s8_c1,ville
ch1_p348_s8_c1,cité
ch1_p348_s8_c1,pensée
ch1_p348_s8_c1,visage
ch1_p348_s8_c1,autrefoi
ch1_p348_s8_c1,demi
ch1_p348_s8_c1,bouton
ch1_p348_s9_c0,endroit
ch1_p348_s9_c0,jeu
ch1_p348_s9_c0,herbe
ch1_p348_s9_c0,couple
ch1_p348_s9_c0,troupe
ch1_p348_s9_c0,jaune
ch1_p348_s9_c0,jaune
ch1_p348_s9_c0,œuf
ch1_p348_s9_c0,velléité
ch1_p348_s9_c0,dégustation
ch1_p348_s9_c0,plaisir
ch1_p348_s9_c0,vue
ch1_p348_s9_c0,surface
ch1_p348_s9_c0,beauté
ch1_p348_s9_c0,enfance
ch1_p348_s9_c1,sentier
ch1_p348_s9_c1,halage
ch1_p348_s9_c1,bras
ch1_p348_s9_c1,nom
ch1_p348_s9_c1,prince
ch1_p348_s9_c1,conte
ch1_p348_s9_c1,fée
ch1_p348_s9_c1,siècle
ch1_p348_s9_c1,asie
ch1_p348_s9_c1,village
ch1_p348_s9_c1,horizon
ch1_p348_s9_c1,soleil
ch1_p348_s9_c1,bord
ch1_p348_s9_c1,eau
ch1_p348_s9_c1,vue
ch1_p348_s9_c1,gare
ch1_p348_s9_c1,toile
ch1_p348_s9_c1,simplicité
ch1_p348_s9_c1,éclat
ch1_p348_s9_c1,orient
ch1_p349_s0_c0,carafe
ch1_p349_s0_c0,gamin
ch1_p349_s0_c0,vivonne
ch1_p349_s0_c0,poisson
ch1_p349_s0_c0,rivière
ch1_p349_s0_c0,tour
ch1_p349_s0_c0,fois
ch1_p349_s0_c0,flanc
ch1_p349_s0_c0,eau
ch1_p349_s0_c0,contenu
ch1_p349_s0_c0,cristal
ch1_p349_s0_c0,image
ch1_p349_s0_c0,fraîcheur
ch1_p349_s0_c0,table
ch1_p349_s0_c1,fuite
ch1_p349_s0_c1,allitération
ch1_p349_s0_c1,eau
ch1_p349_s0_c1,consistance
ch1_p349_s0_c1,main
ch1_p349_s0_c1,verre
ch1_p349_s0_c1,fluidité
ch1_p349_s0_c1,palais
ch1_p349_s1_c0,ligne
ch1_p349_s1_c0,pain
ch1_p349_s1_c0,provision
ch1_p349_s1_c0,goûter
ch1_p349_s1_c0,vivonne
ch1_p349_s1_c0,boulette
ch1_p349_s1_c0,phénomène
ch1_p349_s1_c0,sursaturation
ch1_p349_s1_c0,eau
ch1_p349_s1_c0,grappe
ch1_p349_s1_c0,têtard
ch1_p349_s1_c0,inanitié
ch1_p349_s1_c0,doute
ch1_p349_s1_c0,dissolution
ch1_p349_s1_c0,voie
ch1_p349_s1_c0,cristallisation
ch1_p350_s0_c0,cours
ch1_p350_s0_c0,vivonne
ch1_p350_s0_c0,plante
ch1_p350_s0_c0,eau
ch1_p350_s1_c0,nénufar
ch1_p350_s1_c0,courant
ch1_p350_s1_c0,travers
ch1_p350_s1_c0,repos
ch1_p350_s1_c0,bac
ch1_p350_s1_c0,rive
ch1_p350_s1_c0,traversée
ch1_p350_s2_c0,rive
ch1_p350_s2_c0,pédoncule
ch1_p350_s2_c0,limite
ch1_p350_s2_c0,tension
ch1_p350_s2_c0,bord
ch1_p350_s2_c0,courant
ch1_p350_s2_c0,vert
ch1_p350_s2_c0,cordage
ch1_p350_s2_c0,pauvre
ch1_p350_s2_c0,plante
ch1_p350_s2_c0,point
ch1_p350_s2_c0,départ
ch1_p350_s2_c0,répétition
ch1_p350_s2_c0,manœuvre
ch1_p350_s3_c0,promenade
ch1_p350_s3_c0,promenade
ch1_p350_s3_c0,situation
ch1_p350_s3_c0,nombre
ch1_p350_s3_c0,tante
ch1_p350_s3_c0,léonie
ch1_p350_s3_c0,changement
ch1_p350_s3_c0,cours
ch1_p350_s3_c0,année
ch1_p350_s3_c0,spectacle
ch1_p350_s3_c0,habitude
ch1_p350_s3_c0,fois
ch1_p350_s3_c0,veille
ch1_p350_s3_c0,engrenage
ch1_p350_s3_c0,malaise
ch1_p350_s3_c0,manie
ch1_p350_s3_c1,effort
ch1_p350_s3_c1,fonctionnement
ch1_p350_s3_c1,déclic
ch1_p350_s3_c1,diététique
ch1_p350_s4_c0,nénufar
ch1_p350_s4_c0,malheureux
ch1_p350_s4_c0,tourment
ch1_p350_s4_c0,indéfiniment
ch1_p350_s4_c0,éternité
ch1_p350_s4_c0,curiosité
ch1_p350_s4_c0,dante
ch1_p350_s4_c0,particularité
ch1_p350_s4_c0,cause
ch1_p350_s4_c0,supplicié
ch1_p350_s4_c0,virgile
ch1_p350_s4_c0,parent
ch1_p351_s0_c0,courant
ch1_p351_s0_c0,propriété
ch1_p351_s0_c0,accès
ch1_p351_s0_c0,public
ch1_p351_s0_c0,complu
ch1_p351_s0_c0,travail
ch1_p351_s0_c0,horticulture
ch1_p351_s0_c0,étang
ch1_p351_s0_c0,forme
ch1_p351_s0_c0,vivonne
ch1_p351_s0_c0,jardin
ch1_p351_s0_c0,nymphéa
ch1_p351_s1_c0,rive
ch1_p351_s1_c0,endroit
ch1_p351_s1_c0,ombre
ch1_p351_s1_c0,arbre
ch1_p351_s1_c0,eau
ch1_p351_s1_c0,fond
ch1_p351_s1_c0,vert
ch1_p351_s1_c0,soir
ch1_p351_s1_c0,bleu
ch1_p351_s1_c0,violet
ch1_p351_s1_c0,apparence
ch1_p351_s1_c0,goût
ch1_p351_s2_c0,çà
ch1_p351_s2_c0,surface
ch1_p351_s2_c0,fraise
ch1_p351_s2_c0,fleur
ch1_p351_s2_c0,nymphéa
ch1_p351_s2_c0,cœur
ch1_p351_s2_c0,bord
ch1_p351_s3_c0,fleur
ch1_p351_s3_c0,hasard
ch1_p351_s3_c0,enroulement
ch1_p351_s3_c0,dérive
ch1_p351_s3_c0,effeuillement
ch1_p351_s3_c0,fête
ch1_p351_s3_c0,rose
ch1_p351_s3_c0,guirlande
ch1_p351_s4_c0,ailleurs
ch1_p351_s4_c0,coin
ch1_p351_s4_c0,espèce
ch1_p351_s4_c0,blanc
ch1_p351_s4_c0,julienne
ch1_p351_s4_c0,porcelaine
ch1_p351_s4_c0,soin
ch1_p351_s4_c0,plate
ch1_p351_s4_c0,bande
ch1_p351_s4_c0,pensée
ch1_p351_s4_c0,jardin
ch1_p351_s4_c0,papillon
ch1_p351_s4_c0,aile
ch1_p351_s4_c1,obliquité
ch1_p351_s4_c1,parterre
ch1_p351_s4_c1,eau
ch1_p351_s4_c1,parterre
ch1_p351_s4_c1,fleur
ch1_p351_s4_c1,sol
ch1_p351_s4_c1,couleur
ch1_p351_s4_c1,couleur
ch1_p351_s4_c1,fleur
ch1_p351_s4_c1,nymphéa
ch1_p351_s4_c1,kaléidoscope
ch1_p351_s4_c1,bonheur
ch1_p351_s4_c1,soir
ch1_p351_s4_c1,port
ch1_p351_s4_c1,rose
ch1_p351_s4_c1,rêverie
ch1_p351_s4_c1,couchant
ch1_p351_s4_c2,cesse
ch1_p351_s4_c2,accord
ch1_p351_s4_c2,corolle
ch1_p351_s4_c2,teinte
ch1_p351_s4_c2,infini
ch1_p351_s4_c2,heure
ch1_p351_s4_c2,ciel
ch1_p352_s0_c0,parc
ch1_p352_s0_c0,vivonne
ch1_p352_s1_c0,fois
ch1_p352_s1_c0,guise
ch1_p352_s1_c0,rameur
ch1_p352_s1_c0,aviron
ch1_p352_s1_c0,plat
ch1_p352_s1_c0,dos
ch1_p352_s1_c0,tête
ch1_p352_s1_c0,fond
ch1_p352_s1_c0,barque
ch1_p352_s1_c0,dérive
ch1_p352_s1_c0,ciel
ch1_p352_s1_c0,visage
ch1_p352_s1_c0,bonheur
ch1_p352_s1_c0,paix
ch1_p353_s0_c0,iris
ch1_p353_s0_c0,bord
ch1_p353_s0_c0,eau
ch1_p353_s1_c0,ciel
ch1_p353_s1_c0,nuage
ch1_p353_s2_c0,moment
ch1_p353_s2_c0,ennui
ch1_p353_s2_c0,carpe
ch1_p353_s2_c0,eau
ch1_p353_s2_c0,aspiration
ch1_p353_s3_c0,heure
ch1_p353_s3_c0,goûter
ch1_p353_s4_c0,restion
ch1_p353_s4_c0,fruit
ch1_p353_s4_c0,pain
ch1_p353_s4_c0,chocolat
ch1_p353_s4_c0,herbe
ch1_p353_s4_c0,son
ch1_p353_s4_c0,cloche
ch1_p353_s4_c0,air
ch1_p353_s4_c0,palpitation
ch1_p353_s4_c0,ligne
ch1_p353_s4_c0,fleur
ch1_p353_s4_c0,pied
ch1_p354_s0_c0,bord
ch1_p354_s0_c0,eau
ch1_p354_s0_c0,bois
ch1_p354_s0_c0,maison
ch1_p354_s0_c0,plaisance
ch1_p354_s0_c0,monde
ch1_p354_s0_c0,rivière
ch1_p354_s0_c0,pied
ch1_p354_s1_c0,femme
ch1_p354_s1_c0,visage
ch1_p354_s1_c0,voile
ch1_p354_s1_c0,pays
ch1_p354_s1_c0,doute
ch1_p354_s1_c0,expression
ch1_p354_s1_c0,goûter
ch1_p354_s1_c0,plaisir
ch1_p354_s1_c0,nom
ch1_p354_s1_c0,nom
ch1_p354_s1_c0,cœur
ch1_p354_s1_c0,fenêtre
ch1_p354_s1_c0,barque
ch1_p354_s1_c0,porte
ch1_p354_s2_c0,oeil
ch1_p354_s2_c0,arbre
ch1_p354_s2_c0,rive
ch1_p354_s2_c0,voix
ch1_p354_s2_c0,passant
ch1_p354_s2_c0,visage
ch1_p354_s2_c0,infidèle
ch1_p354_s2_c0,passé
ch1_p354_s2_c0,marque
ch1_p354_s2_c0,avenir
ch1_p354_s2_c0,occasion
ch1_p354_s3_c0,renoncement
ch1_p354_s3_c0,lieu
ch1_p354_s4_c0,regardai
ch1_p354_s4_c0,promenade
ch1_p354_s4_c0,chemin
ch1_p354_s4_c0,main
ch1_p354_s4_c0,gant
ch1_p354_s4_c0,grâce
ch1_p355_s0_c0,promenade
ch1_p355_s0_c0,côté
ch1_p355_s0_c0,guermante
ch1_p355_s0_c0,source
ch1_p355_s0_c0,vivonne
ch1_p355_s0_c0,existence
ch1_p355_s0_c0,abstraite
ch1_p355_s0_c0,département
ch1_p355_s0_c0,distance
ch1_p355_s0_c0,combray
ch1_p355_s0_c0,jour
ch1_p355_s0_c0,point
ch1_p355_s0_c0,terre
ch1_p355_s0_c0,antiquité
ch1_p355_s0_c1,entrée
ch1_p355_s0_c1,enfer
ch1_p355_s1_c0,terme
ch1_p355_s1_c0,guermante
ch1_p355_s2_c0,châtelain
ch1_p355_s2_c0,duc
ch1_p355_s2_c0,duchesse
ch1_p355_s2_c0,guermante
ch1_p355_s2_c0,personnage
ch1_p355_s2_c0,fois
ch1_p355_s2_c0,tapisserie
ch1_p355_s2_c0,comtesse
ch1_p355_s2_c0,guermante
ch1_p355_s2_c0,couronnement
ch1_p355_s2_c0,esther
ch1_p355_s2_c0,église
ch1_p355_s2_c1,nuance
ch1_p355_s2_c1,gilbert
ch1_p355_s2_c1,mauvais
ch1_p355_s2_c1,vitrail
ch1_p355_s2_c1,vert
ch1_p355_s2_c1,chou
ch1_p355_s2_c1,bleu
ch1_p355_s2_c1,eau
ch1_p355_s2_c1,chaise
ch1_p355_s2_c1,image
ch1_p355_s2_c1,geneviève
ch1_p355_s2_c1,brabant
ch1_p355_s2_c1,ancêtre
ch1_p355_s2_c1,famille
ch1_p355_s2_c1,guermante
ch1_p355_s2_c1,lanterne
ch1_p355_s2_c1,rideau
ch1_p355_s2_c1,chambre
ch1_p355_s2_c1,plafond
ch1_p355_s2_c2,mystère
ch1_p355_s2_c2,temps
ch1_p355_s2_c2,coucher
ch1_p355_s2_c2,soleil
ch1_p355_s2_c2,lumière
ch1_p355_s2_c2,syllabe
ch1_p355_s3_c0,duc
ch1_p355_s3_c0,duchesse
ch1_p355_s3_c0,être
ch1_p355_s3_c0,revanche
ch1_p355_s3_c0,guermantes
ch1_p355_s3_c0,duc
ch1_p355_s3_c0,duchesse
ch1_p355_s3_c0,côté
ch1_p355_s3_c0,guermantes
ch1_p355_s3_c0,cours
ch1_p355_s3_c0,vivonne
ch1_p355_s3_c0,nymphéa
ch1_p355_s3_c0,arbre
ch1_p355_s4_c0,titre
ch1_p355_s4_c0,duc
ch1_p355_s4_c0,duchesse
ch1_p355_s4_c0,guermante
ch1_p355_s4_c0,siècle
ch1_p355_s4_c0,seigneur
ch1_p355_s4_c0,mariage
ch1_p355_s4_c0,combray
ch1_p355_s4_c0,citoyen
ch1_p355_s4_c0,combray
ch1_p355_s4_c0,conséquent
ch1_p355_s5_c0,comte
ch1_p355_s5_c0,combray
ch1_p355_s5_c0,combray
ch1_p355_s5_c0,milieu
ch1_p355_s5_c0,nom
ch1_p355_s5_c0,doute
ch1_p355_s5_c0,tristesse
ch1_p355_s5_c0,combray
ch1_p355_s5_c0,propriétaire
ch1_p355_s5_c0,ville
ch1_p355_s5_c0,maison
ch1_p355_s5_c0,doute
ch1_p355_s5_c0,rue
ch1_p355_s5_c0,ciel
ch1_p355_s5_c0,terre
ch1_p355_s5_c0,gilbert
ch1_p355_s5_c0,guermante
ch1_p355_s5_c0,vitrail
ch1_p355_s5_c0,abside
ch1_p355_s5_c0,laque
ch1_p355_s5_c1,tête
ch1_p355_s5_c1,sel
ch1_p355_s5_c1,camus
ch1_p356_s0_c0,côté
ch1_p356_s0_c0,guermantes
ch1_p356_s0_c0,enclos
ch1_p356_s0_c0,grappe
ch1_p356_s0_c0,fleur
ch1_p356_s1_c0,notion
ch1_p356_s1_c0,oeil
ch1_p356_s1_c0,fragment
ch1_p356_s1_c0,région
ch1_p356_s1_c0,vue
ch1_p356_s1_c0,écrivain
ch1_p356_s2_c0,sol
ch1_p356_s2_c0,cours
ch1_p356_s2_c0,eau
ch1_p356_s2_c0,guermante
ch1_p356_s2_c0,aspect
ch1_p356_s2_c0,pensée
ch1_p356_s2_c0,docteur
ch1_p356_s2_c0,percepied
ch1_p356_s2_c0,fleur
ch1_p356_s2_c0,eau
ch1_p356_s2_c0,parc
ch1_p356_s2_c0,château
ch1_p356_s3_c0,mme
ch1_p356_s3_c0,guermantes
ch1_p356_s3_c0,éprise
ch1_p356_s3_c0,soudain
ch1_p356_s3_c0,caprice
ch1_p356_s3_c0,jour
ch1_p356_s3_c0,truite
ch1_p356_s4_c0,soir
ch1_p356_s4_c0,main
ch1_p356_s4_c0,jardin
ch1_p356_s4_c0,vassal
ch1_p356_s4_c0,long
ch1_p356_s4_c0,mur
ch1_p356_s4_c0,fleur
ch1_p356_s4_c0,quenouille
ch1_p356_s4_c0,violette
ch1_p356_s4_c0,nom
ch1_p356_s5_c0,sujet
ch1_p356_s5_c0,poème
ch1_p356_s5_c0,intention
ch1_p356_s6_c0,rêve
ch1_p356_s6_c0,jour
ch1_p356_s6_c0,écrivain
ch1_p356_s6_c0,temps
ch1_p356_s7_c0,demandai
ch1_p356_s7_c0,sujet
ch1_p356_s7_c0,signification
ch1_p356_s7_c0,esprit
ch1_p356_s7_c0,vide
ch1_p356_s7_c0,face
ch1_p356_s7_c0,attention
ch1_p356_s7_c0,génie
ch1_p356_s7_c0,maladie
ch1_p356_s8_c0,père
ch1_p356_s9_c0,faveur
ch1_p356_s9_c0,place
ch1_p356_s9_c0,loi
ch1_p356_s9_c0,françoise
ch1_p356_s9_c0,vie
ch1_p356_s9_c0,mort
ch1_p356_s9_c0,an
ch1_p356_s9_c0,maison
ch1_p356_s9_c0,quartier
ch1_p356_s9_c0,travail
ch1_p356_s9_c0,ministre
ch1_p356_s9_c0,fils
ch1_p356_s9_c0,mme
ch1_p356_s9_c0,sazerat
ch1_p356_s9_c0,eau
ch1_p356_s9_c0,autorisation
ch1_p356_s9_c0,baccalauréat
ch1_p356_s9_c0,mois
ch1_p356_s9_c0,avance
ch1_p356_s9_c1,série
ch1_p356_s9_c1,candidat
ch1_p356_s9_c1,nom
ch1_p356_s9_c1,lieu
ch1_p356_s9_c1,tour
ch1_p356_s9_c1,brigand
ch1_p356_s9_c1,père
ch1_p356_s9_c1,intelligence
ch1_p356_s9_c1,puissance
ch1_p356_s9_c1,lettre
ch1_p356_s9_c1,recommandation
ch1_p356_s9_c1,dieu
ch1_p356_s9_c1,maladie
ch1_p356_s9_c1,captivité
ch1_p356_s9_c1,chose
ch1_p356_s9_c1,simulacre
ch1_p356_s9_c1,danger
ch1_p356_s9_c2,heure
ch1_p356_s9_c2,réalité
ch1_p356_s9_c2,heure
ch1_p356_s9_c2,délivrance
ch1_p356_s9_c2,guérison
ch1_p356_s9_c2,absence
ch1_p356_s9_c2,génie
ch1_p356_s9_c2,trou
ch1_p356_s9_c2,esprit
ch1_p356_s9_c2,sujet
ch1_p356_s9_c2,écrit
ch1_p356_s9_c2,illusion
ch1_p356_s9_c2,consistance
ch1_p356_s9_c3,intervention
ch1_p356_s9_c3,père
ch1_p356_s9_c3,gouvernement
ch1_p356_s9_c3,providence
ch1_p356_s9_c3,écrivain
ch1_p356_s9_c3,époque
ch1_p356_s10_c0,fois
ch1_p356_s10_c0,parent
ch1_p356_s10_c0,arrière
ch1_p356_s10_c0,vie
ch1_p356_s10_c0,lieu
ch1_p356_s10_c0,création
ch1_p356_s10_c0,père
ch1_p356_s10_c0,gré
ch1_p356_s10_c0,contraire
ch1_p356_s10_c0,réalité
ch1_p356_s10_c0,recours
ch1_p356_s10_c0,cœur
ch1_p356_s10_c0,allié
ch1_p356_s11_c0,homme
ch1_p356_s11_c0,nombre
ch1_p356_s11_c0,disposition
ch1_p356_s12_c0,littérature
ch1_p356_s12_c0,encouragement
ch1_p356_s12_c0,bloch
ch1_p356_s13_c0,sentiment
ch1_p356_s13_c0,néant
ch1_p356_s13_c0,pensée
ch1_p356_s13_c0,parole
ch1_p356_s13_c0,méchant
ch1_p356_s13_c0,action
ch1_p356_s13_c0,remords
ch1_p356_s13_c0,conscience
ch1_p357_s0_c0,jour
ch1_p357_s0_c0,mère
ch1_p357_s0_c0,mme
ch1_p357_s0_c0,guermante
ch1_p357_s0_c0,docteur
ch1_p357_s0_c0,percepied
ch1_p357_s0_c0,an
ch1_p357_s0_c0,combray
ch1_p357_s0_c0,mariage
ch1_p357_s0_c0,fille
ch1_p357_s1_c0,cérémonie
ch1_p357_s2_c0,docteur
ch1_p357_s2_c0,percepied
ch1_p357_s2_c0,mme
ch1_p357_s2_c0,guermante
ch1_p357_s2_c0,numéro
ch1_p357_s2_c0,revue
ch1_p357_s2_c0,costume
ch1_p357_s2_c0,bal
ch1_p357_s2_c0,princesse
ch1_p357_s2_c0,léon
ch1_p358_s0_c0,coup
ch1_p358_s0_c0,messe
ch1_p358_s0_c0,mariage
ch1_p358_s0_c0,mouvement
ch1_p358_s0_c0,assise
ch1_p358_s0_c0,chapelle
ch1_p358_s0_c0,dame
ch1_p358_s0_c0,nez
ch1_p358_s0_c0,oeil
ch1_p358_s0_c0,cravate
ch1_p358_s0_c0,soie
ch1_p358_s0_c0,mauve
ch1_p358_s0_c0,bouton
ch1_p358_s0_c0,coin
ch1_p358_s0_c0,nez
ch1_p358_s1_c0,surface
ch1_p358_s1_c0,visage
ch1_p358_s1_c0,peine
ch1_p358_s1_c0,parcelle
ch1_p358_s1_c0,analogie
ch1_p358_s1_c0,portrait
ch1_p358_s1_c0,trait
ch1_p358_s1_c0,terme
ch1_p358_s1_c0,nez
ch1_p358_s1_c0,oeil
ch1_p358_s1_c0,docteur
ch1_p358_s1_c0,percepied
ch1_p358_s1_c0,duchesse
ch1_p358_s1_c0,guermante
ch1_p358_s1_c1,dame
ch1_p358_s1_c1,mme
ch1_p358_s1_c1,guermante
ch1_p358_s1_c1,chapelle
ch1_p358_s1_c1,messe
ch1_p358_s1_c1,gilbert
ch1_p358_s1_c1,mauvais
ch1_p358_s1_c1,plate
ch1_p358_s1_c1,tombe
ch1_p358_s1_c1,alvéole
ch1_p358_s1_c1,miel
ch1_p358_s1_c1,comte
ch1_p358_s1_c1,brabant
ch1_p358_s1_c2,famille
ch1_p358_s1_c2,guermante
ch1_p358_s1_c2,membre
ch1_p358_s1_c2,cérémonie
ch1_p358_s1_c2,combray
ch1_p358_s1_c2,femme
ch1_p358_s1_c2,portrait
ch1_p358_s1_c2,mme
ch1_p358_s1_c2,guermante
ch1_p358_s1_c2,jour
ch1_p358_s1_c2,jour
ch1_p358_s1_c2,chapelle
ch1_p358_s2_c0,déception
ch1_p358_s3_c0,garde
ch1_p358_s3_c0,mme
ch1_p358_s3_c0,guermante
ch1_p358_s3_c0,couleur
ch1_p358_s3_c0,tapisserie
ch1_p358_s3_c0,vitrail
ch1_p358_s3_c0,siècle
ch1_p358_s3_c0,matière
ch1_p358_s3_c0,personne
ch1_p358_s4_c0,figure
ch1_p358_s4_c0,cravate
ch1_p358_s4_c0,mme
ch1_p358_s4_c0,sazerat
ch1_p358_s4_c0,ovale
ch1_p358_s4_c0,joue
ch1_p358_s4_c0,personne
ch1_p358_s4_c0,maison
ch1_p358_s4_c0,soupçon
ch1_p358_s4_c0,dame
ch1_p358_s4_c0,principe
ch1_p358_s4_c0,molécule
ch1_p358_s4_c0,duchesse
ch1_p358_s4_c0,guermante
ch1_p358_s4_c0,corps
ch1_p358_s4_c1,nom
ch1_p358_s4_c1,type
ch1_p358_s4_c1,femme
ch1_p358_s4_c1,médecin
ch1_p358_s4_c1,commerçant
ch1_p358_s5_c0,mme
ch1_p358_s5_c0,guermante
ch1_p358_s6_c0,mine
ch1_p358_s6_c0,image
ch1_p358_s6_c0,rapport
ch1_p358_s6_c0,nom
ch1_p358_s6_c0,mme
ch1_p358_s6_c0,guermante
ch1_p358_s6_c0,fois
ch1_p358_s6_c0,songe
ch1_p358_s6_c0,oeil
ch1_p358_s6_c0,fois
ch1_p358_s6_c0,moment
ch1_p358_s6_c0,église
ch1_p358_s6_c0,nature
ch1_p358_s6_c1,volonté
ch1_p358_s6_c1,teinte
ch1_p358_s6_c1,syllabe
ch1_p358_s6_c1,bouton
ch1_p358_s6_c1,coin
ch1_p358_s6_c1,nez
ch1_p358_s6_c1,assujettissement
ch1_p358_s6_c1,loi
ch1_p358_s6_c1,vie
ch1_p358_s6_c1,apothéose
ch1_p358_s6_c1,théâtre
ch1_p358_s6_c1,plissement
ch1_p358_s6_c1,robe
ch1_p358_s6_c1,fée
ch1_p358_s6_c1,tremblement
ch1_p358_s6_c1,doigt
ch1_p358_s6_c1,présence
ch1_p358_s6_c1,acteur
ch1_p358_s6_c2,oeil
ch1_p358_s6_c2,projection
ch1_p359_s0_c0,temps
ch1_p359_s0_c0,image
ch1_p359_s0_c0,nez
ch1_p359_s0_c0,oeil
ch1_p359_s0_c0,vision
ch1_p359_s0_c0,atteinte
ch1_p359_s0_c0,encoche
ch1_p359_s0_c0,moment
ch1_p359_s0_c0,temps
ch1_p359_s0_c0,femme
ch1_p359_s0_c0,mme
ch1_p359_s0_c0,guermante
ch1_p359_s0_c0,image
ch1_p359_s0_c1,idée
ch1_p359_s0_c1,mme
ch1_p359_s0_c1,guermante
ch1_p359_s0_c1,face
ch1_p359_s0_c1,image
ch1_p359_s0_c1,disque
ch1_p359_s0_c1,intervalle
ch1_p359_s1_c0,mme
ch1_p359_s1_c0,guermante
ch1_p359_s1_c0,puissance
ch1_p359_s1_c0,imagination
ch1_p359_s1_c0,moment
ch1_p359_s1_c0,contact
ch1_p359_s1_c0,réalité
ch1_p359_s1_c0,glorieux
ch1_p359_s1_c0,charlemagne
ch1_p359_s1_c0,guermante
ch1_p359_s1_c0,droit
ch1_p359_s1_c0,vie
ch1_p359_s1_c0,mort
ch1_p359_s1_c0,vassal
ch1_p359_s1_c0,duchesse
ch1_p359_s1_c0,guermantes
ch1_p359_s1_c0,geneviève
ch1_p359_s1_c0,brabant
ch1_p359_s2_c0,personne
ch1_p360_s0_c0,indépendance
ch1_p360_s0_c0,regard
ch1_p360_s0_c0,visage
ch1_p360_s0_c0,corde
ch1_p360_s0_c0,mme
ch1_p360_s0_c0,guermantes
ch1_p360_s0_c0,chapelle
ch1_p360_s0_c0,tombe
ch1_p360_s0_c0,mort
ch1_p360_s0_c0,regard
ch1_p360_s0_c0,long
ch1_p360_s0_c0,pilier
ch1_p360_s0_c0,rayon
ch1_p360_s0_c0,soleil
ch1_p360_s0_c0,nef
ch1_p360_s0_c0,rayon
ch1_p360_s0_c0,soleil
ch1_p360_s0_c0,moment
ch1_p360_s0_c0,caresse
ch1_p360_s1_c0,mme
ch1_p360_s1_c0,guermante
ch1_p360_s1_c0,mère
ch1_p360_s1_c0,audace
ch1_p360_s1_c0,entreprise
ch1_p360_s1_c0,enfant
ch1_p360_s1_c0,personne
ch1_p360_s1_c0,désœuvrement
ch1_p360_s1_c0,âme
ch1_p360_s1_c0,vagabondage
ch1_p360_s1_c0,regard
ch1_p361_s0_c0,année
ch1_p361_s0_c0,vue
ch1_p361_s0_c0,oeil
ch1_p361_s0_c0,regard
ch1_p361_s0_c0,réserve
ch1_p361_s0_c0,souvenir
ch1_p361_s0_c0,nez
ch1_p361_s0_c0,joue
ch1_p361_s0_c0,particularité
ch1_p361_s0_c0,renseignement
ch1_p361_s0_c0,visage
ch1_p361_s1_c0,pensée
ch1_p361_s1_c0,forme
ch1_p361_s1_c0,instinct
ch1_p361_s1_c0,conservation
ch1_p361_s1_c0,party
ch1_p361_s1_c0,désir
ch1_p361_s1_c1,duchesse
ch1_p361_s1_c1,guermante
ch1_p361_s1_c1,humanité
ch1_p361_s1_c1,vue
ch1_p361_s1_c1,corps
ch1_p361_s1_c1,instant
ch1_p361_s1_c1,mme
ch1_p361_s1_c1,sazerat
ch1_p361_s1_c1,mlle
ch1_p361_s1_c1,vinteuil
ch1_p361_s2_c0,regard
ch1_p361_s2_c0,cheveu
ch1_p361_s2_c0,oeil
ch1_p361_s2_c0,attache
ch1_p361_s2_c0,cou
ch1_p361_s2_c0,trait
ch1_p361_s2_c0,visage
ch1_p361_s2_c0,croquis
ch1_p361_s3_c0,noblesse
ch1_p361_s4_c0,descendant
ch1_p361_s4_c0,geneviève
ch1_p361_s4_c0,brabant
ch1_p361_s5_c0,attention
ch1_p361_s5_c0,visage
ch1_p361_s5_c0,cérémonie
ch1_p361_s5_c0,personne
ch1_p361_s5_c0,suisse
ch1_p361_s5_c0,dame
ch1_p361_s5_c0,mme
ch1_p361_s5_c0,guermante
ch1_p361_s6_c0,moment
ch1_p361_s6_c0,défilé
ch1_p361_s6_c0,sacristie
ch1_p361_s6_c0,soleil
ch1_p361_s6_c0,jour
ch1_p361_s6_c0,vent
ch1_p361_s6_c0,orage
ch1_p361_s6_c0,mme
ch1_p361_s6_c0,guermante
ch1_p361_s6_c0,milieu
ch1_p361_s6_c0,combray
ch1_p361_s6_c0,nom
ch1_p361_s6_c1,infériorité
ch1_p361_s6_c1,suprématie
ch1_p361_s6_c1,sincère
ch1_p361_s6_c1,force
ch1_p361_s6_c1,grâce
ch1_p361_s6_c1,simplicité
ch1_p361_s7_c0,regard
ch1_p361_s7_c0,chargé
ch1_p361_s7_c0,signification
ch1_p361_s7_c0,pensée
ch1_p361_s7_c0,flot
ch1_p361_s7_c0,lumière
ch1_p361_s7_c0,passage
ch1_p361_s7_c0,moment
ch1_p361_s8_c0,cravate
ch1_p361_s8_c0,mauve
ch1_p361_s8_c0,étonnement
ch1_p361_s8_c0,oeil
ch1_p361_s8_c0,part
ch1_p361_s8_c0,sourire
ch1_p361_s8_c0,suzerain
ch1_p361_s8_c0,air
ch1_p361_s8_c0,vassal
ch1_p361_s9_c0,sourire
ch1_p361_s9_c0,oeil
ch1_p361_s10_c0,regard
ch1_p361_s10_c0,messe
ch1_p361_s10_c0,rayon
ch1_p361_s10_c0,soleil
ch1_p361_s10_c0,vitrail
ch1_p361_s10_c0,gilbert
ch1_p361_s10_c0,mauvais
ch1_p361_s10_c0,doute
ch1_p361_s10_c0,attention
ch1_p361_s11_c0,église
ch1_p361_s11_c0,cause
ch1_p361_s11_c0,soir
ch1_p361_s11_c0,guermante
ch1_p361_s12_c0,aimai
ch1_p361_s12_c0,femme
ch1_p361_s12_c0,mépris
ch1_p361_s12_c0,mlle
ch1_p361_s12_c0,swann
ch1_p361_s12_c0,bonté
ch1_p361_s12_c0,mme
ch1_p361_s12_c0,guermante
ch1_p361_s13_c0,oeil
ch1_p361_s13_c0,bleuissaient
ch1_p361_s13_c0,pervenche
ch1_p361_s13_c0,soleil
ch1_p361_s13_c0,nuage
ch1_p361_s13_c0,force
ch1_p361_s13_c0,place
ch1_p361_s13_c0,sacristie
ch1_p361_s13_c0,carnation
ch1_p361_s13_c0,géranium
ch1_p361_s13_c0,tapis
ch1_p361_s13_c0,terre
ch1_p361_s13_c0,solennité
ch1_p361_s13_c0,mme
ch1_p361_s13_c0,guermante
ch1_p361_s13_c0,lainage
ch1_p361_s13_c0,velouté
ch1_p361_s13_c0,épiderme
ch1_p361_s13_c0,lumière
ch1_p361_s13_c1,sorte
ch1_p361_s13_c1,tendresse
ch1_p361_s13_c1,pompe
ch1_p361_s13_c1,joie
ch1_p361_s13_c1,page
ch1_p361_s13_c1,lohengrin
ch1_p361_s13_c1,peinture
ch1_p361_s13_c1,carpaccio
ch1_p361_s13_c1,baudelaire
ch1_p361_s13_c1,trompette
ch1_p361_s13_c1,épithète
ch1_p361_s13_c1,délicieu
ch1_p362_s0_c0,jour
ch1_p362_s0_c0,promenade
ch1_p362_s0_c0,côté
ch1_p362_s0_c0,guermante
ch1_p362_s0_c0,disposition
ch1_p362_s0_c0,lettre
ch1_p362_s0_c0,écrivain
ch1_p362_s1_c0,regret
ch1_p362_s1_c0,écart
ch1_p362_s1_c0,sorte
ch1_p362_s1_c0,inhibition
ch1_p362_s1_c0,douleur
ch1_p362_s1_c0,esprit
ch1_p362_s1_c0,roman
ch1_p362_s1_c0,avenir
ch1_p362_s1_c0,manque
ch1_p362_s1_c0,talent
ch1_p362_s2_c0,préoccupation
ch1_p362_s2_c0,coup
ch1_p362_s2_c0,toit
ch1_p362_s2_c0,reflet
ch1_p362_s2_c0,soleil
ch1_p362_s2_c0,pierre
ch1_p362_s2_c0,odeur
ch1_p362_s2_c0,chemin
ch1_p362_s2_c0,plaisir
ch1_p362_s2_c0,air
ch1_p362_s2_c0,chose
ch1_p362_s2_c0,effort
ch1_p362_s3_c0,pensée
ch1_p362_s3_c0,image
ch1_p362_s3_c0,odeur
ch1_p362_s4_c0,route
ch1_p362_s4_c0,oeil
ch1_p362_s4_c0,ligne
ch1_p362_s4_c0,toit
ch1_p362_s4_c0,nuance
ch1_p362_s4_c0,pierre
ch1_p362_s4_c0,couvercle
ch1_p362_s5_c0,impression
ch1_p362_s5_c0,genre
ch1_p362_s5_c0,espérance
ch1_p362_s5_c0,jour
ch1_p362_s5_c0,objet
ch1_p362_s5_c0,valeur
ch1_p362_s5_c0,vérité
ch1_p362_s6_c0,plaisir
ch1_p362_s6_c0,illusion
ch1_p362_s6_c0,sorte
ch1_p362_s6_c0,fécondité
ch1_p362_s6_c0,ennui
ch1_p362_s6_c0,sentiment
ch1_p362_s6_c0,impuissance
ch1_p362_s6_c0,fois
ch1_p362_s6_c0,sujet
ch1_p362_s6_c0,œuvre
ch1_p362_s7_c0,devoir
ch1_p362_s7_c0,conscience
ch1_p362_s7_c0,impression
ch1_p362_s7_c0,forme
ch1_p362_s7_c0,parfum
ch1_p362_s7_c0,couleur
ch1_p362_s7_c0,excuse
ch1_p362_s7_c0,effort
ch1_p362_s7_c0,fatigue
ch1_p362_s8_c0,bonheur
ch1_p362_s8_c0,parent
ch1_p362_s8_c0,tranquillité
ch1_p362_s8_c0,recherche
ch1_p362_s8_c0,avance
ch1_p362_s8_c0,résultat
ch1_p362_s9_c0,chose
ch1_p362_s9_c0,forme
ch1_p362_s9_c0,parfum
ch1_p362_s9_c0,maison
ch1_p362_s9_c0,revêtement
ch1_p362_s9_c0,image
ch1_p362_s9_c0,poisson
ch1_p362_s9_c0,jour
ch1_p362_s9_c0,pêche
ch1_p362_s9_c0,panier
ch1_p362_s9_c0,couche
ch1_p362_s9_c0,herbe
ch1_p362_s9_c0,fraîcheur
ch1_p362_s10_c0,fois
ch1_p362_s10_c0,maison
ch1_p362_s10_c0,chose
ch1_p362_s10_c0,esprit
ch1_p362_s10_c0,chambre
ch1_p362_s10_c0,fleur
ch1_p362_s10_c0,promenade
ch1_p362_s10_c0,objet
ch1_p362_s10_c0,pierre
ch1_p362_s10_c0,reflet
ch1_p362_s10_c0,toit
ch1_p362_s10_c0,cloche
ch1_p362_s10_c0,odeur
ch1_p362_s10_c0,feuille
ch1_p362_s10_c0,image
ch1_p362_s10_c0,réalité
ch1_p362_s10_c0,volonté
ch1_p362_s11_c0,fois
ch1_p362_s11_c0,promenade
ch1_p362_s11_c0,durée
ch1_p362_s11_c0,docteur
ch1_p362_s11_c0,percepied
ch1_p362_s11_c0,voiture
ch1_p362_s11_c0,bride
ch1_p362_s11_c0,impression
ch1_p362_s11_c0,genre
ch1_p362_s12_c0,cocher
ch1_p362_s12_c0,vent
ch1_p362_s12_c0,docteur
ch1_p362_s12_c0,combray
ch1_p362_s12_c0,malade
ch1_p362_s12_c0,porte
ch1_p362_s12_c0,attendrion
ch1_p362_s13_c0,tournant
ch1_p362_s13_c0,chemin
ch1_p362_s13_c0,coup
ch1_p362_s13_c0,plaisir
ch1_p362_s13_c0,clocher
ch1_p362_s13_c0,martinville
ch1_p362_s13_c0,soleil
ch1_p362_s13_c0,mouvement
ch1_p362_s13_c0,voiture
ch1_p362_s13_c0,lacet
ch1_p362_s13_c0,chemin
ch1_p362_s13_c0,air
ch1_p362_s13_c0,place
ch1_p362_s13_c0,vieuxvicq
ch1_p362_s13_c0,colline
ch1_p362_s13_c0,vallée
ch1_p362_s13_c0,plateau
ch1_p363_s0_c0,forme
ch1_p363_s0_c0,flèche
ch1_p363_s0_c0,déplacement
ch1_p363_s0_c0,ligne
ch1_p363_s0_c0,ensoleillement
ch1_p363_s0_c0,surface
ch1_p363_s0_c0,bout
ch1_p363_s0_c0,impression
ch1_p363_s0_c0,chose
ch1_p363_s0_c0,mouvement
ch1_p363_s0_c0,clarté
ch1_p363_s0_c0,chose
ch1_p363_s0_c0,fois
ch1_p364_s0_c0,clocher
ch1_p364_s0_c0,air
ch1_p364_s0_c0,instant
ch1_p364_s0_c0,église
ch1_p364_s0_c0,martinville
ch1_p364_s1_c0,raison
ch1_p364_s1_c0,plaisir
ch1_p364_s1_c0,horizon
ch1_p364_s1_c0,obligation
ch1_p364_s1_c0,raison
ch1_p364_s1_c0,envie
ch1_p364_s1_c0,réserve
ch1_p364_s1_c0,tête
ch1_p364_s1_c0,ligne
ch1_p364_s1_c0,soleil
ch1_p364_s2_c0,clocher
ch1_p364_s2_c0,arbre
ch1_p364_s2_c0,toit
ch1_p364_s2_c0,parfum
ch1_p364_s2_c0,son
ch1_p364_s2_c0,cause
ch1_p364_s2_c0,plaisir
ch1_p364_s3_c0,parent
ch1_p364_s3_c0,docteur
ch1_p364_s4_c0,place
ch1_p364_s4_c0,siège
ch1_p364_s4_c0,tête
ch1_p364_s4_c0,clocher
ch1_p364_s4_c0,fois
ch1_p364_s4_c0,tournant
ch1_p364_s4_c0,chemin
ch1_p364_s5_c0,cocher
ch1_p364_s5_c0,peine
ch1_p364_s5_c0,propos
ch1_p364_s5_c0,force
ch1_p364_s5_c0,faute
ch1_p364_s5_c0,compagnie
ch1_p364_s5_c0,clocher
ch1_p364_s6_c0,ligne
ch1_p364_s6_c0,surface
ch1_p364_s6_c0,sorte
ch1_p364_s6_c0,écorce
ch1_p364_s6_c0,pensée
ch1_p364_s6_c0,instant
ch1_p364_s6_c0,mot
ch1_p364_s6_c0,tête
ch1_p364_s6_c0,plaisir
ch1_p364_s6_c0,heure
ch1_p364_s6_c0,vue
ch1_p364_s6_c0,sorte
ch1_p364_s6_c0,ivresse
ch1_p364_s6_c0,chose
ch1_p364_s7_c0,moment
ch1_p364_s7_c0,martinville
ch1_p364_s7_c0,tournant
ch1_p364_s7_c0,tête
ch1_p364_s7_c0,aperçu
ch1_p364_s7_c0,fois
ch1_p364_s7_c0,soleil
ch1_p364_s8_c0,moment
ch1_p364_s8_c0,tournant
ch1_p364_s8_c0,chemin
ch1_p364_s8_c0,fois
ch1_p364_s8_c0,vis
ch1_p365_s0_c0,clocher
ch1_p365_s0_c0,martinville
ch1_p365_s0_c0,chose
ch1_p365_s0_c0,phrase
ch1_p365_s0_c0,forme
ch1_p365_s0_c0,mot
ch1_p365_s0_c0,plaisir
ch1_p365_s0_c0,crayon
ch1_p365_s0_c0,papier
ch1_p365_s0_c0,docteur
ch1_p365_s0_c0,cahot
ch1_p365_s0_c0,voiture
ch1_p365_s0_c0,conscience
ch1_p365_s0_c0,enthousiasme
ch1_p365_s0_c0,morceau
ch1_p365_s0_c0,changement
ch1_p366_s0_c0,niveau
ch1_p366_s0_c0,plaine
ch1_p366_s0_c0,campagne
ch1_p366_s0_c0,ciel
ch1_p366_s0_c0,clocher
ch1_p366_s0_c0,martinville
ch1_p366_s1_c0,face
ch1_p366_s1_c0,volte
ch1_p366_s1_c0,clocher
ch1_p366_s1_c0,vieuxvicq
ch1_p366_s2_c0,minute
ch1_p366_s2_c0,clocher
ch1_p366_s2_c0,oiseau
ch1_p366_s2_c0,plaine
ch1_p366_s2_c0,immobile
ch1_p366_s2_c0,soleil
ch1_p366_s3_c0,clocher
ch1_p366_s3_c0,vieuxvicq
ch1_p366_s3_c0,distance
ch1_p366_s3_c0,clocher
ch1_p366_s3_c0,martinville
ch1_p366_s3_c0,lumière
ch1_p366_s3_c0,couchant
ch1_p366_s3_c0,distance
ch1_p366_s3_c0,pente
ch1_p366_s4_c0,temps
ch1_p366_s4_c0,coup
ch1_p366_s4_c0,voiture
ch1_p366_s4_c0,pied
ch1_p366_s4_c0,temps
ch1_p366_s4_c0,porche
ch1_p366_s5_c0,route
ch1_p366_s5_c0,martinville
ch1_p366_s5_c0,temps
ch1_p366_s5_c0,village
ch1_p366_s5_c0,seconde
ch1_p366_s5_c0,horizon
ch1_p366_s5_c0,clocher
ch1_p366_s5_c0,vieuxvicq
ch1_p366_s5_c0,signe
ch1_p366_s5_c0,adieu
ch1_p366_s5_c0,cime
ch1_p366_s6_c0,instant
ch1_p366_s6_c0,route
ch1_p366_s6_c0,direction
ch1_p366_s6_c0,lumière
ch1_p366_s6_c0,pivot
ch1_p366_s6_c0,oeil
ch1_p366_s7_c0,combray
ch1_p366_s7_c0,soleil
ch1_p366_s7_c0,fois
ch1_p366_s7_c0,fleur
ch1_p366_s7_c0,ciel
ch1_p366_s7_c0,ligne
ch1_p366_s7_c0,champ
ch1_p366_s8_c0,fille
ch1_p366_s8_c0,légende
ch1_p366_s8_c0,solitude
ch1_p366_s8_c0,obscurité
ch1_p366_s8_c0,galop
ch1_p366_s8_c0,vis
ch1_p366_s8_c0,chemin
ch1_p366_s8_c0,trébuchement
ch1_p366_s8_c0,silhouette
ch1_p366_s8_c0,ciel
ch1_p366_s8_c0,forme
ch1_p366_s8_c1,nuit
ch1_p366_s9_c0,page
ch1_p366_s9_c0,moment
ch1_p366_s9_c0,coin
ch1_p366_s9_c0,siège
ch1_p366_s9_c0,docteur
ch1_p366_s9_c0,panier
ch1_p366_s9_c0,volaille
ch1_p366_s9_c0,marché
ch1_p366_s9_c0,martinville
ch1_p366_s9_c0,clocher
ch1_p366_s9_c0,poule
ch1_p366_s9_c0,œuf
ch1_p366_s9_c1,tue
ch1_p366_s9_c1,tête
ch1_p367_s0_c0,journée
ch1_p367_s0_c0,promenade
ch1_p367_s0_c0,plaisir
ch1_p367_s0_c0,ami
ch1_p367_s0_c0,duchesse
ch1_p367_s0_c0,guermante
ch1_p367_s0_c0,truite
ch1_p367_s0_c0,barque
ch1_p367_s0_c0,vivonne
ch1_p367_s0_c0,bonheur
ch1_p367_s0_c0,moment
ch1_p367_s0_c0,vie
ch1_p367_s0_c0,suite
ch1_p367_s1_c0,chemin
ch1_p367_s1_c0,gauche
ch1_p367_s1_c0,contraire
ch1_p367_s1_c0,combray
ch1_p367_s1_c0,allée
ch1_p367_s1_c0,chêne
ch1_p367_s1_c0,côté
ch1_p367_s1_c0,pré
ch1_p367_s1_c0,intervalle
ch1_p367_s1_c0,pommier
ch1_p367_s1_c0,soleil
ch1_p367_s1_c0,dessin
ch1_p367_s1_c0,ombre
ch1_p367_s1_c1,cœur
ch1_p367_s1_c1,jour
ch1_p367_s1_c1,côté
ch1_p367_s1_c1,guermante
ch1_p367_s1_c1,dîner
ch1_p367_s1_c1,soupe
ch1_p367_s1_c1,prise
ch1_p367_s1_c1,sorte
ch1_p367_s1_c1,mère
ch1_p367_s1_c1,retenue
ch1_p367_s1_c1,table
ch1_p367_s1_c1,monde
ch1_p367_s1_c1,dîner
ch1_p367_s1_c1,lit
ch1_p367_s2_c0,zone
ch1_p367_s2_c0,tristesse
ch1_p367_s2_c0,zone
ch1_p367_s2_c0,joie
ch1_p367_s2_c0,moment
ch1_p367_s2_c0,ciel
ch1_p367_s2_c0,bande
ch1_p367_s2_c0,ligne
ch1_p367_s2_c0,bande
ch1_p367_s2_c0,bande
ch1_p367_s3_c0,oiseau
ch1_p367_s3_c0,rose
ch1_p367_s3_c0,fin
ch1_p367_s3_c0,noir
ch1_p367_s4_c0,désir
ch1_p367_s4_c0,heure
ch1_p367_s4_c0,guermante
ch1_p367_s4_c0,accomplissement
ch1_p367_s4_c0,plaisir
ch1_p367_s5_c0,nuit
ch1_p367_s5_c0,bras
ch1_p367_s5_c0,maman
ch1_p367_s6_c0,oeil
ch1_p367_s6_c0,visage
ch1_p367_s6_c0,mère
ch1_p367_s6_c0,soir
ch1_p367_s6_c0,chambre
ch1_p367_s6_c0,pensée
ch1_p367_s7_c0,état
ch1_p367_s7_c0,lendemain
ch1_p367_s7_c0,rayon
ch1_p367_s7_c0,matin
ch1_p367_s7_c0,jardinier
ch1_p367_s7_c0,barreau
ch1_p367_s7_c0,mur
ch1_p367_s7_c0,capucine
ch1_p367_s7_c0,fenêtre
ch1_p367_s7_c0,lit
ch1_p367_s7_c0,jardin
ch1_p367_s7_c0,soir
ch1_p367_s7_c0,heure
ch1_p367_s7_c0,mère
ch1_p367_s8_c0,sorte
ch1_p367_s8_c0,côté
ch1_p367_s8_c0,guermante
ch1_p367_s8_c0,état
ch1_p367_s8_c0,période
ch1_p367_s8_c0,journée
ch1_p367_s8_c0,revenant
ch1_p367_s8_c0,ponctualité
ch1_p367_s8_c0,fièvre
ch1_p367_s8_c0,moyen
ch1_p367_s8_c0,communication
ch1_p368_s0_c0,côté
ch1_p368_s0_c0,méséglise
ch1_p368_s0_c0,côté
ch1_p368_s0_c0,guermante
ch1_p368_s0_c0,événement
ch1_p368_s0_c0,vie
ch1_p368_s0_c0,péripétie
ch1_p368_s0_c0,épisode
ch1_p368_s0_c0,vie
ch1_p368_s1_c0,doute
ch1_p368_s1_c0,vérité
ch1_p368_s1_c0,sens
ch1_p368_s1_c0,aspect
ch1_p368_s1_c0,chemin
ch1_p368_s1_c0,préparion
ch1_p368_s1_c0,découverte
ch1_p368_s1_c0,savoir
ch1_p368_s1_c0,jour
ch1_p368_s1_c0,minute
ch1_p368_s2_c0,fleur
ch1_p368_s2_c0,herbe
ch1_p368_s2_c0,eau
ch1_p368_s2_c0,soleil
ch1_p368_s2_c0,paysage
ch1_p368_s2_c0,environner
ch1_p368_s2_c0,apparition
ch1_p368_s2_c0,souvenir
ch1_p368_s2_c0,visage
ch1_p368_s2_c0,humble
ch1_p368_s2_c0,enfant
ch1_p368_s2_c0,roi
ch1_p368_s2_c0,mémorialiste
ch1_p368_s2_c0,foule
ch1_p368_s2_c0,coin
ch1_p368_s2_c0,nature
ch1_p368_s2_c1,bout
ch1_p368_s2_c1,jardin
ch1_p368_s2_c1,grâce
ch1_p368_s2_c1,particularité
ch1_p368_s2_c1,parfum
ch1_p368_s2_c1,aubépine
ch1_p368_s2_c1,long
ch1_p368_s2_c1,haie
ch1_p368_s2_c1,églantier
ch1_p368_s2_c1,bruit
ch1_p368_s2_c1,écho
ch1_p368_s2_c1,gravier
ch1_p368_s2_c1,allée
ch1_p368_s2_c1,bulle
ch1_p368_s2_c1,plante
ch1_p368_s2_c1,eau
ch1_p368_s2_c1,rivière
ch1_p368_s2_c2,exaltation
ch1_p368_s2_c2,année
ch1_p368_s2_c2,chemin
ch1_p368_s2_c2,mort
ch1_p368_s2_c2,souvenir
ch1_p368_s3_c0,morceau
ch1_p368_s3_c0,paysage
ch1_p368_s3_c0,flotte
ch1_p368_s3_c0,pensée
ch1_p368_s3_c0,délo
ch1_p368_s3_c0,fleurie
ch1_p368_s3_c0,pays
ch1_p368_s3_c0,temps
ch1_p368_s3_c0,rêve
ch1_p368_s4_c0,gisement
ch1_p368_s4_c0,sol
ch1_p368_s4_c0,terrain
ch1_p368_s4_c0,résistant
ch1_p368_s4_c0,côté
ch1_p368_s4_c0,méséglise
ch1_p368_s4_c0,côté
ch1_p368_s4_c0,guermante
ch1_p368_s5_c0,chose
ch1_p368_s5_c0,être
ch1_p368_s5_c0,parcourai
ch1_p368_s5_c0,chose
ch1_p368_s5_c0,être
ch1_p368_s5_c0,sérieux
ch1_p368_s5_c0,joie
ch1_p368_s6_c0,foi
ch1_p368_s6_c0,réalité
ch1_p368_s6_c0,mémoire
ch1_p368_s6_c0,fleur
ch1_p368_s6_c0,fois
ch1_p368_s6_c0,fleur
ch1_p368_s7_c0,côté
ch1_p368_s7_c0,méséglise
ch1_p368_s7_c0,lilas
ch1_p368_s7_c0,aubépine
ch1_p368_s7_c0,bluet
ch1_p368_s7_c0,coquelicot
ch1_p368_s7_c0,pommier
ch1_p368_s7_c0,côté
ch1_p368_s7_c0,guermante
ch1_p368_s7_c0,rivière
ch1_p368_s7_c0,têtard
ch1_p368_s7_c0,nymphéa
ch1_p368_s7_c0,bouton
ch1_p368_s7_c0,figure
ch1_p368_s7_c0,pays
ch1_p368_s7_c0,pêche
ch1_p368_s7_c0,canot
ch1_p368_s7_c0,ruine
ch1_p368_s7_c0,fortification
ch1_p368_s7_c0,milieu
ch1_p368_s7_c0,blé
ch1_p368_s7_c1,église
ch1_p368_s7_c1,meule
ch1_p368_s7_c1,bluet
ch1_p368_s7_c1,aubépine
ch1_p368_s7_c1,pommier
ch1_p368_s7_c1,voyage
ch1_p368_s7_c1,champ
ch1_p368_s7_c1,profondeur
ch1_p368_s7_c1,niveau
ch1_p368_s7_c1,passé
ch1_p368_s7_c1,communication
ch1_p368_s7_c1,cœur
ch1_p368_s8_c0,chose
ch1_p368_s8_c0,individuel
ch1_p368_s8_c0,lieu
ch1_p368_s8_c0,désir
ch1_p368_s8_c0,côté
ch1_p368_s8_c0,guermante
ch1_p368_s8_c0,bord
ch1_p368_s8_c0,rivière
ch1_p368_s8_c0,nymphéa
ch1_p368_s8_c0,vivonne
ch1_p368_s8_c0,soir
ch1_p368_s8_c0,heure
ch1_p368_s8_c0,angoisse
ch1_p368_s8_c0,amour
ch1_p368_s8_c1,mère
ch1_p368_s9_c0,paix
ch1_p368_s9_c0,trouble
ch1_p368_s9_c0,maîtresse
ch1_p368_s9_c0,doute
ch1_p368_s9_c0,moment
ch1_p368_s9_c0,cœur
ch1_p368_s9_c0,baiser
ch1_p368_s9_c0,mère
ch1_p368_s9_c0,réserve
ch1_p368_s9_c0,reliquat
ch1_p368_s9_c0,intention
ch1_p368_s9_c1,inclinât
ch1_p368_s9_c1,visage
ch1_p368_s9_c1,œil
ch1_p368_s9_c1,chose
ch1_p368_s9_c1,défaut
ch1_p368_s9_c1,côté
ch1_p368_s9_c1,guermante
ch1_p368_s9_c1,entrée
ch1_p368_s9_c1,allée
ch1_p368_s9_c1,chêne
ch1_p368_s9_c1,prairie
ch1_p368_s9_c2,soleil
ch1_p368_s9_c2,mare
ch1_p368_s9_c2,feuille
ch1_p368_s9_c2,pommier
ch1_p368_s9_c2,paysage
ch1_p368_s9_c2,nuit
ch1_p368_s9_c2,rêve
ch1_p368_s9_c2,individualité
ch1_p368_s9_c2,puissance
ch1_p368_s9_c2,réveil
ch1_p368_s10_c0,doute
ch1_p368_s10_c0,indissolublement
ch1_p368_s10_c0,uni
ch1_p368_s10_c0,impression
ch1_p368_s10_c0,temps
ch1_p368_s10_c0,côté
ch1_p368_s10_c0,méséglise
ch1_p368_s10_c0,côté
ch1_p368_s10_c0,guermante
ch1_p368_s10_c0,exposé
ch1_p368_s10_c0,avenir
ch1_p368_s10_c0,déception
ch1_p368_s10_c0,faute
ch1_p368_s11_c0,haie
ch1_p368_s11_c0,aubépine
ch1_p368_s11_c0,regain
ch1_p368_s11_c0,affection
ch1_p368_s11_c0,désir
ch1_p368_s11_c0,voyage
ch1_p368_s12_c0,impression
ch1_p368_s12_c0,assise
ch1_p368_s12_c0,profondeur
ch1_p368_s12_c0,dimension
ch1_p368_s13_c0,charme
ch1_p368_s13_c0,signification
ch1_p368_s14_c0,soir
ch1_p368_s14_c0,ciel
ch1_p368_s14_c0,bête
ch1_p368_s14_c0,orage
ch1_p368_s14_c0,côté
ch1_p368_s14_c0,méséglise
ch1_p368_s14_c0,extase
ch1_p368_s14_c0,travers
ch1_p368_s14_c0,bruit
ch1_p368_s14_c0,pluie
ch1_p368_s14_c0,odeur
ch1_p370_s0_c0,matin
ch1_p370_s0_c0,temps
ch1_p370_s0_c0,combray
ch1_p370_s0_c0,soirée
ch1_p370_s0_c0,sommeil
ch1_p370_s0_c0,jour
ch1_p370_s0_c0,image
ch1_p370_s0_c0,saveur
ch1_p370_s0_c0,combray
ch1_p370_s0_c0,parfum
ch1_p370_s0_c0,tasse
ch1_p370_s0_c0,thé
ch1_p370_s0_c0,association
ch1_p370_s0_c0,souvenir
ch1_p370_s0_c0,année
ch1_p370_s0_c0,ville
ch1_p370_s0_c0,sujet
ch1_p370_s0_c0,amour
ch1_p370_s0_c0,swann
ch1_p370_s0_c0,naissance
ch1_p370_s0_c1,précision
ch1_p370_s0_c1,détail
ch1_p370_s0_c1,vie
ch1_p370_s0_c1,personne
ch1_p370_s0_c1,siècle
ch1_p370_s0_c1,ami
ch1_p370_s0_c1,ville
ch1_p370_s0_c1,biais
ch1_p370_s0_c1,impossibilité
ch1_p370_s1_c0,souvenir
ch1_p370_s1_c0,masse
ch1_p370_s1_c0,parfum
ch1_p370_s1_c0,souvenir
ch1_p370_s1_c0,fissure
ch1_p370_s1_c0,faille
ch1_p370_s1_c0,veinure
ch1_p370_s1_c0,bigarrure
ch1_p370_s1_c0,coloration
ch1_p370_s1_c0,roche
ch1_p370_s1_c0,marbre
ch1_p370_s1_c0,différence
ch1_p370_s1_c0,origine
ch1_p370_s1_c1,âge
ch1_p370_s1_c1,formation
ch1_p371_s0_c0,matin
ch1_p371_s0_c0,incertitude
ch1_p371_s0_c0,réveil
ch1_p371_s1_c0,chambre
ch1_p371_s1_c0,obscurité
ch1_p371_s1_c0,mémoire
ch1_p371_s1_c0,indication
ch1_p371_s1_c0,lueur
ch1_p371_s1_c0,pied
ch1_p371_s1_c0,rideau
ch1_p371_s1_c0,croisée
ch1_p371_s1_c0,architecte
ch1_p371_s1_c0,tapissier
ch1_p371_s1_c0,ouverture
ch1_p371_s1_c0,fenêtre
ch1_p371_s1_c0,porte
ch1_p371_s1_c1,glace
ch1_p371_s1_c1,place
ch1_p371_s2_c0,peine
ch1_p371_s2_c0,jour
ch1_p371_s2_c0,reflet
ch1_p371_s2_c0,braise
ch1_p371_s2_c0,tringle
ch1_p371_s2_c0,cuivre
ch1_p371_s2_c0,obscurité
ch1_p371_s2_c0,craie
ch1_p371_s2_c0,raie
ch1_p371_s2_c0,rectificative
ch1_p371_s2_c0,fenêtre
ch1_p371_s2_c0,rideau
ch1_p371_s2_c0,cadre
ch1_p371_s2_c0,porte
ch1_p371_s2_c0,erreur
ch1_p371_s2_c0,place
ch1_p371_s2_c0,bureau
ch1_p371_s2_c0,mémoire
ch1_p371_s2_c0,vitesse
ch1_p371_s2_c1,cheminée
ch1_p371_s2_c1,mur
ch1_p371_s2_c1,couloir
ch1_p371_s2_c1,courette
ch1_p371_s2_c1,endroit
ch1_p371_s2_c1,instant
ch1_p371_s2_c1,cabinet
ch1_p371_s2_c1,toilette
ch1_p371_s2_c1,demeure
ch1_p371_s2_c1,ténèbre
ch1_p371_s2_c1,demeure
ch1_p371_s2_c1,entrevue
ch1_p371_s2_c1,tourbillon
ch1_p371_s2_c1,réveil
ch1_p371_s2_c1,mise
ch1_p371_s2_c1,fuite
ch1_p371_s2_c1,signe
ch1_p371_s2_c1,rideau
ch1_p371_s2_c1,doigt
ch1_p371_s2_c1,jour
ch2_p0_s0_c0,partie
ch2_p0_s0_c0,noyau
ch2_p0_s0_c0,groupe
ch2_p0_s0_c0,clan
ch2_p0_s0_c0,verdurin
ch2_p0_s0_c0,condition
ch2_p0_s0_c0,credo
ch2_p0_s0_c0,article
ch2_p0_s0_c0,mme
ch2_p0_s0_c0,verdurin
ch2_p0_s0_c0,année
ch2_p0_s0_c0,wagner
ch2_p0_s1_c0,fois
ch2_p0_s1_c0,rubinstein
ch2_p0_s1_c0,docteur
ch2_p0_s1_c0,diagnostic
ch2_p0_s1_c0,potain
ch2_p0_s2_c0,recrue
ch2_p0_s2_c0,verdurin
ch2_p0_s2_c0,soirée
ch2_p0_s2_c0,pluie
ch2_p0_s3_c0,femme
ch2_p0_s3_c0,égard
ch2_p0_s3_c0,homme
ch2_p0_s3_c0,curiosité
ch2_p0_s3_c0,envie
ch2_p0_s3_c0,agrément
ch2_p0_s3_c0,salon
ch2_p0_s3_c0,verdurin
ch2_p0_s3_c0,part
ch2_p0_s3_c0,esprit
ch2_p0_s3_c0,examen
ch2_p0_s3_c0,démon
ch2_p0_s3_c0,frivolité
ch2_p0_s3_c0,contagion
ch2_p0_s3_c0,orthodoxie
ch2_p0_s3_c0,église
ch2_p0_s3_c0,fidèle
ch2_p0_s3_c0,sexe
ch2_p1_s0_c0,femme
ch2_p1_s0_c0,docteur
ch2_p1_s0_c0,année
ch2_p1_s0_c0,mme
ch2_p1_s0_c0,verdurin
ch2_p1_s0_c0,famille
ch2_p1_s0_c0,relation
ch2_p1_s0_c0,mme
ch2_p1_s0_c0,crécy
ch2_p1_s0_c0,mme
ch2_p1_s0_c0,verdurin
ch2_p1_s0_c0,nom
ch2_p1_s0_c0,odette
ch2_p1_s0_c0,amour
ch2_p1_s0_c0,tante
ch2_p1_s0_c0,pianiste
ch2_p1_s0_c1,cordon
ch2_p1_s0_c1,personne
ch2_p1_s0_c1,monde
ch2_p1_s0_c1,naïveté
ch2_p1_s0_c1,princesse
ch2_p1_s0_c1,sagan
ch2_p1_s0_c1,duchesse
ch2_p1_s0_c1,guermante
ch2_p1_s0_c1,malheureux
ch2_p1_s0_c1,monde
ch2_p1_s0_c1,dîner
ch2_p1_s0_c1,dame
ch2_p1_s0_c1,concierge
ch2_p1_s0_c1,cocotte
ch2_p2_s0_c0,verdurin
ch2_p2_s0_c0,dîner
ch2_p2_s0_c0,couvert
ch2_p2_s1_c0,soirée
ch2_p2_s1_c0,programme
ch2_p2_s2_c0,pianiste
ch2_p2_s2_c0,verdurin
ch2_p2_s2_c0,ami
ch2_p2_s2_c0,camarade
ch2_p2_s3_c0,pianiste
ch2_p2_s3_c0,chevauchée
ch2_p2_s3_c0,walkyrie
ch2_p2_s3_c0,prélude
ch2_p2_s3_c0,tristan
ch2_p2_s3_c0,mme
ch2_p2_s3_c0,verdurin
ch2_p2_s3_c0,musique
ch2_p2_s3_c0,contraire
ch2_p2_s3_c0,impression
ch2_p2_s4_c0,migraine
ch2_p2_s5_c0,chose
ch2_p2_s5_c0,fois
ch2_p2_s8_c0,ami
ch2_p2_s8_c0,peintre
ch2_p2_s8_c0,verdurin
ch2_p2_s8_c0,faribole
ch2_p2_s8_c0,monde
ch2_p2_s8_c0,mme
ch2_p2_s8_c0,verdurin
ch2_p2_s8_c0,habitude
ch2_p2_s8_c0,expression
ch2_p2_s8_c0,émotion
ch2_p2_s8_c1,docteur
ch2_p2_s8_c1,cottard
ch2_p2_s8_c1,époque
ch2_p2_s8_c1,jour
ch2_p2_s8_c1,mâchoire
ch2_p3_s0_c0,habit
ch2_p3_s0_c0,copain
ch2_p3_s0_c0,peste
ch2_p3_s0_c0,soirée
ch2_p3_s0_c0,donnée
ch2_p3_s0_c0,peintre
ch2_p3_s0_c0,musicien
ch2_p3_s1_c0,temps
ch2_p3_s1_c0,charade
ch2_p3_s1_c0,costume
ch2_p3_s1_c0,étranger
ch2_p3_s1_c0,noyau
ch2_p4_s0_c0,fur
ch2_p4_s0_c0,mesure
ch2_p4_s0_c0,camarade
ch2_p4_s0_c0,place
ch2_p4_s0_c0,vie
ch2_p4_s0_c0,mme
ch2_p4_s0_c0,verdurin
ch2_p4_s0_c0,ennuyeu
ch2_p4_s0_c0,réprouvé
ch2_p4_s0_c0,ami
ch2_p4_s0_c0,mère
ch2_p4_s0_c0,profession
ch2_p4_s0_c0,maison
ch2_p4_s0_c0,campagne
ch2_p4_s0_c0,santé
ch2_p4_s1_c0,docteur
ch2_p4_s1_c0,sortant
ch2_p4_s1_c0,table
ch2_p4_s1_c0,malade
ch2_p4_s1_c0,danger
ch2_p4_s1_c0,mme
ch2_p4_s1_c0,verdurin
ch2_p4_s1_c0,soir
ch2_p4_s1_c0,nuit
ch2_p4_s1_c0,matin
ch2_p4_s1_c0,heure
ch2_p4_s2_c0,commencement
ch2_p4_s2_c0,décembre
ch2_p4_s2_c0,pensée
ch2_p4_s2_c0,fidèle
ch2_p4_s2_c0,lâcheraient
ch2_p4_s2_c0,jour
ch2_p4_s2_c0,noël
ch2_p4_s2_c0,janvier
ch2_p4_s3_c0,tante
ch2_p4_s3_c0,pianiste
ch2_p4_s3_c0,dîner
ch2_p4_s3_c0,jour
ch2_p4_s3_c0,famille
ch2_p4_s3_c0,mère
ch2_p5_s0_c0,mère
ch2_p5_s0_c0,mme
ch2_p5_s0_c0,verdurin
ch2_p5_s0_c0,jour
ch2_p5_s0_c0,an
ch2_p5_s0_c0,province
ch2_p6_s0_c0,inquiétude
ch2_p6_s0_c0,renaître
ch2_p6_s0_c0,semaine
ch2_p7_s0_c0,docteur
ch2_p7_s0_c0,savant
ch2_p7_s0_c0,esprit
ch2_p7_s0_c0,vendredi
ch2_p7_s0_c0,jour
ch2_p7_s1_c0,cottard
ch2_p7_s1_c0,année
ch2_p7_s1_c0,réponse
ch2_p8_s0_c0,vendredi
ch2_p8_s0_c0,adieu
ch2_p8_s0_c0,fête
ch2_p8_s0_c0,pâques
ch2_p8_s0_c0,auvergne
ch2_p9_s0_c0,auvergne
ch2_p9_s1_c0,puce
ch2_p9_s1_c0,vermine
ch2_p10_s0_c0,silence
ch2_p11_s0_c0,voyage
ch2_p11_s0_c0,ensemble
ch2_p11_s0_c0,condition
ch2_p12_s0_c0,ami
ch2_p12_s0_c0,flirt
ch2_p12_s0_c0,verdurin
ch2_p12_s0_c0,femme
ch2_p12_s0_c0,amant
ch2_p12_s0_c0,aimât
ch2_p12_s0_c0,préférât
ch2_p12_s1_c0,ami
ch2_p12_s2_c0,essai
ch2_p12_s2_c0,secret
ch2_p12_s2_c0,mme
ch2_p12_s2_c0,verdurin
ch2_p12_s2_c0,clan
ch2_p12_s3_c0,part
ch2_p12_s3_c0,fidèle
ch2_p12_s3_c0,service
ch2_p12_s3_c0,ami
ch2_p12_s3_c0,maîtresse
ch2_p12_s4_c0,cas
ch2_p12_s4_c0,tour
ch2_p12_s4_c0,fidèle
ch2_p12_s5_c0,année
ch2_p12_s5_c0,verdurin
ch2_p12_s5_c0,connaissance
ch2_p12_s5_c0,homme
ch2_p12_s5_c0,swann
ch2_p12_s5_c0,verdurin
ch2_p12_s5_c0,séance
ch2_p12_s5_c0,requête
ch2_p12_s5_c0,femme
ch2_p12_s6_c0,avis
ch2_p12_s6_c0,femme
ch2_p12_s6_c0,rôle
ch2_p12_s6_c0,exécution
ch2_p12_s6_c0,désir
ch2_p12_s6_c0,désir
ch2_p12_s6_c0,fidèle
ch2_p12_s6_c0,ressource
ch2_p12_s6_c0,ingéniosité
ch2_p13_s0_c0,mme
ch2_p13_s0_c0,crécy
ch2_p13_s0_c0,chose
ch2_p13_s1_c0,ami
ch2_p13_s1_c0,swann
ch2_p13_s2_c0,di
ch2_p14_s0_c0,chose
ch2_p14_s0_c0,perfection
ch2_p14_s1_c0,avis
ch2_p14_s1_c0,perfection
ch2_p15_s0_c0,vouloir
ch2_p15_s0_c0,odette
ch2_p15_s0_c0,marivaudage
ch2_p15_s0_c0,fishing
ch2_p15_s0_c0,compliment
ch2_p16_s1_c0,ami
ch2_p17_s0_c0,noyau
ch2_p17_s0_c0,rapport
ch2_p17_s0_c0,société
ch2_p17_s0_c0,swann
ch2_p17_s0_c0,mondain
ch2_p17_s0_c0,peine
ch2_p17_s0_c0,situation
ch2_p17_s0_c0,verdurin
ch2_p17_s1_c0,swann
ch2_p17_s1_c0,femme
ch2_p17_s1_c0,jour
ch2_p17_s1_c0,aristocratie
ch2_p17_s1_c0,lettre
ch2_p17_s1_c0,naturalisation
ch2_p17_s1_c0,titre
ch2_p17_s1_c0,noblesse
ch2_p17_s1_c0,faubourg
ch2_p17_s1_c0,sorte
ch2_p17_s1_c0,valeur
ch2_p17_s1_c0,échange
ch2_p17_s1_c0,lettre
ch2_p17_s1_c0,crédit
ch2_p17_s1_c0,prix
ch2_p17_s1_c1,situation
ch2_p17_s1_c1,trou
ch2_p17_s1_c1,province
ch2_p17_s1_c1,milieu
ch2_p17_s1_c1,paris
ch2_p17_s1_c1,fille
ch2_p17_s1_c1,hobereau
ch2_p17_s1_c1,greffier
ch2_p17_s2_c0,désir
ch2_p17_s2_c0,amour
ch2_p17_s2_c0,sentiment
ch2_p17_s2_c0,vanité
ch2_p17_s2_c0,habitude
ch2_p17_s2_c0,vie
ch2_p17_s2_c0,doute
ch2_p17_s2_c0,carrière
ch2_p17_s2_c0,plaisir
ch2_p17_s2_c0,don
ch2_p17_s2_c0,esprit
ch2_p17_s2_c0,érudition
ch2_p17_s2_c0,matière
ch2_p17_s2_c0,art
ch2_p17_s2_c0,conseiller
ch2_p17_s2_c0,dame
ch2_p17_s2_c0,société
ch2_p17_s2_c0,achat
ch2_p17_s2_c0,tableau
ch2_p17_s2_c0,ameublement
ch2_p17_s2_c0,hôtel
ch2_p17_s2_c1,oeil
ch2_p17_s2_c1,inconnue
ch2_p17_s2_c1,élégance
ch2_p17_s2_c1,nom
ch2_p17_s2_c1,swann
ch2_p17_s3_c0,inconnue
ch2_p17_s3_c0,condition
ch2_p17_s4_c0,homme
ch2_p17_s4_c0,homme
ch2_p17_s4_c0,peur
ch2_p17_s4_c0,bête
ch2_p17_s4_c0,seigneur
ch2_p17_s4_c0,rustre
ch2_p17_s4_c0,homme
ch2_p17_s4_c0,élégance
ch2_p17_s5_c0,quart
ch2_p17_s5_c0,frais
ch2_p17_s5_c0,esprit
ch2_p17_s5_c0,mensonge
ch2_p17_s5_c0,vanité
ch2_p17_s5_c0,monde
ch2_p17_s5_c0,inférieur
ch2_p17_s6_c0,swann
ch2_p17_s6_c0,duchesse
ch2_p17_s6_c0,femme
ch2_p17_s6_c0,chambre
ch2_p18_s0_c0,paresse
ch2_p18_s0_c0,sentiment
ch2_p18_s0_c0,obligation
ch2_p18_s0_c0,grandeur
ch2_p18_s0_c0,rivage
ch2_p18_s0_c0,plaisir
ch2_p18_s0_c0,réalité
ch2_p18_s0_c0,position
ch2_p18_s0_c0,mort
ch2_p18_s0_c0,plaisir
ch2_p18_s0_c0,faute
ch2_p18_s0_c0,fois
ch2_p18_s0_c1,divertissement
ch2_p18_s0_c1,ennui
ch2_p18_s1_c0,swann
ch2_p18_s1_c0,femme
ch2_p18_s1_c0,temps
ch2_p18_s1_c0,temps
ch2_p18_s1_c0,femme
ch2_p18_s2_c0,femme
ch2_p18_s2_c0,beauté
ch2_p18_s2_c0,qualité
ch2_p18_s2_c0,compte
ch2_p18_s2_c0,opposition
ch2_p18_s2_c0,femme
ch2_p18_s2_c0,maître
ch2_p18_s3_c0,profondeur
ch2_p18_s3_c0,mélancolie
ch2_p18_s3_c0,expression
ch2_p18_s3_c0,sens
ch2_p18_s3_c0,contraire
ch2_p18_s3_c0,chair
ch2_p19_s0_c0,voyage
ch2_p19_s0_c0,famille
ch2_p19_s0_c0,femme
ch2_p19_s0_c0,oeil
ch2_p19_s0_c0,charme
ch2_p19_s0_c0,désir
ch2_p19_s0_c0,plaisir
ch2_p19_s0_c0,plaisir
ch2_p19_s0_c0,maîtresse
ch2_p19_s0_c0,lâche
ch2_p19_s0_c0,abdication
ch2_p19_s0_c0,vie
ch2_p19_s0_c1,renoncement
ch2_p19_s0_c1,bonheur
ch2_p19_s0_c1,lieu
ch2_p19_s0_c1,pays
ch2_p19_s0_c1,chambre
ch2_p19_s0_c1,vue
ch2_p19_s0_c1,paris
ch2_p19_s1_c0,édifice
ch2_p19_s1_c0,relation
ch2_p19_s1_c0,pied
ch2_p19_s1_c0,œuvre
ch2_p19_s1_c0,frais
ch2_p19_s1_c0,femme
ch2_p19_s1_c0,tente
ch2_p19_s1_c0,explorateur
ch2_p19_s2_c0,plaisir
ch2_p19_s3_c0,fois
ch2_p19_s3_c0,crédit
ch2_p19_s3_c0,duchesse
ch2_p19_s3_c0,désir
ch2_p19_s3_c0,année
ch2_p19_s3_c0,occasion
ch2_p19_s3_c0,coup
ch2_p19_s3_c0,indiscrète
ch2_p19_s3_c0,dépêche
ch2_p19_s3_c0,recommandation
ch2_p19_s3_c0,mît
ch2_p19_s3_c0,relation
ch2_p19_s3_c0,heure
ch2_p19_s3_c0,intendant
ch2_p19_s3_c0,fille
ch2_p19_s3_c0,campagne
ch2_p19_s3_c0,affamé
ch2_p19_s3_c0,diamant
ch2_p19_s3_c0,morceau
ch2_p19_s3_c0,pain
ch2_p19_s4_c0,coup
ch2_p19_s4_c0,délicatesse
ch2_p19_s4_c0,muflerie
ch2_p19_s5_c0,catégorie
ch2_p19_s5_c0,homme
ch2_p19_s5_c0,oisiveté
ch2_p19_s5_c0,consolation
ch2_p19_s5_c0,excuse
ch2_p19_s5_c0,idée
ch2_p19_s5_c0,oisiveté
ch2_p19_s5_c0,intelligence
ch2_p19_s5_c0,objet
ch2_p19_s5_c0,intérêt
ch2_p19_s5_c0,art
ch2_p19_s5_c0,étude
ch2_p19_s5_c0,vie
ch2_p19_s5_c0,situation
ch2_p19_s5_c0,roman
ch2_p19_s6_c0,ami
ch2_p19_s6_c0,monde
ch2_p19_s6_c0,baron
ch2_p19_s6_c0,charlus
ch2_p19_s6_c0,récit
ch2_p19_s6_c0,aventure
ch2_p19_s6_c0,chemin
ch2_p19_s6_c0,fer
ch2_p19_s6_c0,femme
ch2_p19_s6_c0,sœur
ch2_p19_s6_c0,souverain
ch2_p19_s6_c0,main
ch2_p19_s6_c0,moment
ch2_p19_s6_c0,fils
ch2_p19_s6_c0,politique
ch2_p19_s6_c1,courant
ch2_p19_s6_c1,jeu
ch2_p19_s6_c1,circonstance
ch2_p19_s6_c1,dépendît
ch2_p19_s6_c1,choix
ch2_p19_s6_c1,conclave
ch2_p19_s6_c1,amant
ch2_p19_s6_c1,cuisinière
ch2_p20_s0_c0,phalange
ch2_p20_s0_c0,douairière
ch2_p20_s0_c0,général
ch2_p20_s0_c0,académicien
ch2_p20_s0_c0,swann
ch2_p20_s0_c0,cynisme
ch2_p20_s0_c0,entremetteur
ch2_p20_s1_c0,ami
ch2_p20_s1_c0,habitude
ch2_p20_s1_c0,temps
ch2_p20_s1_c0,temps
ch2_p20_s1_c0,lettre
ch2_p20_s1_c0,mot
ch2_p20_s1_c0,recommandation
ch2_p20_s1_c0,introduction
ch2_p20_s1_c0,habileté
ch2_p20_s1_c0,travers
ch2_p20_s1_c0,amour
ch2_p20_s1_c0,prétexte
ch2_p20_s1_c0,maladresse
ch2_p20_s1_c0,caractère
ch2_p20_s1_c0,but
ch2_p20_s2_c0,année
ch2_p20_s2_c0,caractère
ch2_p20_s2_c0,cause
ch2_p20_s2_c0,ressemblance
ch2_p20_s2_c0,party
ch2_p20_s2_c0,époque
ch2_p20_s2_c0,naissance
ch2_p20_s2_c0,liaison
ch2_p20_s2_c0,swann
ch2_p20_s2_c0,pratique
ch2_p20_s2_c0,enveloppe
ch2_p20_s2_c0,écriture
ch2_p20_s2_c0,ami
ch2_p20_s2_c1,swann
ch2_p20_s2_c1,chose
ch2_p20_s2_c1,garde
ch2_p20_s3_c0,méfiance
ch2_p20_s3_c0,sentiment
ch2_p20_s3_c0,chose
ch2_p20_s3_c0,envie
ch2_p20_s3_c0,grand
ch2_p20_s3_c0,parent
ch2_p20_s3_c0,fin
ch2_p20_s3_c0,prière
ch2_p20_s3_c0,fille
ch2_p20_s3_c0,dimanche
ch2_p20_s3_c0,maison
ch2_p20_s3_c0,fois
ch2_p20_s3_c0,swann
ch2_p20_s3_c1,semaine
ch2_p20_s3_c1,faute
ch2_p20_s3_c1,signe
ch2_p21_s0_c0,couple
ch2_p21_s0_c0,ami
ch2_p21_s0_c0,grand
ch2_p21_s0_c0,parent
ch2_p21_s0_c0,swann
ch2_p21_s0_c0,satisfaction
ch2_p21_s0_c0,désir
ch2_p21_s0_c0,envie
ch2_p21_s1_c0,plaisir
ch2_p23_s0_c0,rien
ch2_p23_s0_c0,comprendre
ch2_p25_s0_c0,vision
ch2_p27_s0_c0,affaire
ch2_p28_s0_c0,mieux
ch2_p28_s0_c0,rien
ch2_p28_s0_c0,voir
ch2_p29_s0_c0,mois
ch2_p29_s0_c0,ami
ch2_p29_s0_c0,swann
ch2_p29_s0_c0,swann
ch2_p29_s0_c0,voir
ch2_p29_s1_c0,figure
ch2_p29_s1_c0,interlocuteur
ch2_p29_s1_c0,nom
ch2_p29_s2_c0,mois
ch2_p29_s2_c0,familier
ch2_p29_s2_c0,cousin
ch2_p29_s2_c0,jour
ch2_p29_s4_c0,croire
ch2_p29_s4_c0,cousin
ch2_p29_s4_c0,office
ch2_p29_s4_c0,lettre
ch2_p29_s4_c0,mégarde
ch2_p29_s4_c0,livre
ch2_p29_s4_c0,compte
ch2_p29_s4_c0,cuisinière
ch2_p29_s5_c0,femme
ch2_p29_s5_c0,paris
ch2_p29_s6_c0,maîtresse
ch2_p29_s6_c0,moment
ch2_p30_s0_c0,maîtresse
ch2_p30_s0_c0,moment
ch2_p30_s0_c0,contraire
ch2_p30_s0_c0,extraction
ch2_p30_s0_c0,situation
ch2_p30_s0_c0,monde
ch2_p30_s0_c0,orbite
ch2_p30_s1_c0,inutile
ch2_p30_s1_c0,swann
ch2_p30_s1_c0,soir
ch2_p30_s1_c0,jour
ch2_p30_s1_c0,opéra
ch2_p30_s1_c0,américaine
ch2_p30_s2_c0,salon
ch2_p30_s2_c0,habitude
ch2_p30_s2_c0,dîner
ch2_p30_s2_c0,poker
ch2_p30_s2_c0,soir
ch2_p30_s2_c0,crépelage
ch2_p30_s2_c0,brosse
ch2_p30_s2_c0,cheveu
ch2_p30_s2_c0,douceur
ch2_p30_s2_c0,vivacité
ch2_p30_s2_c0,oeil
ch2_p30_s2_c0,fleur
ch2_p30_s2_c0,boutonnière
ch2_p30_s2_c0,maîtresse
ch2_p30_s2_c0,dîner
ch2_p30_s2_c0,femme
ch2_p30_s2_c0,coterie
ch2_p30_s2_c1,admiration
ch2_p30_s2_c1,amitié
ch2_p30_s2_c1,mode
ch2_p30_s2_c1,pluie
ch2_p30_s2_c1,temps
ch2_p30_s2_c1,femme
ch2_p30_s2_c1,charme
ch2_p30_s2_c1,vie
ch2_p30_s2_c1,matière
ch2_p30_s2_c1,flamme
ch2_p30_s2_c1,amour
ch2_p31_s0_c0,liaison
ch2_p31_s0_c0,flirt
ch2_p31_s0_c0,réalisation
ch2_p31_s0_c0,rêve
ch2_p31_s0_c0,vue
ch2_p31_s0_c0,visage
ch2_p31_s0_c0,corps
ch2_p31_s0_c0,swann
ch2_p31_s0_c0,revanche
ch2_p31_s0_c0,jour
ch2_p31_s0_c0,théâtre
ch2_p31_s0_c0,odette
ch2_p31_s0_c0,crécy
ch2_p31_s0_c0,ami
ch2_p31_s0_c0,autrefoi
ch2_p31_s0_c0,femme
ch2_p31_s0_c0,chose
ch2_p31_s0_c1,réalité
ch2_p31_s0_c1,chose
ch2_p31_s0_c1,swann
ch2_p31_s0_c1,beauté
ch2_p31_s0_c1,genre
ch2_p31_s0_c1,beauté
ch2_p31_s0_c1,désir
ch2_p31_s0_c1,sorte
ch2_p31_s0_c1,répulsion
ch2_p31_s0_c1,femme
ch2_p31_s0_c1,monde
ch2_p31_s0_c1,opposé
ch2_p31_s0_c1,type
ch2_p31_s0_c1,sens
ch2_p31_s1_c0,profil
ch2_p31_s1_c0,peau
ch2_p31_s1_c0,pommette
ch2_p31_s1_c0,trait
ch2_p31_s2_c0,oeil
ch2_p31_s2_c0,masse
ch2_p31_s2_c0,visage
ch2_p31_s2_c0,air
ch2_p31_s2_c0,mine
ch2_p31_s2_c0,humeur
ch2_p31_s3_c0,temps
ch2_p31_s3_c0,présentation
ch2_p31_s3_c0,théâtre
ch2_p31_s3_c0,collection
ch2_p31_s3_c0,goût
ch2_p31_s3_c0,chose
ch2_p31_s3_c0,home
ch2_p31_s3_c0,thé
ch2_p31_s3_c0,livre
ch2_p31_s3_c1,surprise
ch2_p31_s3_c1,quartier
ch2_p31_s3_c1,smart
ch2_p31_s4_c0,regret
ch2_p31_s4_c0,demeure
ch2_p31_s4_c0,chose
ch2_p31_s4_c0,être
ch2_p31_s4_c0,personne
ch2_p31_s4_c0,sorte
ch2_p31_s4_c0,trait
ch2_p31_s4_c0,union
ch2_p31_s5_c0,âge
ch2_p31_s5_c0,swann
ch2_p31_s5_c0,plaisir
ch2_p31_s5_c0,réciprocité
ch2_p31_s5_c0,rapprochement
ch2_p31_s5_c0,cœur
ch2_p31_s5_c0,jeunesse
ch2_p31_s5_c0,but
ch2_p31_s5_c0,amour
ch2_p31_s5_c0,uni
ch2_p31_s5_c0,revanche
ch2_p31_s5_c0,association
ch2_p31_s5_c0,idée
ch2_p31_s5_c0,cause
ch2_p31_s6_c0,autrefoi
ch2_p31_s6_c0,cœur
ch2_p31_s6_c0,femme
ch2_p31_s6_c0,cœur
ch2_p31_s6_c0,femme
ch2_p31_s7_c0,âge
ch2_p31_s7_c0,amour
ch2_p31_s7_c0,plaisir
ch2_p31_s7_c0,part
ch2_p31_s7_c0,goût
ch2_p31_s7_c0,beauté
ch2_p31_s7_c0,femme
ch2_p31_s7_c0,amour
ch2_p31_s7_c0,amour
ch2_p31_s7_c0,base
ch2_p31_s7_c0,désir
ch2_p31_s8_c0,époque
ch2_p31_s8_c0,vie
ch2_p31_s8_c0,fois
ch2_p31_s8_c0,amour
ch2_p31_s8_c0,loi
ch2_p31_s8_c0,cœur
ch2_p31_s9_c0,aide
ch2_p31_s9_c0,fausson
ch2_p31_s9_c0,mémoire
ch2_p31_s9_c0,suggestion
ch2_p31_s10_c0,symptôme
ch2_p31_s11_c0,chanson
ch2_p31_s11_c0,besoin
ch2_p31_s11_c0,femme
ch2_p31_s11_c0,début
ch2_p31_s11_c0,admiration
ch2_p31_s11_c0,beauté
ch2_p31_s11_c0,suite
ch2_p31_s12_c0,milieu
ch2_p31_s12_c0,cœur
ch2_p31_s12_c0,habitude
ch2_p31_s12_c0,musique
ch2_p31_s12_c0,suite
ch2_p31_s12_c0,partenaire
ch2_p31_s12_c0,passage
ch2_p32_s0_c0,odette
ch2_p32_s0_c0,crécy
ch2_p32_s0_c0,swann
ch2_p32_s0_c0,visite
ch2_p32_s0_c0,doute
ch2_p32_s0_c0,déception
ch2_p32_s0_c0,visage
ch2_p32_s0_c0,particularité
ch2_p32_s0_c0,intervalle
ch2_p32_s0_c0,jeunesse
ch2_p32_s0_c1,beauté
ch2_p32_s0_c1,genre
ch2_p32_s1_c0,visage
ch2_p32_s1_c0,odette
ch2_p32_s1_c0,front
ch2_p32_s1_c0,haut
ch2_p32_s1_c0,joue
ch2_p32_s1_c0,surface
ch2_p32_s1_c0,plane
ch2_p32_s1_c0,masse
ch2_p32_s1_c0,cheveu
ch2_p32_s1_c0,devant
ch2_p32_s1_c0,crêper
ch2_p32_s1_c0,mèche
ch2_p32_s1_c0,long
ch2_p32_s1_c0,oreille
ch2_p32_s1_c0,corps
ch2_p32_s1_c1,continuité
ch2_p32_s1_c1,cause
ch2_p32_s1_c1,mode
ch2_p32_s1_c1,époque
ch2_p32_s1_c1,femme
ch2_p32_s1_c1,paris
ch2_p32_s1_c1,mieux
ch2_p32_s1_c1,corsage
ch2_p32_s1_c1,saillie
ch2_p32_s1_c1,ventre
ch2_p32_s1_c1,pointe
ch2_p32_s1_c1,ballon
ch2_p32_s1_c1,jupe
ch2_p32_s1_c1,femme
ch2_p32_s1_c1,air
ch2_p32_s1_c1,pièce
ch2_p32_s1_c1,mal
ch2_p32_s1_c1,emmanchée
ch2_p32_s1_c1,ruché
ch2_p32_s1_c2,volant
ch2_p32_s1_c2,gilet
ch2_p32_s1_c2,indépendance
ch2_p32_s1_c2,fantaisie
ch2_p32_s1_c2,dessin
ch2_p32_s1_c2,consistance
ch2_p32_s1_c2,étoffe
ch2_p32_s1_c2,ligne
ch2_p32_s1_c2,nœud
ch2_p32_s1_c2,bouillon
ch2_p32_s1_c2,dentelle
ch2_p32_s1_c2,effilé
ch2_p32_s1_c2,jais
ch2_p32_s1_c2,long
ch2_p32_s1_c2,busc
ch2_p32_s1_c2,architecture
ch2_p32_s1_c2,fanfreluche
ch2_p33_s0_c0,odette
ch2_p33_s0_c0,partie
ch2_p33_s0_c0,swann
ch2_p33_s0_c0,temps
ch2_p33_s0_c0,air
ch2_p33_s0_c0,fois
ch2_p33_s0_c0,regard
ch2_p33_s0_c0,moment
ch2_p33_s0_c0,imploration
ch2_p33_s0_c1,bouquet
ch2_p33_s0_c1,fleur
ch2_p33_s0_c1,pensée
ch2_p33_s0_c1,chapeau
ch2_p33_s0_c1,paille
ch2_p33_s0_c1,bride
ch2_p33_s0_c1,velours
ch2_p33_s1_c0,fois
ch2_p33_s1_c0,thé
ch2_p33_s2_c0,travail
ch2_p33_s2_c0,train
ch2_p33_s2_c0,étude
ch2_p33_s2_c0,réalité
ch2_p33_s2_c0,année
ch2_p33_s2_c0,ver
ch2_p33_s2_c0,meer
ch2_p33_s2_c0,delft
ch2_p33_s3_c0,côté
ch2_p33_s3_c0,savant
ch2_p33_s4_c0,grenouille
ch2_p33_s4_c0,aréopage
ch2_p33_s6_c0,nez
ch2_p33_s6_c0,papier
ch2_p33_s6_c0,air
ch2_p33_s6_c0,contentement
ch2_p33_s6_c0,femme
ch2_p33_s6_c0,joie
ch2_p33_s6_c0,crainte
ch2_p33_s6_c0,besogne
ch2_p33_s6_c0,cuisine
ch2_p33_s6_c0,main
ch2_p33_s6_c0,pâte
ch2_p33_s7_c0,peintre
ch2_p33_s7_c0,ver
ch2_p33_s7_c0,meer
ch2_p33_s8_c0,œuvre
ch2_p33_s8_c0,paris
ch2_p33_s8_c0,front
ch2_p33_s8_c0,tête
ch2_p33_s8_c0,train
ch2_p33_s8_c0,train
ch2_p33_s9_c0,rêve
ch2_p33_s9_c0,travail
ch2_p33_s10_c0,peur
ch2_p33_s10_c0,amitié
ch2_p33_s10_c0,galanterie
ch2_p33_s10_c0,peur
ch2_p33_s11_c0,peur
ch2_p33_s11_c0,affection
ch2_p33_s12_c0,vie
ch2_p33_s12_c0,voix
ch2_p33_s13_c0,femme
ch2_p33_s15_c0,part
ch2_p33_s16_c0,monde
ch2_p33_s17_c0,femme
ch2_p33_s17_c0,tas
ch2_p33_s17_c0,occupation
ch2_p33_s20_c0,heure
ch2_p33_s20_c0,jour
ch2_p33_s20_c0,nuit
ch2_p33_s21_c0,faire
ch2_p33_s22_c0,gentil
ch2_p33_s22_c0,mme
ch2_p33_s22_c0,verdurin
ch2_p33_s22_c0,soir
ch2_p33_s23_c0,croyez
ch2_p34_s0_c0,doute
ch2_p34_s0_c0,entretien
ch2_p34_s0_c0,image
ch2_p34_s0_c0,image
ch2_p34_s0_c0,femme
ch2_p34_s0_c0,rêverie
ch2_p34_s0_c0,grâce
ch2_p34_s0_c0,circonstance
ch2_p34_s0_c0,grâce
ch2_p34_s0_c0,circonstance
ch2_p34_s0_c0,moment
ch2_p34_s0_c0,état
ch2_p34_s0_c1,rien
ch2_p34_s0_c1,image
ch2_p34_s0_c1,odette
ch2_p34_s0_c1,crécy
ch2_p34_s0_c1,rêverie
ch2_p34_s0_c1,souvenir
ch2_p34_s0_c1,imperfection
ch2_p34_s0_c1,corps
ch2_p34_s0_c1,importance
ch2_p34_s0_c1,corps
ch2_p34_s0_c1,goût
ch2_p34_s0_c1,swann
ch2_p34_s0_c1,corps
ch2_p34_s0_c1,joie
ch2_p34_s0_c1,tourment
ch2_p35_s0_c0,ami
ch2_p35_s0_c0,famille
ch2_p35_s0_c0,verdurin
ch2_p35_s1_c0,relation
ch2_p35_s1_c0,verdurin
ch2_p35_s1_c0,million
ch2_p35_s1_c0,bohème
ch2_p35_s1_c0,racaille
ch2_p35_s2_c0,jour
ch2_p35_s2_c0,lettre
ch2_p35_s2_c0,swann
ch2_p35_s2_c0,rapport
ch2_p35_s2_c0,verdurin
ch2_p35_s2_c0,garde
ch2_p35_s3_c0,garde
ch2_p35_s4_c0,swann
ch2_p35_s5_c0,milieu
ch2_p35_s6_c0,monsieur
ch2_p35_s7_c0,histoire
ch2_p35_s7_c0,femme
ch2_p35_s7_c0,affaire
ch2_p35_s9_c0,agrément
ch2_p35_s9_c0,swann
ch2_p35_s9_c0,verdurin
ch2_p36_s0_c0,réponse
ch2_p36_s0_c0,odette
ch2_p36_s0_c0,swann
ch2_p36_s0_c0,verdurin
ch2_p37_s0_c0,verdurin
ch2_p37_s0_c0,dîner
ch2_p37_s0_c0,jour
ch2_p37_s0_c0,swann
ch2_p37_s0_c0,début
ch2_p37_s0_c0,docteur
ch2_p37_s0_c0,mme
ch2_p37_s0_c0,cottard
ch2_p37_s0_c0,tante
ch2_p37_s0_c0,peintre
ch2_p37_s0_c0,faveur
ch2_p37_s0_c0,soirée
ch2_p37_s0_c0,fidèle
ch2_p38_s0_c0,docteur
ch2_p38_s0_c0,cottard
ch2_p38_s0_c0,interlocuteur
ch2_p38_s0_c0,rire
ch2_p38_s1_c0,hasard
ch2_p38_s1_c0,expression
ch2_p38_s1_c0,physionomie
ch2_p38_s1_c0,sourire
ch2_p38_s1_c0,finesse
ch2_p38_s1_c0,disculperait
ch2_p38_s1_c0,reproche
ch2_p38_s1_c0,naïveté
ch2_p38_s1_c0,propos
ch2_p38_s2_c0,face
ch2_p38_s2_c0,hypothèse
ch2_p38_s2_c0,sourire
ch2_p38_s2_c0,visage
ch2_p38_s2_c0,incertitude
ch2_p38_s2_c0,question
ch2_p38_s2_c0,dite
ch2_p38_s3_c0,rue
ch2_p38_s3_c0,général
ch2_p38_s3_c0,vie
ch2_p38_s3_c0,salon
ch2_p38_s3_c0,passant
ch2_p38_s3_c0,voiture
ch2_p38_s3_c0,événement
ch2_p38_s3_c0,avance
ch2_p38_s3_c0,attitude
ch2_p38_s3_c0,mise
ch2_p38_s3_c0,plaisanterie
ch2_p39_s0_c0,point
ch2_p39_s0_c0,franc
ch2_p39_s0_c0,question
ch2_p39_s0_c0,docteur
ch2_p39_s0_c0,faute
ch2_p39_s0_c0,champ
ch2_p39_s0_c0,doute
ch2_p39_s0_c0,instruction
ch2_p40_s0_c0,conseil
ch2_p40_s0_c0,mère
ch2_p40_s0_c0,province
ch2_p40_s0_c0,locution
ch2_p40_s0_c0,nom
ch2_p41_s0_c0,locution
ch2_p41_s0_c0,renseignement
ch2_p41_s0_c0,sens
ch2_p41_s0_c0,beauté
ch2_p41_s0_c0,diable
ch2_p41_s0_c0,sang
ch2_p41_s0_c0,bleu
ch2_p41_s0_c0,vie
ch2_p41_s0_c0,bâton
ch2_p41_s0_c0,chaise
ch2_p41_s0_c0,quart
ch2_p41_s0_c0,heure
ch2_p41_s0_c0,rabelai
ch2_p41_s0_c0,prince
ch2_p41_s0_c0,élégance
ch2_p41_s0_c0,carte
ch2_p41_s0_c0,quia
ch2_p41_s0_c0,cas
ch2_p41_s0_c0,tour
ch2_p41_s0_c0,propos
ch2_p41_s1_c0,défaut
ch2_p41_s1_c0,jeu
ch2_p41_s1_c0,mot
ch2_p41_s2_c0,nom
ch2_p41_s2_c0,personne
ch2_p41_s2_c0,interrogatif
ch2_p41_s2_c0,explication
ch2_p41_s2_c0,air
ch2_p42_s0_c0,sens
ch2_p42_s0_c0,défaut
ch2_p42_s0_c0,raffinement
ch2_p42_s0_c0,politesse
ch2_p42_s0_c0,obligation
ch2_p42_s0_c0,peine
ch2_p42_s0_c0,pied
ch2_p42_s0_c0,lettre
ch2_p42_s1_c0,aveuglement
ch2_p42_s1_c0,mme
ch2_p42_s1_c0,verdurin
ch2_p42_s1_c0,égard
ch2_p42_s1_c0,fin
ch2_p42_s1_c0,sarah
ch2_p42_s1_c0,bernhardt
ch2_p42_s1_c0,grâce
ch2_p42_s1_c0,docteur
ch2_p42_s1_c0,sarah
ch2_p42_s1_c0,bernhardt
ch2_p42_s1_c0,scène
ch2_p42_s1_c1,docteur
ch2_p42_s1_c1,cottard
ch2_p42_s1_c1,loge
ch2_p42_s1_c1,sourire
ch2_p42_s1_c1,renseignât
ch2_p42_s1_c1,valeur
ch2_p42_s1_c1,spectacle
ch2_p42_s1_c1,sarah
ch2_p42_s1_c1,bernhardt
ch2_p42_s2_c0,désir
ch2_p42_s3_c0,désir
ch2_p42_s3_c0,ordre
ch2_p42_s4_c0,service
ch2_p42_s6_c0,sarah
ch2_p42_s6_c0,bernhardt
ch2_p42_s6_c0,voix
ch2_p42_s7_c0,planche
ch2_p42_s8_c0,expression
ch2_p42_s9_c0,espoir
ch2_p42_s9_c0,commentaire
ch2_p42_s9_c0,point
ch2_p43_s0_c0,mme
ch2_p43_s0_c0,verdurin
ch2_p43_s0_c0,mari
ch2_p43_s0_c0,route
ch2_p43_s0_c0,modestie
ch2_p43_s0_c0,docteur
ch2_p43_s1_c0,existence
ch2_p43_s1_c0,pratique
ch2_p43_s1_c0,valeur
ch2_p43_s1_c0,chose
ch2_p43_s1_c0,dison
ch2_p43_s2_c0,verdurin
ch2_p43_s3_c0,jour
ch2_p43_s3_c0,an
ch2_p43_s3_c0,lieu
ch2_p43_s3_c0,docteur
ch2_p43_s3_c0,cottard
ch2_p43_s3_c0,rubis
ch2_p43_s3_c0,franc
ch2_p43_s3_c0,chose
ch2_p43_s3_c0,verdurin
ch2_p43_s3_c0,franc
ch2_p43_s3_c0,pierre
ch2_p44_s0_c0,mme
ch2_p44_s0_c0,verdurin
ch2_p44_s0_c0,soirée
ch2_p44_s0_c0,swann
ch2_p44_s0_c0,swann
ch2_p44_s1_c0,docteur
ch2_p44_s1_c0,accent
ch2_p44_s1_c0,surprise
ch2_p44_s1_c0,dépourvu
ch2_p44_s1_c0,homme
ch2_p44_s2_c0,swann
ch2_p44_s3_c0,swann
ch2_p44_s4_c0,comble
ch2_p44_s4_c0,anxiété
ch2_p44_s4_c0,mme
ch2_p44_s4_c0,verdurin
ch2_p44_s4_c0,ami
ch2_p44_s4_c0,odette
ch2_p44_s6_c0,docteur
ch2_p44_s7_c0,peintre
ch2_p44_s7_c0,introduction
ch2_p44_s7_c0,swann
ch2_p44_s7_c0,mme
ch2_p44_s7_c0,verdurin
ch2_p44_s7_c0,odette
ch2_p44_s7_c0,liaison
ch2_p44_s8_c0,mariage
ch2_p44_s8_c0,oreille
ch2_p44_s8_c0,docteur
ch2_p44_s8_c0,cottard
ch2_p44_s8_c0,femme
ch2_p45_s0_c0,verdurin
ch2_p45_s0_c0,swann
ch2_p45_s0_c0,odette
ch2_p45_s1_c0,contraire
ch2_p45_s1_c0,impression
ch2_p45_s1_c0,insu
ch2_p45_s1_c0,fréquentation
ch2_p45_s1_c0,société
ch2_p45_s1_c0,cause
ch2_p45_s2_c0,homme
ch2_p45_s2_c0,monde
ch2_p45_s2_c0,supériorité
ch2_p45_s2_c0,désir
ch2_p45_s2_c0,horreur
ch2_p45_s2_c0,imagination
ch2_p45_s2_c0,importance
ch2_p45_s3_c0,amabilité
ch2_p45_s3_c0,snobisme
ch2_p45_s3_c0,peur
ch2_p45_s3_c0,aisance
ch2_p45_s3_c0,grâce
ch2_p45_s3_c0,mouvement
ch2_p45_s3_c0,membre
ch2_p45_s3_c0,participation
ch2_p45_s3_c0,corps
ch2_p45_s4_c0,gymnastique
ch2_p45_s4_c0,homme
ch2_p45_s4_c0,monde
ch2_p45_s4_c0,main
ch2_p45_s4_c0,grâce
ch2_p45_s4_c0,homme
ch2_p45_s4_c0,réserve
ch2_p45_s4_c0,ambassadeur
ch2_p45_s4_c0,attitude
ch2_p45_s4_c0,swann
ch2_p45_s4_c0,milieu
ch2_p45_s4_c0,verdurin
ch2_p45_s4_c0,ami
ch2_p45_s4_c0,empressement
ch2_p45_s4_c0,avance
ch2_p45_s4_c1,ennuyeu
ch2_p45_s5_c0,moment
ch2_p45_s5_c0,froideur
ch2_p45_s5_c0,docteur
ch2_p45_s5_c0,cottard
ch2_p45_s5_c0,œil
ch2_p45_s5_c0,air
ch2_p45_s5_c0,mimique
ch2_p45_s5_c0,cottard
ch2_p45_s5_c0,swann
ch2_p45_s5_c0,docteur
ch2_p45_s5_c0,doute
ch2_p45_s5_c0,lieu
ch2_p45_s5_c0,plaisir
ch2_p45_s5_c0,monde
ch2_p45_s5_c0,noce
ch2_p45_s6_c0,allusion
ch2_p45_s6_c0,goût
ch2_p45_s6_c0,présence
ch2_p45_s6_c0,odette
ch2_p45_s6_c0,idée
ch2_p45_s6_c0,air
ch2_p45_s7_c0,dame
ch2_p45_s7_c0,mme
ch2_p45_s7_c0,cottard
ch2_p45_s7_c0,mari
ch2_p45_s7_c0,allusion
ch2_p45_s7_c0,femme
ch2_p45_s7_c0,divertissement
ch2_p45_s7_c0,genre
ch2_p45_s7_c0,air
ch2_p45_s7_c0,docteur
ch2_p45_s7_c0,signification
ch2_p45_s8_c0,peintre
ch2_p45_s8_c0,suite
ch2_p45_s8_c0,swann
ch2_p45_s8_c0,odette
ch2_p45_s8_c0,atelier
ch2_p45_s8_c0,swann
ch2_p45_s9_c0,mme
ch2_p45_s9_c0,verdurin
ch2_p45_s9_c0,portrait
ch2_p45_s9_c0,cottard
ch2_p45_s9_c0,peintre
ch2_p45_s10_c0,monsieur
ch2_p45_s10_c0,biche
ch2_p45_s10_c0,peintre
ch2_p45_s10_c0,plaisanterie
ch2_p45_s10_c0,monsieur
ch2_p45_s10_c0,regard
ch2_p45_s10_c0,côté
ch2_p45_s10_c0,œil
ch2_p45_s11_c0,sourire
ch2_p45_s11_c0,portrait
ch2_p45_s11_c0,sourire
ch2_p45_s12_c0,expression
ch2_p45_s12_c0,invité
ch2_p45_s12_c0,prétexte
ch2_p45_s12_c0,vague
ch2_p45_s13_c0,swann
ch2_p45_s13_c0,connaissance
ch2_p45_s13_c0,monde
ch2_p45_s13_c0,ami
ch2_p45_s13_c0,verdurin
ch2_p45_s13_c0,saniette
ch2_p45_s13_c0,timidité
ch2_p45_s13_c0,simplicité
ch2_p45_s13_c0,cœur
ch2_p45_s13_c0,considération
ch2_p45_s13_c0,value
ch2_p45_s13_c0,science
ch2_p45_s13_c0,archiviste
ch2_p45_s13_c0,fortune
ch2_p45_s13_c0,famille
ch2_p45_s14_c0,bouche
ch2_p45_s14_c0,bouillie
ch2_p45_s14_c0,défaut
ch2_p45_s14_c0,langue
ch2_p45_s14_c0,qualité
ch2_p45_s14_c0,âme
ch2_p45_s14_c0,innocence
ch2_p45_s14_c0,âge
ch2_p45_s15_c0,consonne
ch2_p45_s15_c0,dureté
ch2_p45_s16_c0,saniette
ch2_p45_s16_c0,swann
ch2_p45_s16_c0,mme
ch2_p45_s16_c0,verdurin
ch2_p45_s16_c0,rôle
ch2_p45_s16_c0,point
ch2_p45_s16_c0,réponse
ch2_p45_s16_c0,différence
ch2_p45_s16_c0,monsieur
ch2_p45_s16_c0,swann
ch2_p45_s16_c0,bonté
ch2_p45_s16_c0,ami
ch2_p45_s16_c0,saniette
ch2_p45_s16_c0,saniette
ch2_p45_s16_c0,sympathie
ch2_p45_s16_c0,verdurin
ch2_p45_s16_c0,swann
ch2_p45_s16_c1,saniette
ch2_p45_s16_c1,ami
ch2_p45_s17_c0,revanche
ch2_p45_s17_c0,swann
ch2_p45_s17_c0,croyant
ch2_p45_s17_c0,suite
ch2_p45_s17_c0,connaissance
ch2_p45_s17_c0,tante
ch2_p45_s17_c0,pianiste
ch2_p45_s18_c0,robe
ch2_p45_s18_c0,visage
ch2_p45_s18_c0,fois
ch2_p45_s19_c0,swann
ch2_p45_s19_c0,respect
ch2_p45_s19_c0,majesté
ch2_p45_s20_c0,instruction
ch2_p45_s20_c0,peur
ch2_p45_s20_c0,faute
ch2_p45_s20_c0,français
ch2_p45_s20_c0,manière
ch2_p45_s20_c0,cuir
ch2_p45_s20_c0,vague
ch2_p45_s20_c0,certitude
ch2_p45_s20_c0,sorte
ch2_p45_s20_c0,conversation
ch2_p45_s20_c0,graillonnement
ch2_p45_s20_c0,temps
ch2_p45_s20_c0,vocable
ch2_p45_s21_c0,swann
ch2_p45_s21_c0,verdurin
ch2_p45_s21_c0,contraire
ch2_p46_s0_c0,femme
ch2_p46_s1_c0,cause
ch2_p46_s2_c0,doute
ch2_p46_s2_c0,swann
ch2_p46_s3_c0,adjectif
ch2_p46_s3_c0,somme
ch2_p46_s3_c0,compliment
ch2_p46_s4_c0,verdurin
ch2_p46_s4_c0,manière
ch2_p46_s5_c0,neveu
ch2_p46_s6_c0,docteur
ch2_p46_s7_c0,voulez
ch2_p46_s7_c0,chose
ch2_p46_s7_c0,monsieur
ch2_p46_s7_c0,swann
ch2_p47_s0_c0,bonheur
ch2_p47_s0_c0,swann
ch2_p47_s0_c0,docteur
ch2_p47_s0_c0,interrompit
ch2_p47_s0_c0,air
ch2_p47_s1_c0,conversation
ch2_p47_s1_c0,emphase
ch2_p47_s1_c0,emploi
ch2_p47_s1_c0,forme
ch2_p47_s1_c0,mot
ch2_p47_s1_c0,mot
ch2_p47_s1_c0,bonheur
ch2_p47_s1_c0,prudhommesque
ch2_p47_s2_c0,mot
ch2_p47_s2_c0,hasard
ch2_p47_s2_c0,cliché
ch2_p47_s2_c0,mot
ch2_p47_s2_c0,docteur
ch2_p47_s2_c0,phrase
ch2_p47_s2_c0,lieu
ch2_p47_s2_c0,interlocuteur
ch2_p48_s0_c0,bonheur
ch2_p48_s0_c0,france
ch2_p48_s1_c0,bras
ch2_p48_s1_c0,emphase
ch2_p49_s0_c0,verdurin
ch2_p49_s0_c0,rire
ch2_p50_s0_c0,air
ch2_p50_s0_c0,mélancolie
ch2_p50_s0_c0,coin
ch2_p50_s0_c0,mme
ch2_p50_s0_c0,verdurin
ch2_p50_s1_c0,pénitence
ch2_p50_s1_c0,dépité
ch2_p50_s1_c0,enfant
ch2_p51_s0_c0,mme
ch2_p51_s0_c0,verdurin
ch2_p51_s0_c0,siège
ch2_p51_s0_c0,sapin
ch2_p51_s0_c0,violoniste
ch2_p51_s0_c0,pays
ch2_p51_s0_c0,forme
ch2_p51_s0_c0,escabeau
ch2_p51_s0_c0,jurer
ch2_p51_s0_c0,meuble
ch2_p51_s0_c0,évidence
ch2_p51_s0_c0,cadeau
ch2_p51_s0_c0,fidèle
ch2_p51_s0_c0,habitude
ch2_p51_s0_c0,temps
ch2_p51_s0_c0,temps
ch2_p51_s0_c0,donateur
ch2_p51_s0_c0,plaisir
ch2_p51_s1_c0,fleur
ch2_p51_s1_c0,bonbon
ch2_p51_s1_c0,collection
ch2_p51_s1_c0,coussin
ch2_p51_s1_c0,pendule
ch2_p51_s1_c0,paravent
ch2_p51_s1_c0,baromètre
ch2_p51_s1_c0,potiche
ch2_p51_s1_c0,accumulation
ch2_p51_s1_c0,redite
ch2_p51_s1_c0,disparate
ch2_p51_s1_c0,étrenne
ch2_p52_s0_c0,poste
ch2_p52_s0_c0,entrain
ch2_p52_s0_c0,conversation
ch2_p52_s0_c0,fidèle
ch2_p52_s0_c0,fumisterie
ch2_p52_s0_c0,accident
ch2_p52_s0_c0,mâchoire
ch2_p52_s0_c0,peine
ch2_p52_s0_c0,place
ch2_p52_s0_c0,mimique
ch2_p52_s0_c0,fatigue
ch2_p52_s0_c0,risque
ch2_p52_s0_c0,larme
ch2_p52_s1_c0,mot
ch2_p52_s1_c0,habitué
ch2_p52_s1_c0,ennuyeu
ch2_p52_s1_c0,camp
ch2_p52_s1_c0,désespoir
ch2_p52_s1_c0,verdurin
ch2_p52_s1_c0,prétention
ch2_p52_s1_c0,femme
ch2_p52_s1_c0,ruse
ch2_p52_s1_c0,hilarité
ch2_p52_s1_c0,cri
ch2_p52_s1_c1,oeil
ch2_p52_s1_c1,oiseau
ch2_p52_s1_c1,taie
ch2_p52_s1_c1,temps
ch2_p52_s1_c1,spectacle
ch2_p52_s1_c1,accès
ch2_p52_s1_c1,figure
ch2_p52_s1_c1,main
ch2_p52_s1_c1,air
ch2_p52_s1_c1,rire
ch2_p52_s1_c2,conduite
ch2_p52_s1_c2,évanouissement
ch2_p52_s2_c0,étourdi
ch2_p52_s2_c0,gaieté
ch2_p52_s2_c0,fidèle
ch2_p52_s2_c0,camaraderie
ch2_p52_s2_c0,médisance
ch2_p52_s2_c0,assentiment
ch2_p52_s2_c0,mme
ch2_p52_s2_c0,verdurin
ch2_p52_s2_c0,perchoir
ch2_p52_s2_c0,oiseau
ch2_p52_s2_c0,colifichet
ch2_p52_s2_c0,vin
ch2_p52_s2_c0,amabilité
ch2_p53_s0_c0,verdurin
ch2_p53_s0_c0,swann
ch2_p53_s0_c0,permission
ch2_p53_s0_c0,pipe
ch2_p53_s0_c0,camarade
ch2_p53_s0_c0,artiste
ch2_p53_s0_c0,piano
ch2_p54_s0_c0,mme
ch2_p54_s0_c0,verdurin
ch2_p54_s0_c0,tourmente
ch2_p55_s0_c0,verdurin
ch2_p55_s0_c0,swann
ch2_p55_s0_c0,sonate
ch2_p55_s0_c0,dièse
ch2_p55_s0_c0,arrangement
ch2_p55_s0_c0,piano
ch2_p56_s1_c0,sonate
ch2_p56_s2_c0,mme
ch2_p56_s2_c0,verdurin
ch2_p56_s2_c0,envie
ch2_p56_s2_c0,force
ch2_p56_s2_c0,rhume
ch2_p56_s2_c0,cerveau
ch2_p56_s2_c0,névralgie
ch2_p56_s2_c0,fois
ch2_p56_s2_c0,cadeau
ch2_p56_s2_c0,lit
ch2_p56_s2_c0,jour
ch2_p57_s0_c0,scène
ch2_p57_s0_c0,fois
ch2_p57_s0_c0,pianiste
ch2_p57_s0_c0,ami
ch2_p57_s0_c0,preuve
ch2_p57_s0_c0,originalité
ch2_p57_s0_c0,patronne
ch2_p57_s0_c0,sensibilité
ch2_p57_s1_c0,signe
ch2_p57_s1_c0,carte
ch2_p57_s1_c0,chose
ch2_p57_s1_c0,disant
ch2_p57_s1_c0,reichstag
ch2_p57_s1_c0,moment
ch2_p57_s2_c0,lendemain
ch2_p57_s2_c0,regret
ch2_p57_s2_c0,scène
ch2_p57_s2_c0,habitude
ch2_p58_s1_c0,verdurin
ch2_p59_s0_c0,andante
ch2_p59_s0_c0,mme
ch2_p59_s0_c0,verdurin
ch2_p59_s1_c0,bras
ch2_p59_s1_c0,jambe
ch2_p59_s2_c0,patron
ch2_p59_s3_c0,finale
ch2_p59_s3_c0,maître
ch2_p59_s3_c0,ouverture
ch2_p60_s0_c0,docteur
ch2_p60_s0_c0,mme
ch2_p60_s0_c0,verdurin
ch2_p60_s0_c0,pianiste
ch2_p60_s0_c0,trouble
ch2_p60_s0_c0,musique
ch2_p60_s0_c0,état
ch2_p60_s0_c0,habitude
ch2_p60_s0_c0,médecin
ch2_p60_s0_c0,sévérité
ch2_p60_s0_c0,prescription
ch2_p60_s0_c0,jeu
ch2_p60_s0_c0,chose
ch2_p60_s0_c0,réunion
ch2_p60_s0_c0,partie
ch2_p60_s0_c0,fois
ch2_p60_s0_c0,dyspepsie
ch2_p60_s0_c1,grippe
ch2_p60_s0_c1,facteur
ch2_p61_s0_c0,fois
ch2_p61_s0_c0,suggestionner
ch2_p61_s0_c0,regard
ch2_p62_s1_c0,mme
ch2_p62_s1_c0,verdurin
ch2_p62_s1_c0,espérance
ch2_p62_s1_c0,faveur
ch2_p62_s2_c0,force
ch2_p62_s2_c0,moment
ch2_p62_s2_c0,mensonge
ch2_p62_s2_c0,âme
ch2_p62_s2_c0,malade
ch2_p62_s3_c0,fatigué
ch2_p62_s3_c0,sagesse
ch2_p62_s3_c0,rareté
ch2_p62_s3_c0,accès
ch2_p62_s3_c0,habitude
ch2_p62_s3_c0,condition
ch2_p62_s3_c0,main
ch2_p62_s3_c0,peine
ch2_p62_s3_c0,mot
ch2_p62_s3_c0,pilule
ch2_p62_s3_c0,pied
ch2_p63_s0_c0,odette
ch2_p63_s0_c0,canapé
ch2_p63_s0_c0,tapisserie
ch2_p63_s0_c0,piano
ch2_p64_s0_c0,place
ch2_p64_s0_c0,mme
ch2_p64_s0_c0,verdurin
ch2_p65_s0_c0,swann
ch2_p65_s0_c0,chaise
ch2_p66_s0_c0,côté
ch2_p66_s0_c0,odette
ch2_p66_s0_c0,odette
ch2_p66_s0_c0,place
ch2_p66_s0_c0,swann
ch2_p67_s0_c0,beauvais
ch2_p67_s0_c0,swann
ch2_p68_s1_c0,canapé
ch2_p68_s1_c0,mme
ch2_p68_s1_c0,verdurin
ch2_p68_s2_c0,suite
ch2_p68_s4_c0,chaise
ch2_p68_s4_c0,merveille
ch2_p68_s5_c0,heure
ch2_p68_s6_c0,bronze
ch2_p68_s6_c0,attribut
ch2_p68_s6_c0,sujet
ch2_p68_s6_c0,siège
ch2_p68_s6_c0,moment
ch2_p68_s7_c0,rien
ch2_p68_s7_c0,frise
ch2_p68_s7_c0,bordure
ch2_p68_s7_c0,vigne
ch2_p68_s7_c0,fond
ch2_p68_s7_c0,ours
ch2_p68_s7_c0,raisin
ch2_p68_s10_c0,vigne
ch2_p68_s11_c0,mari
ch2_p68_s11_c0,fruit
ch2_p68_s12_c0,besoin
ch2_p68_s12_c0,bouche
ch2_p68_s12_c0,oeil
ch2_p68_s13_c0,rire
ch2_p68_s14_c0,docteur
ch2_p68_s14_c0,raisin
ch2_p68_s15_c0,cure
ch2_p68_s15_c0,fontainebleau
ch2_p68_s15_c0,cure
ch2_p68_s15_c0,beauvais
ch2_p68_s16_c0,monsieur
ch2_p68_s16_c0,swann
ch2_p68_s16_c0,bronze
ch2_p68_s16_c0,dossier
ch2_p68_s17_c0,patine
ch2_p68_s18_c0,main
ch2_p68_s18_c0,touchez
ch2_p69_s1_c0,monsieur
ch2_p69_s1_c0,verdurin
ch2_p69_s1_c0,bronze
ch2_p69_s1_c0,musique
ch2_p69_s1_c0,soir
ch2_p69_s1_c0,peintre
ch2_p70_s0_c0,taisez
ch2_p70_s0_c0,vilain
ch2_p70_s1_c0,fond
ch2_p70_s1_c0,swann
ch2_p70_s1_c0,femme
ch2_p70_s1_c0,chose
ch2_p70_s2_c0,chair
ch2_p70_s3_c0,verdurin
ch2_p70_s3_c0,honneur
ch2_p71_s1_c0,docteur
ch2_p71_s1_c0,témoin
ch2_p71_s1_c0,chose
ch2_p72_s0_c0,swann
ch2_p72_s0_c0,bronze
ch2_p72_s0_c0,politesse
ch2_p72_s0_c0,suite
ch2_p73_s0_c0,caresserez
ch2_p73_s0_c0,oreille
ch2_p73_s0_c0,homme
ch2_p74_s0_c0,pianiste
ch2_p74_s0_c0,swann
ch2_p74_s0_c0,personne
ch2_p75_s0_c0,année
ch2_p75_s0_c0,soirée
ch2_p75_s0_c0,œuvre
ch2_p75_s0_c0,piano
ch2_p75_s0_c0,violon
ch2_p75_s1_c0,qualité
ch2_p75_s1_c0,son
ch2_p75_s1_c0,instrument
ch2_p75_s2_c0,plaisir
ch2_p75_s2_c0,ligne
ch2_p75_s2_c0,violon
ch2_p75_s2_c0,directrice
ch2_p75_s2_c0,coup
ch2_p75_s2_c0,clapotement
ch2_p75_s2_c0,masse
ch2_p75_s2_c0,partie
ch2_p75_s2_c0,piano
ch2_p75_s2_c0,plane
ch2_p75_s2_c0,mauve
ch2_p75_s2_c0,agitation
ch2_p75_s2_c0,flot
ch2_p75_s2_c0,charme
ch2_p75_s2_c0,clair
ch2_p75_s2_c0,lune
ch2_p75_s3_c0,moment
ch2_p75_s3_c0,contour
ch2_p75_s3_c0,nom
ch2_p75_s3_c0,coup
ch2_p75_s3_c0,phrase
ch2_p75_s3_c0,harmonie
ch2_p75_s3_c0,âme
ch2_p75_s3_c0,odeur
ch2_p75_s3_c0,rose
ch2_p75_s3_c0,air
ch2_p75_s3_c0,soir
ch2_p75_s3_c0,propriété
ch2_p75_s3_c0,narine
ch2_p75_s4_c0,musique
ch2_p75_s4_c0,impression
ch2_p75_s4_c0,impression
ch2_p75_s4_c0,ordre
ch2_p75_s4_c0,impression
ch2_p75_s5_c0,impression
ch2_p75_s5_c0,genre
ch2_p75_s5_c0,instant
ch2_p75_s5_c0,sine
ch2_p75_s5_c0,materia
ch2_p75_s6_c0,doute
ch2_p75_s6_c0,note
ch2_p75_s6_c0,hauteur
ch2_p75_s6_c0,quantité
ch2_p75_s6_c0,oeil
ch2_p75_s6_c0,surface
ch2_p75_s6_c0,dimension
ch2_p75_s6_c0,arabesque
ch2_p75_s6_c0,sensation
ch2_p75_s6_c0,largeur
ch2_p75_s6_c0,ténuité
ch2_p75_s6_c0,stabilité
ch2_p75_s6_c0,caprice
ch2_p75_s7_c0,note
ch2_p75_s7_c0,sensation
ch2_p75_s7_c0,note
ch2_p75_s8_c0,impression
ch2_p75_s8_c0,liquidité
ch2_p75_s8_c0,motif
ch2_p75_s8_c0,instant
ch2_p75_s8_c0,peine
ch2_p75_s8_c0,plaisir
ch2_p75_s8_c0,mémoire
ch2_p75_s8_c0,ouvrier
ch2_p75_s8_c0,fondation
ch2_p75_s8_c0,milieu
ch2_p75_s8_c0,flot
ch2_p75_s8_c0,phrase
ch2_p75_s9_c0,peine
ch2_p75_s9_c0,sensation
ch2_p75_s9_c0,swann
ch2_p75_s9_c0,mémoire
ch2_p75_s9_c0,séance
ch2_p75_s9_c0,transcription
ch2_p75_s9_c0,oeil
ch2_p75_s9_c0,morceau
ch2_p75_s9_c0,impression
ch2_p75_s9_c0,coup
ch2_p75_s10_c0,étendue
ch2_p75_s10_c0,groupement
ch2_p75_s10_c0,graphie
ch2_p75_s10_c0,valeur
ch2_p75_s10_c0,chose
ch2_p75_s10_c0,musique
ch2_p75_s10_c0,dessin
ch2_p75_s10_c0,architecture
ch2_p75_s10_c0,pensée
ch2_p75_s10_c0,musique
ch2_p75_s11_c0,fois
ch2_p75_s11_c0,phrase
ch2_p75_s11_c0,instant
ch2_p75_s11_c0,onde
ch2_p75_s12_c0,volupté
ch2_p75_s12_c0,idée
ch2_p75_s12_c0,amour
ch2_p76_s0_c0,rythme
ch2_p76_s0_c0,bonheur
ch2_p76_s1_c0,coup
ch2_p76_s1_c0,point
ch2_p76_s1_c0,pause
ch2_p76_s1_c0,instant
ch2_p76_s1_c0,direction
ch2_p76_s1_c0,mouvement
ch2_p76_s1_c0,menu
ch2_p76_s1_c0,perspective
ch2_p76_s3_c0,fois
ch2_p76_s4_c0,volupté
ch2_p76_s5_c0,besoin
ch2_p76_s5_c0,homme
ch2_p76_s5_c0,vie
ch2_p76_s5_c0,passant
ch2_p76_s5_c0,moment
ch2_p76_s5_c0,image
ch2_p76_s5_c0,beauté
ch2_p76_s5_c0,sensibilité
ch2_p76_s5_c0,valeur
ch2_p76_s5_c0,nom
ch2_p77_s0_c0,amour
ch2_p77_s0_c0,phrase
ch2_p77_s0_c0,instant
ch2_p77_s0_c0,swann
ch2_p77_s0_c0,possibilité
ch2_p77_s0_c0,sorte
ch2_p77_s0_c0,rajeunissement
ch2_p77_s1_c0,vie
ch2_p77_s1_c0,but
ch2_p77_s1_c0,poursuite
ch2_p77_s1_c0,satisfaction
ch2_p77_s1_c0,mort
ch2_p77_s1_c0,idée
ch2_p77_s1_c0,esprit
ch2_p77_s1_c0,réalité
ch2_p77_s2_c0,habitude
ch2_p77_s2_c0,pensée
ch2_p77_s2_c0,importance
ch2_p77_s2_c0,côté
ch2_p77_s2_c0,fond
ch2_p77_s2_c0,chose
ch2_p77_s3_c0,monde
ch2_p77_s3_c0,revanche
ch2_p77_s3_c0,certitude
ch2_p77_s3_c0,invitation
ch2_p77_s3_c0,visite
ch2_p77_s3_c0,carte
ch2_p77_s3_c0,conversation
ch2_p77_s3_c0,cœur
ch2_p77_s3_c0,opinion
ch2_p77_s3_c0,chose
ch2_p77_s3_c0,détail
ch2_p77_s3_c0,sorte
ch2_p77_s3_c0,mesure
ch2_p77_s4_c0,recette
ch2_p77_s4_c0,cuisine
ch2_p77_s4_c0,date
ch2_p77_s4_c0,naissance
ch2_p77_s4_c0,mort
ch2_p77_s4_c0,peintre
ch2_p77_s4_c0,nomenclature
ch2_p77_s4_c0,œuvre
ch2_p77_s5_c0,jugement
ch2_p77_s5_c0,œuvre
ch2_p77_s5_c0,manière
ch2_p77_s5_c0,vie
ch2_p77_s5_c0,parole
ch2_p77_s6_c0,coup
ch2_p77_s6_c0,pays
ch2_p77_s6_c0,régime
ch2_p77_s6_c0,évolution
ch2_p77_s6_c0,régression
ch2_p77_s6_c0,mal
ch2_p77_s6_c0,possibilité
ch2_p77_s6_c0,vie
ch2_p77_s6_c0,swann
ch2_p77_s6_c0,souvenir
ch2_p77_s6_c0,phrase
ch2_p77_s6_c0,sonate
ch2_p77_s6_c1,présence
ch2_p77_s6_c1,réalité
ch2_p77_s6_c1,musique
ch2_p77_s6_c1,sécheresse
ch2_p77_s6_c1,sorte
ch2_p77_s6_c1,influence
ch2_p77_s6_c1,désir
ch2_p77_s6_c1,force
ch2_p77_s6_c1,vie
ch2_p77_s7_c0,œuvre
ch2_p77_s8_c0,semaine
ch2_p77_s8_c0,personne
ch2_p77_s8_c0,soirée
ch2_p77_s8_c0,musique
ch2_p77_s8_c0,party
ch2_p77_s8_c0,salon
ch2_p77_s9_c0,maître
ch2_p77_s9_c0,maison
ch2_p77_s9_c0,œuvre
ch2_p77_s9_c0,artiste
ch2_p77_s9_c0,parti
ch2_p77_s9_c0,tournée
ch2_p77_s9_c0,swann
ch2_p77_s10_c0,ami
ch2_p77_s10_c0,musicien
ch2_p77_s10_c0,plaisir
ch2_p77_s10_c0,phrase
ch2_p77_s10_c0,oeil
ch2_p77_s10_c0,forme
ch2_p78_s0_c0,minute
ch2_p78_s0_c0,peine
ch2_p78_s0_c0,pianiste
ch2_p78_s0_c0,mme
ch2_p78_s0_c0,verdurin
ch2_p78_s0_c0,coup
ch2_p78_s0_c0,note
ch2_p78_s0_c0,tenue
ch2_p78_s0_c0,mesure
ch2_p78_s0_c0,sonorité
ch2_p78_s0_c0,rideau
ch2_p78_s0_c0,mystère
ch2_p78_s0_c0,incubation
ch2_p78_s0_c0,phrase
ch2_p78_s1_c0,charme
ch2_p78_s1_c0,swann
ch2_p78_s1_c0,salon
ch2_p78_s1_c0,ami
ch2_p78_s1_c0,rue
ch2_p78_s2_c0,fin
ch2_p78_s2_c0,indicateur
ch2_p78_s2_c0,ramification
ch2_p78_s2_c0,parfum
ch2_p78_s2_c0,visage
ch2_p78_s2_c0,swann
ch2_p78_s2_c0,reflet
ch2_p78_s2_c0,sourire
ch2_p78_s3_c0,nom
ch2_p78_s3_c0,inconnue
ch2_p78_s3_c0,andante
ch2_p78_s3_c0,sonate
ch2_p78_s3_c0,piano
ch2_p78_s3_c0,violon
ch2_p78_s3_c0,vinteuil
ch2_p78_s3_c0,langage
ch2_p78_s3_c0,secret
ch2_p79_s0_c0,pianiste
ch2_p79_s0_c0,swann
ch2_p79_s0_c0,reconnaissance
ch2_p79_s0_c0,vivacité
ch2_p79_s0_c0,mme
ch2_p79_s0_c0,verdurin
ch2_p80_s0_c0,charmeur
ch2_p80_s0_c0,swann
ch2_p80_s0_c0,sonate
ch2_p80_s1_c0,piano
ch2_p80_s2_c0,piano
ch2_p80_s2_c0,parole
ch2_p80_s3_c0,fois
ch2_p80_s3_c0,reprise
ch2_p80_s3_c0,orchestre
ch2_p80_s4_c0,orchestre
ch2_p81_s0_c0,mot
ch2_p81_s0_c0,trait
ch2_p81_s0_c0,esprit
ch2_p83_s0_c0,mme
ch2_p83_s0_c0,verdurin
ch2_p83_s0_c0,mari
ch2_p83_s0_c0,orangeade
ch2_p83_s0_c0,swann
ch2_p83_s0_c0,odette
ch2_p83_s0_c0,phrase
ch2_p83_s1_c0,mme
ch2_p83_s1_c0,verdurin
ch2_p83_s2_c0,train
ch2_p83_s2_c0,chose
ch2_p83_s2_c0,odette
ch2_p83_s2_c0,swann
ch2_p83_s2_c0,simplicité
ch2_p83_s3_c0,renseignement
ch2_p83_s3_c0,vinteuil
ch2_p83_s3_c0,œuvre
ch2_p83_s3_c0,époque
ch2_p83_s3_c0,vie
ch2_p83_s3_c0,sonate
ch2_p83_s3_c0,phrase
ch2_p84_s0_c0,profession
ch2_p84_s0_c0,musicien
ch2_p84_s0_c0,swann
ch2_p84_s0_c0,sonate
ch2_p84_s0_c0,mme
ch2_p84_s0_c0,verdurin
ch2_p84_s1_c0,sonate
ch2_p84_s1_c0,vinteuil
ch2_p84_s1_c0,droit
ch2_p84_s1_c0,peintre
ch2_p84_s2_c0,machine
ch2_p84_s3_c0,chose
ch2_p84_s3_c0,public
ch2_p84_s3_c0,impression
ch2_p84_s3_c0,artiste
ch2_p84_s3_c0,question
ch2_p85_s0_c0,remarque
ch2_p85_s0_c0,swann
ch2_p85_s0_c0,phrase
ch2_p86_s0_c0,attention
ch2_p86_s0_c0,bête
ch2_p86_s0_c0,pointe
ch2_p86_s0_c0,aiguille
ch2_p86_s0_c0,temps
ch2_p86_s0_c0,cheveu
ch2_p86_s0_c0,genre
ch2_p86_s0_c0,maison
ch2_p86_s0_c0,mme
ch2_p86_s0_c0,verdurin
ch2_p86_s0_c0,docteur
ch2_p86_s0_c0,cottard
ch2_p86_s0_c0,admiration
ch2_p86_s0_c0,zèle
ch2_p86_s0_c0,milieu
ch2_p86_s0_c0,flot
ch2_p86_s0_c0,expression
ch2_p86_s0_c0,faite
ch2_p86_s1_c0,mme
ch2_p86_s1_c0,cottard
ch2_p86_s1_c0,sorte
ch2_p86_s1_c0,sens
ch2_p86_s1_c0,peuple
ch2_p86_s1_c0,opinion
ch2_p86_s1_c0,admiration
ch2_p86_s1_c0,musique
ch2_p86_s1_c0,fois
ch2_p86_s1_c0,peinture
ch2_p86_s1_c0,biche
ch2_p86_s2_c0,public
ch2_p86_s2_c0,charme
ch2_p86_s2_c0,grâce
ch2_p86_s2_c0,forme
ch2_p86_s2_c0,nature
ch2_p86_s2_c0,poncif
ch2_p86_s2_c0,art
ch2_p86_s2_c0,artiste
ch2_p86_s2_c0,poncif
ch2_p86_s2_c0,mme
ch2_p86_s2_c0,cottard
ch2_p86_s2_c0,image
ch2_p86_s2_c0,public
ch2_p86_s2_c0,sonate
ch2_p86_s2_c0,vinteuil
ch2_p86_s2_c0,portrait
ch2_p86_s2_c0,peintre
ch2_p86_s2_c0,harmonie
ch2_p86_s2_c0,musique
ch2_p86_s2_c0,beauté
ch2_p86_s2_c0,peinture
ch2_p86_s3_c0,pianiste
ch2_p86_s3_c0,sonate
ch2_p86_s3_c0,hasard
ch2_p86_s3_c0,piano
ch2_p86_s3_c0,note
ch2_p86_s3_c0,forme
ch2_p86_s3_c0,peintre
ch2_p86_s3_c0,hasard
ch2_p86_s3_c0,couleur
ch2_p86_s3_c0,toile
ch2_p86_s4_c0,forme
ch2_p86_s4_c0,élégance
ch2_p86_s4_c0,école
ch2_p86_s4_c0,peinture
ch2_p86_s4_c0,travers
ch2_p86_s4_c0,rue
ch2_p86_s4_c0,être
ch2_p86_s4_c0,vérité
ch2_p86_s4_c0,biche
ch2_p86_s4_c0,épaule
ch2_p86_s4_c0,femme
ch2_p86_s4_c0,cheveu
ch2_p87_s0_c0,fidèle
ch2_p87_s0_c0,docteur
ch2_p87_s0_c0,occasion
ch2_p87_s0_c0,mme
ch2_p87_s0_c0,verdurin
ch2_p87_s0_c0,mot
ch2_p87_s0_c0,sonate
ch2_p87_s0_c0,vinteuil
ch2_p87_s0_c0,nageur
ch2_p87_s0_c0,eau
ch2_p87_s0_c0,moment
ch2_p87_s0_c0,monde
ch2_p88_s0_c0,musicien
ch2_p88_s1_c0,brusque
ch2_p88_s1_c0,résolution
ch2_p89_s0_c0,swann
ch2_p89_s0_c0,apparition
ch2_p89_s0_c0,sonate
ch2_p89_s0_c0,vinteuil
ch2_p89_s0_c0,impression
ch2_p89_s0_c0,école
ch2_p89_s0_c0,tendance
ch2_p89_s0_c0,public
ch2_p90_s0_c0,vinteuil
ch2_p90_s0_c0,swann
ch2_p90_s0_c0,professeur
ch2_p90_s0_c0,piano
ch2_p90_s0_c0,sœur
ch2_p91_s0_c0,mme
ch2_p91_s0_c0,verdurin
ch2_p92_s1_c0,swann
ch2_p92_s2_c0,minute
ch2_p92_s2_c0,question
ch2_p93_s0_c0,question
ch2_p93_s1_c0,docteur
ch2_p94_s0_c0,parent
ch2_p94_s0_c0,swann
ch2_p94_s0_c0,homme
ch2_p94_s0_c0,génie
ch2_p94_s0_c0,cousin
ch2_p94_s0_c0,bête
ch2_p94_s1_c0,supplice
ch2_p94_s1_c0,bête
ch2_p94_s1_c0,auteur
ch2_p94_s1_c0,sonate
ch2_p94_s1_c0,supplice
ch2_p94_s1_c0,bête
ch2_p95_s0_c0,peintre
ch2_p95_s0_c0,vinteuil
ch2_p95_s0_c0,moment
ch2_p95_s0_c0,docteur
ch2_p96_s0_c0,mme
ch2_p96_s0_c0,verdurin
ch2_p96_s0_c0,potain
ch2_p97_s1_c0,monsieur
ch2_p97_s1_c0,verdurin
ch2_p97_s1_c0,cottard
ch2_p97_s1_c0,marivaudage
ch2_p97_s1_c0,confère
ch2_p97_s1_c0,maître
ch2_p98_s0_c0,peintre
ch2_p98_s0_c0,vinteuil
ch2_p98_s0_c0,aliénation
ch2_p98_s1_c0,passage
ch2_p98_s1_c0,sonate
ch2_p98_s2_c0,swann
ch2_p98_s2_c0,troubla
ch2_p98_s2_c0,œuvre
ch2_p98_s2_c0,musique
ch2_p98_s2_c0,rapport
ch2_p98_s2_c0,altération
ch2_p98_s2_c0,langage
ch2_p98_s2_c0,folie
ch2_p98_s2_c0,folie
ch2_p98_s2_c0,sonate
ch2_p98_s2_c0,chose
ch2_p98_s2_c0,folie
ch2_p98_s2_c0,chienne
ch2_p98_s2_c0,folie
ch2_p98_s2_c0,cheval
ch2_p99_s0_c0,maître
ch2_p99_s0_c0,fois
ch2_p99_s0_c0,mme
ch2_p99_s0_c0,verdurin
ch2_p99_s0_c0,docteur
ch2_p99_s0_c0,cottard
ch2_p99_s0_c0,courage
ch2_p99_s0_c0,opinion
ch2_p99_s0_c0,tête
ch2_p99_s0_c0,avis
ch2_p99_s1_c0,malade
ch2_p100_s0_c0,monsieur
ch2_p100_s0_c0,académie
ch2_p100_s0_c0,docteur
ch2_p100_s0_c0,air
ch2_p100_s1_c0,malade
ch2_p100_s1_c0,main
ch2_p100_s1_c0,prince
ch2_p100_s1_c0,science
ch2_p101_s2_c0,mme
ch2_p101_s2_c0,verdurin
ch2_p101_s3_c0,chic
ch2_p101_s3_c0,maladie
ch2_p101_s4_c0,coup
ch2_p101_s4_c0,figure
ch2_p101_s4_c0,main
ch2_p101_s5_c0,bête
ch2_p101_s5_c0,arbre
ch2_p102_s0_c0,verdurin
ch2_p102_s0_c0,rire
ch2_p102_s0_c0,bouffée
ch2_p102_s0_c0,pipe
ch2_p102_s0_c0,tristesse
ch2_p102_s0_c0,femme
ch2_p102_s0_c0,terrain
ch2_p102_s0_c0,amabilité
ch2_p103_s0_c0,ami
ch2_p103_s0_c0,mme
ch2_p103_s0_c0,verdurin
ch2_p103_s0_c0,odette
ch2_p103_s0_c0,moment
ch2_p103_s0_c0,bonsoir
ch2_p103_s1_c0,ami
ch2_p104_s0_c0,verdurin
ch2_p104_s0_c0,swann
ch2_p104_s0_c0,tante
ch2_p104_s0_c0,pianiste
ch2_p105_s0_c0,homme
ch2_p105_s0_c0,mme
ch2_p105_s0_c0,verdurin
ch2_p105_s0_c0,fois
ch2_p105_s0_c0,maison
ch2_p105_s0_c0,partie
ch2_p105_s0_c0,clan
ch2_p105_s0_c0,année
ch2_p105_s1_c0,fois
ch2_p105_s1_c0,langue
ch2_p105_s2_c0,odette
ch2_p105_s2_c0,châtelet
ch2_p107_s2_c0,moment
ch2_p108_s0_c0,surprise
ch2_p108_s0_c0,mme
ch2_p108_s0_c0,verdurin
ch2_p108_s1_c0,restaurant
ch2_p108_s1_c0,banlieue
ch2_p108_s1_c0,saison
ch2_p108_s1_c0,théâtre
ch2_p108_s1_c0,mme
ch2_p108_s1_c0,verdurin
ch2_p108_s1_c0,jour
ch2_p108_s1_c0,soir
ch2_p108_s1_c0,gala
ch2_p108_s1_c0,jour
ch2_p108_s1_c0,enterrement
ch2_p108_s1_c0,gambetta
ch2_p108_s1_c0,swann
ch2_p108_s1_c0,relation
ch2_p108_s1_c1,nombre
ch2_p108_s1_c1,faubourg
ch2_p108_s1_c1,habitude
ch2_p108_s1_c1,relation
ch2_p108_s1_c1,monde
ch2_p109_s0_c0,temps
ch2_p109_s0_c0,reprise
ch2_p109_s0_c0,danicheff
ch2_p109_s0_c0,préfet
ch2_p109_s0_c0,police
ch2_p109_s0_c0,elysée
ch2_p110_s0_c0,elysée
ch2_p110_s1_c0,docteur
ch2_p110_s1_c0,voix
ch2_p111_s0_c0,grévy
ch2_p111_s0_c0,swann
ch2_p111_s0_c0,phrase
ch2_p112_s0_c0,peintre
ch2_p112_s0_c0,docteur
ch2_p112_s0_c0,manière
ch2_p112_s0_c0,plaisanterie
ch2_p114_s0_c0,fois
ch2_p114_s0_c0,explication
ch2_p114_s0_c0,cottard
ch2_p114_s1_c0,trace
ch2_p114_s1_c0,émotion
ch2_p115_s0_c0,fois
ch2_p115_s0_c0,mot
ch2_p115_s0_c0,swann
ch2_p115_s0_c0,lieu
ch2_p115_s0_c0,apaisement
ch2_p115_s0_c0,comble
ch2_p115_s0_c0,étonnement
ch2_p115_s0_c0,homme
ch2_p115_s0_c0,fonction
ch2_p115_s0_c0,illustration
ch2_p115_s0_c0,sorte
ch2_p115_s0_c0,chef
ch2_p115_s0_c0,état
ch2_p116_s0_c0,grévy
ch2_p116_s1_c0,grévy
ch2_p116_s2_c0,swann
ch2_p116_s2_c0,air
ch2_p116_s2_c0,municipal
ch2_p116_s2_c0,président
ch2_p116_s2_c0,république
ch2_p116_s2_c0,mot
ch2_p116_s2_c0,affaire
ch2_p116_s2_c0,journal
ch2_p116_s2_c0,pauvre
ch2_p116_s2_c0,instant
ch2_p116_s2_c0,infirmerie
ch2_p116_s2_c0,dépôt
ch2_p117_s0_c0,connai
ch2_p117_s0_c0,ami
ch2_p117_s0_c0,prince
ch2_p117_s0_c0,galles
ch2_p117_s0_c0,déjeuner
ch2_p117_s0_c0,table
ch2_p117_s0_c0,swann
ch2_p117_s0_c0,oeil
ch2_p117_s0_c0,interlocuteur
ch2_p117_s0_c0,relation
ch2_p117_s0_c0,président
ch2_p117_s0_c0,république
ch2_p118_s0_c0,cottard
ch2_p118_s0_c0,parole
ch2_p118_s0_c0,swann
ch2_p118_s0_c0,opinion
ch2_p118_s0_c0,sujet
ch2_p118_s0_c0,valeur
ch2_p118_s0_c0,invitation
ch2_p118_s0_c0,grévy
ch2_p118_s0_c0,chose
ch2_p118_s0_c0,rue
ch2_p118_s1_c0,swann
ch2_p118_s1_c0,fréquentât
ch2_p118_s1_c0,elysée
ch2_p118_s1_c0,déjeuner
ch2_p118_s1_c0,invité
ch2_p119_s1_c0,douanier
ch2_p119_s1_c0,heure
ch2_p119_s1_c0,explication
ch2_p119_s1_c0,visa
ch2_p119_s1_c0,malle
ch2_p120_s1_c0,déjeuner
ch2_p120_s1_c0,vertu
ch2_p120_s1_c0,mme
ch2_p120_s1_c0,verdurin
ch2_p120_s1_c0,président
ch2_p120_s1_c0,république
ch2_p120_s1_c0,ennuyeu
ch2_p120_s1_c0,moyen
ch2_p120_s1_c0,séduction
ch2_p120_s1_c0,contrainte
ch2_p120_s1_c0,employé
ch2_p120_s1_c0,égard
ch2_p120_s1_c0,fidèle
ch2_p120_s2_c0,pot
ch2_p120_s2_c0,doigt
ch2_p121_s0_c0,docteur
ch2_p121_s0_c0,nuance
ch2_p121_s0_c0,commisération
ch2_p121_s0_c0,chiffre
ch2_p121_s0_c0,convive
ch2_p121_s0_c0,déjeuner
ch2_p121_s1_c0,zèle
ch2_p121_s1_c0,linguiste
ch2_p121_s1_c0,curiosité
ch2_p121_s1_c0,badaud
ch2_p122_s0_c0,prestige
ch2_p122_s0_c0,oeil
ch2_p122_s0_c0,président
ch2_p122_s0_c0,république
ch2_p122_s0_c0,humilité
ch2_p122_s0_c0,swann
ch2_p122_s0_c0,malveillance
ch2_p122_s0_c0,mme
ch2_p122_s0_c0,verdurin
ch2_p122_s0_c0,dîner
ch2_p122_s0_c0,cottard
ch2_p122_s0_c0,intérêt
ch2_p122_s0_c0,soir
ch2_p122_s0_c0,swann
ch2_p122_s1_c0,relation
ch2_p122_s1_c0,grévy
ch2_p122_s2_c0,gentleman
ch2_p122_s3_c0,carte
ch2_p122_s3_c0,invitation
ch2_p122_s3_c0,exposition
ch2_p123_s0_c0,personne
ch2_p123_s0_c0,chien
ch2_p123_s1_c0,ami
ch2_p123_s1_c0,doigt
ch2_p124_s0_c0,verdurin
ch2_p124_s0_c0,femme
ch2_p124_s0_c0,découverte
ch2_p124_s0_c0,swann
ch2_p124_s0_c0,amitié
ch2_p125_s0_c0,partie
ch2_p125_s0_c0,verdurin
ch2_p125_s0_c0,swann
ch2_p125_s0_c0,noyau
ch2_p125_s0_c0,soir
ch2_p125_s0_c0,dîner
ch2_p125_s0_c0,instance
ch2_p125_s0_c0,odette
ch2_p126_s0_c0,dîner
ch2_p127_s0_c0,mme
ch2_p127_s0_c0,verdurin
ch2_p128_s2_c0,robe
ch2_p128_s2_c0,cab
ch2_p128_s2_c0,retard
ch2_p128_s3_c0,moyen
ch2_p130_s0_c0,swann
ch2_p130_s0_c0,odette
ch2_p130_s0_c0,dîner
ch2_p130_s0_c0,plaisir
ch2_p130_s0_c0,goût
ch2_p130_s0_c0,satiété
ch2_p130_s1_c0,part
ch2_p130_s1_c0,odette
ch2_p130_s1_c0,beauté
ch2_p130_s1_c0,bouffir
ch2_p130_s1_c0,rose
ch2_p130_s1_c0,commencement
ch2_p130_s1_c0,soirée
ch2_p130_s1_c0,odette
ch2_p130_s2_c0,raison
ch2_p130_s2_c0,odette
ch2_p130_s2_c0,verdurin
ch2_p130_s3_c0,coin
ch2_p130_s3_c0,rue
ch2_p130_s3_c0,cocher
ch2_p130_s3_c0,rémi
ch2_p130_s3_c0,côté
ch2_p130_s3_c0,swann
ch2_p130_s3_c0,bras
ch2_p130_s3_c0,moment
ch2_p130_s3_c0,voiture
ch2_p130_s3_c0,verdurin
ch2_p130_s4_c0,entrée
ch2_p130_s4_c0,mme
ch2_p130_s4_c0,verdurin
ch2_p130_s4_c0,rose
ch2_p130_s4_c0,matin
ch2_p130_s4_c0,place
ch2_p130_s4_c0,côté
ch2_p130_s4_c0,odette
ch2_p130_s4_c0,pianiste
ch2_p130_s4_c0,phrase
ch2_p130_s4_c0,vinteuil
ch2_p130_s4_c0,air
ch2_p130_s4_c0,amour
ch2_p130_s5_c0,tenue
ch2_p130_s5_c0,trémolo
ch2_p130_s5_c0,violon
ch2_p130_s5_c0,mesure
ch2_p130_s5_c0,plan
ch2_p130_s5_c0,coup
ch2_p130_s5_c0,tableau
ch2_p130_s5_c0,pieter
ch2_p130_s5_c0,hooch
ch2_p130_s5_c0,cadre
ch2_p130_s5_c0,porte
ch2_p130_s5_c0,couleur
ch2_p130_s5_c0,velouté
ch2_p130_s5_c0,lumière
ch2_p130_s5_c0,phrase
ch2_p130_s5_c1,monde
ch2_p130_s6_c0,pli
ch2_p130_s6_c0,immortel
ch2_p130_s6_c0,don
ch2_p130_s6_c0,grâce
ch2_p130_s6_c0,swann
ch2_p130_s6_c0,désenchantement
ch2_p130_s7_c0,vanité
ch2_p130_s7_c0,bonheur
ch2_p130_s7_c0,voie
ch2_p130_s8_c0,grâce
ch2_p130_s8_c0,chose
ch2_p130_s8_c0,détachement
ch2_p130_s8_c0,regret
ch2_p130_s9_c0,musicien
ch2_p130_s9_c0,existence
ch2_p130_s9_c0,odette
ch2_p130_s9_c0,siècle
ch2_p130_s9_c0,gage
ch2_p130_s9_c0,souvenir
ch2_p130_s9_c0,amour
ch2_p130_s9_c0,verdurin
ch2_p130_s9_c0,pianiste
ch2_p130_s9_c0,odette
ch2_p130_s9_c0,temps
ch2_p130_s9_c0,point
ch2_p130_s9_c0,odette
ch2_p130_s9_c1,caprice
ch2_p130_s9_c1,projet
ch2_p130_s9_c1,artiste
ch2_p130_s9_c1,sonate
ch2_p130_s9_c1,passage
ch2_p130_s10_c0,besoin
ch2_p130_s12_c0,morceau
ch2_p130_s13_c0,moment
ch2_p130_s13_c0,signification
ch2_p130_s13_c0,beauté
ch2_p130_s13_c0,bijou
ch2_p130_s13_c0,lettre
ch2_p130_s13_c0,femme
ch2_p130_s13_c0,eau
ch2_p130_s13_c0,gemme
ch2_p130_s13_c0,mot
ch2_p130_s13_c0,langage
ch2_p130_s13_c1,essence
ch2_p130_s13_c1,liaison
ch2_p131_s0_c0,verdurin
ch2_p131_s0_c0,fois
ch2_p131_s0_c0,phrase
ch2_p131_s0_c0,pianiste
ch2_p131_s0_c0,swann
ch2_p131_s0_c0,heure
ch2_p131_s0_c0,odette
ch2_p131_s0_c0,rentrer
ch2_p131_s1_c0,porte
ch2_p131_s1_c0,hôtel
ch2_p131_s1_c0,rue
ch2_p131_s1_c0,pérouse
ch2_p131_s1_c0,arc
ch2_p131_s1_c0,triomphe
ch2_p131_s2_c0,cause
ch2_p131_s2_c0,faveur
ch2_p131_s2_c0,plaisir
ch2_p131_s2_c0,verdurin
ch2_p131_s2_c0,exercice
ch2_p131_s2_c0,droit
ch2_p131_s2_c0,ensemble
ch2_p131_s2_c0,prix
ch2_p131_s2_c0,grâce
ch2_p131_s2_c0,impression
ch2_p132_s0_c0,voiture
ch2_p132_s0_c0,swann
ch2_p132_s0_c0,soir
ch2_p132_s0_c0,jardin
ch2_p132_s0_c0,maison
ch2_p132_s0_c0,chrysanthème
ch2_p132_s1_c0,bouche
ch2_p132_s1_c0,bout
ch2_p132_s1_c0,jour
ch2_p132_s1_c0,fleur
ch2_p132_s1_c0,secrétaire
ch2_p133_s1_c0,fois
ch2_p133_s1_c0,opération
ch2_p133_s1_c0,thé
ch2_p133_s2_c0,isolement
ch2_p133_s2_c0,vide
ch2_p133_s2_c0,rue
ch2_p133_s2_c0,hôtel
ch2_p133_s2_c0,coup
ch2_p133_s2_c0,monotonie
ch2_p133_s2_c0,sinistre
ch2_p133_s2_c0,échoppe
ch2_p133_s2_c0,témoignage
ch2_p133_s2_c0,temps
ch2_p133_s2_c0,quartier
ch2_p133_s2_c0,neige
ch2_p133_s2_c0,jardin
ch2_p133_s2_c0,arbre
ch2_p133_s2_c0,négligé
ch2_p133_s2_c0,saison
ch2_p133_s2_c0,voisinage
ch2_p133_s2_c0,nature
ch2_p133_s2_c0,chose
ch2_p133_s2_c0,chaleur
ch2_p133_s2_c0,fleur
ch2_p134_s0_c0,gauche
ch2_p134_s0_c0,chambre
ch2_p134_s0_c0,odette
ch2_p134_s0_c0,rue
ch2_p134_s0_c0,escalier
ch2_p134_s0_c0,mur
ch2_p134_s0_c0,couleur
ch2_p134_s0_c0,étoffe
ch2_p134_s0_c0,fils
ch2_p134_s0_c0,chapelet
ch2_p134_s0_c0,lanterne
ch2_p134_s0_c0,cordelette
ch2_p134_s0_c0,soie
ch2_p134_s0_c0,visiteur
ch2_p134_s0_c0,confort
ch2_p134_s0_c0,civilisation
ch2_p134_s0_c0,gaz
ch2_p134_s0_c1,salon
ch2_p134_s0_c1,salon
ch2_p134_s1_c0,étroit
ch2_p134_s1_c0,mur
ch2_p134_s1_c0,quadrillé
ch2_p134_s1_c0,treillage
ch2_p134_s1_c0,jardin
ch2_p134_s1_c0,longueur
ch2_p134_s1_c0,caisse
ch2_p134_s1_c0,serre
ch2_p134_s1_c0,rangée
ch2_p134_s1_c0,chrysanthème
ch2_p134_s1_c0,époque
ch2_p134_s1_c0,horticulteur
ch2_p134_s2_c0,swann
ch2_p134_s2_c0,mode
ch2_p134_s2_c0,année
ch2_p134_s2_c0,plaisir
ch2_p134_s2_c0,fois
ch2_p134_s2_c0,pénombre
ch2_p134_s2_c0,pièce
ch2_p134_s2_c0,rose
ch2_p134_s2_c0,rayon
ch2_p134_s2_c0,astre
ch2_p134_s2_c0,jour
ch2_p134_s3_c0,odette
ch2_p134_s3_c0,robe
ch2_p134_s3_c0,chambre
ch2_p134_s3_c0,soie
ch2_p134_s3_c0,cou
ch2_p134_s3_c0,bras
ch2_p134_s4_c0,retrait
ch2_p134_s4_c0,enfoncement
ch2_p134_s4_c0,salon
ch2_p134_s4_c0,palmier
ch2_p134_s4_c0,chine
ch2_p134_s4_c0,paravent
ch2_p134_s4_c0,photographie
ch2_p134_s4_c0,nœud
ch2_p134_s4_c0,ruban
ch2_p134_s4_c0,éventail
ch2_p134_s5_c0,rire
ch2_p134_s5_c0,invention
ch2_p134_s5_c0,tête
ch2_p134_s5_c0,swann
ch2_p134_s5_c0,pied
ch2_p134_s5_c0,coussin
ch2_p134_s5_c0,soie
ch2_p134_s5_c0,richesse
ch2_p134_s5_c0,valeur
ch2_p134_s6_c0,valet
ch2_p134_s6_c0,chambre
ch2_p134_s6_c0,lampe
ch2_p134_s6_c0,potiche
ch2_p134_s6_c0,couple
ch2_p134_s6_c0,meuble
ch2_p134_s6_c0,autel
ch2_p134_s6_c0,crépuscule
ch2_p134_s6_c0,fin
ch2_p134_s6_c0,hiver
ch2_p134_s6_c0,coucher
ch2_p134_s6_c0,soleil
ch2_p134_s6_c1,rue
ch2_p134_s6_c1,amoureux
ch2_p134_s6_c1,mystère
ch2_p134_s6_c1,présence
ch2_p134_s6_c1,décelaient
ch2_p134_s6_c1,fois
ch2_p134_s6_c1,vitre
ch2_p134_s6_c1,coin
ch2_p134_s6_c1,œil
ch2_p134_s6_c1,place
ch2_p134_s7_c0,ensemble
ch2_p134_s7_c0,salon
ch2_p134_s7_c0,portrait
ch2_p134_s7_c0,chevalet
ch2_p134_s7_c0,drapé
ch2_p134_s7_c0,peluche
ch2_p134_s8_c0,fièvre
ch2_p134_s8_c0,mouvement
ch2_p134_s8_c0,homme
ch2_p134_s8_c0,réprimander
ch2_p134_s8_c0,jardinière
ch2_p134_s8_c0,peur
ch2_p134_s8_c0,abîmer
ch2_p134_s9_c0,bibelot
ch2_p134_s9_c0,forme
ch2_p134_s9_c0,orchidée
ch2_p134_s9_c0,catleya
ch2_p134_s9_c0,chrysanthème
ch2_p134_s9_c0,fleur
ch2_p134_s9_c0,mérite
ch2_p134_s9_c0,fleur
ch2_p134_s9_c0,soie
ch2_p134_s9_c0,satin
ch2_p134_s10_c0,air
ch2_p134_s10_c0,doublure
ch2_p134_s10_c0,manteau
ch2_p134_s10_c0,swann
ch2_p134_s10_c0,orchidée
ch2_p134_s10_c0,nuance
ch2_p134_s10_c0,estime
ch2_p134_s10_c0,fleur
ch2_p134_s10_c0,sœur
ch2_p134_s10_c0,nature
ch2_p134_s10_c0,échelle
ch2_p134_s10_c0,être
ch2_p134_s10_c0,femme
ch2_p134_s10_c0,place
ch2_p134_s10_c0,salon
ch2_p134_s11_c0,tour
ch2_p134_s11_c0,tour
ch2_p134_s11_c0,chimère
ch2_p134_s11_c0,langue
ch2_p134_s11_c0,feu
ch2_p134_s11_c0,potiche
ch2_p134_s11_c0,brodée
ch2_p134_s11_c0,écran
ch2_p134_s11_c0,corolle
ch2_p134_s11_c0,bouquet
ch2_p134_s11_c0,orchidée
ch2_p134_s11_c0,dromadaire
ch2_p134_s11_c0,argent
ch2_p134_s11_c0,oeil
ch2_p134_s11_c0,rubis
ch2_p134_s11_c0,cheminée
ch2_p134_s11_c0,crapaud
ch2_p134_s11_c0,jade
ch2_p134_s11_c0,tour
ch2_p134_s11_c0,tour
ch2_p134_s11_c0,peur
ch2_p134_s11_c0,méchanceté
ch2_p134_s11_c0,rire
ch2_p134_s11_c0,cocasserie
ch2_p134_s11_c0,monstre
ch2_p134_s11_c1,indécence
ch2_p134_s11_c1,fleur
ch2_p134_s11_c1,désir
ch2_p134_s11_c1,dromadaire
ch2_p134_s11_c1,crapaud
ch2_p134_s11_c1,chéri
ch2_p134_s12_c0,affectation
ch2_p134_s12_c0,sincérité
ch2_p134_s12_c0,dévotion
ch2_p134_s12_c0,laghet
ch2_p134_s12_c0,jadis
ch2_p134_s12_c0,nice
ch2_p134_s12_c0,guérie
ch2_p134_s12_c0,maladie
ch2_p134_s12_c0,médaille
ch2_p134_s12_c0,pouvoir
ch2_p134_s12_c0,limite
ch2_p134_s13_c0,odette
ch2_p134_s13_c0,swann
ch2_p134_s13_c0,thé
ch2_p134_s13_c0,citron
ch2_p134_s13_c0,crème
ch2_p134_s14_c0,crème
ch2_p134_s14_c0,nuage
ch2_p134_s16_c0,thé
ch2_p134_s16_c0,swann
ch2_p134_s16_c0,chose
ch2_p134_s16_c0,amour
ch2_p134_s16_c0,besoin
ch2_p134_s16_c0,justification
ch2_p134_s16_c0,garantie
ch2_p134_s16_c0,durée
ch2_p134_s16_c0,plaisir
ch2_p134_s16_c0,contraire
ch2_p134_s16_c0,heure
ch2_p134_s16_c0,trajet
ch2_p134_s16_c0,coupé
ch2_p134_s16_c0,joie
ch2_p134_s16_c1,chose
ch2_p134_s16_c1,thé
ch2_p134_s17_c0,heure
ch2_p134_s17_c0,mot
ch2_p134_s17_c0,odette
ch2_p134_s17_c0,suite
ch2_p134_s17_c0,écriture
ch2_p134_s17_c0,affectation
ch2_p134_s17_c0,raideur
ch2_p134_s17_c0,apparence
ch2_p134_s17_c0,discipline
ch2_p134_s17_c0,caractère
ch2_p134_s17_c0,oeil
ch2_p134_s17_c0,désordre
ch2_p134_s17_c0,pensée
ch2_p134_s17_c0,insuffisance
ch2_p134_s17_c0,éducation
ch2_p134_s17_c0,manque
ch2_p134_s17_c0,franchise
ch2_p134_s17_c0,volonté
ch2_p134_s18_c0,swann
ch2_p134_s18_c0,étui
ch2_p134_s18_c0,cigarette
ch2_p134_s18_c0,odette
ch2_p134_s19_c0,cœur
ch2_p135_s0_c0,visite
ch2_p135_s0_c0,importance
ch2_p135_s1_c0,jour
ch2_p135_s1_c0,fois
ch2_p135_s1_c0,avance
ch2_p135_s1_c0,nécessité
ch2_p135_s1_c0,figure
ch2_p135_s1_c0,pommette
ch2_p135_s1_c0,rose
ch2_p135_s1_c0,joue
ch2_p135_s1_c0,point
ch2_p135_s1_c0,preuve
ch2_p135_s1_c0,bonheur
ch2_p135_s2_c0,gravure
ch2_p135_s3_c0,peignoir
ch2_p135_s3_c0,crêpe
ch2_p135_s3_c0,chine
ch2_p135_s3_c0,mauve
ch2_p135_s3_c0,poitrine
ch2_p135_s3_c0,manteau
ch2_p135_s3_c0,étoffe
ch2_p135_s4_c0,côté
ch2_p135_s4_c0,long
ch2_p135_s4_c0,joue
ch2_p135_s4_c0,cheveu
ch2_p135_s4_c0,jambe
ch2_p135_s4_c0,attitude
ch2_p135_s4_c0,fatigue
ch2_p135_s4_c0,gravure
ch2_p135_s4_c0,tête
ch2_p135_s4_c0,oeil
ch2_p135_s4_c0,fatigué
ch2_p135_s4_c0,maussade
ch2_p135_s4_c0,swann
ch2_p135_s4_c0,ressemblance
ch2_p135_s4_c0,figure
ch2_p135_s4_c0,zéphora
ch2_p135_s4_c0,fille
ch2_p135_s4_c0,jéthro
ch2_p135_s4_c0,fresque
ch2_p135_s4_c0,chapelle
ch2_p135_s4_c0,sixtine
ch2_p135_s5_c0,swann
ch2_p135_s5_c0,goût
ch2_p135_s5_c0,peinture
ch2_p135_s5_c0,maître
ch2_p135_s5_c0,caractère
ch2_p135_s5_c0,réalité
ch2_p135_s5_c0,contraire
ch2_p135_s5_c0,généralité
ch2_p135_s5_c0,trait
ch2_p135_s5_c0,visage
ch2_p135_s5_c0,matière
ch2_p135_s5_c0,buste
ch2_p135_s5_c0,doge
ch2_p135_s5_c0,lorédan
ch2_p135_s5_c0,antoine
ch2_p135_s5_c0,rizzo
ch2_p135_s5_c0,saillie
ch2_p135_s5_c0,pommette
ch2_p135_s5_c0,obliquité
ch2_p135_s5_c0,sourcil
ch2_p135_s5_c1,ressemblance
ch2_p135_s5_c1,rémi
ch2_p135_s5_c1,couleur
ch2_p135_s5_c1,ghirlandajo
ch2_p135_s5_c1,nez
ch2_p135_s5_c1,palancy
ch2_p135_s5_c1,portrait
ch2_p135_s5_c1,tintoret
ch2_p135_s5_c1,envahissement
ch2_p135_s5_c1,gras
ch2_p135_s5_c1,implantation
ch2_p135_s5_c1,poil
ch2_p135_s5_c1,favori
ch2_p135_s5_c1,cassure
ch2_p135_s5_c1,nez
ch2_p135_s5_c1,pénétration
ch2_p135_s5_c1,regard
ch2_p135_s5_c1,congestion
ch2_p135_s5_c1,paupière
ch2_p135_s5_c1,docteur
ch2_p135_s5_c1,boulbon
ch2_p135_s6_c0,remords
ch2_p135_s6_c0,vie
ch2_p135_s6_c0,relation
ch2_p135_s6_c0,conversation
ch2_p135_s6_c0,sorte
ch2_p135_s6_c0,artiste
ch2_p135_s6_c0,plaisir
ch2_p135_s6_c0,œuvre
ch2_p135_s6_c0,visage
ch2_p135_s6_c0,singulier
ch2_p135_s6_c0,certificat
ch2_p135_s6_c0,réalité
ch2_p135_s6_c0,vie
ch2_p135_s6_c1,saveur
ch2_p135_s6_c1,frivolité
ch2_p135_s6_c1,monde
ch2_p135_s6_c1,besoin
ch2_p135_s6_c1,œuvre
ch2_p135_s6_c1,allusion
ch2_p135_s6_c1,nom
ch2_p135_s7_c0,contraire
ch2_p135_s7_c0,nature
ch2_p135_s7_c0,artiste
ch2_p135_s7_c0,caractéristique
ch2_p135_s7_c0,causassent
ch2_p135_s7_c0,plaisir
ch2_p135_s7_c0,signification
ch2_p135_s7_c0,ressemblance
ch2_p135_s7_c0,portrait
ch2_p135_s8_c0,plénitude
ch2_p135_s8_c0,impression
ch2_p135_s8_c0,temps
ch2_p135_s8_c0,amour
ch2_p135_s8_c0,musique
ch2_p135_s8_c0,goût
ch2_p135_s8_c0,peinture
ch2_p135_s8_c0,plaisir
ch2_p135_s8_c0,swann
ch2_p135_s8_c0,influence
ch2_p135_s8_c1,moment
ch2_p135_s8_c1,ressemblance
ch2_p135_s8_c1,odette
ch2_p135_s8_c1,zéphora
ch2_p135_s8_c1,sandro
ch2_p135_s8_c1,mariano
ch2_p135_s8_c1,volontiers
ch2_p135_s8_c1,surnom
ch2_p135_s8_c1,botticelli
ch2_p135_s8_c1,lieu
ch2_p135_s8_c1,œuvre
ch2_p135_s8_c1,peintre
ch2_p135_s8_c1,idée
ch2_p135_s9_c0,visage
ch2_p135_s9_c0,odette
ch2_p135_s9_c0,qualité
ch2_p135_s9_c0,joue
ch2_p135_s9_c0,douceur
ch2_p135_s9_c0,lèvre
ch2_p135_s9_c0,écheveau
ch2_p135_s9_c0,ligne
ch2_p135_s9_c0,regard
ch2_p135_s9_c0,courbe
ch2_p135_s9_c0,enroulement
ch2_p135_s9_c0,cadence
ch2_p135_s9_c0,nuque
ch2_p135_s9_c0,effusion
ch2_p135_s9_c0,cheveu
ch2_p135_s9_c0,flexion
ch2_p135_s9_c0,paupière
ch2_p135_s9_c1,portrait
ch2_p135_s9_c1,type
ch2_p136_s0_c0,fragment
ch2_p136_s0_c0,fresque
ch2_p136_s0_c0,visage
ch2_p136_s0_c0,corps
ch2_p136_s0_c0,odette
ch2_p136_s0_c0,doute
ch2_p136_s0_c0,chef
ch2_p136_s0_c0,œuvre
ch2_p136_s0_c0,ressemblance
ch2_p136_s0_c0,beauté
ch2_p136_s1_c0,swann
ch2_p136_s1_c0,prix
ch2_p136_s1_c0,sandro
ch2_p136_s1_c0,plaisir
ch2_p136_s1_c0,odette
ch2_p136_s1_c0,justification
ch2_p136_s1_c0,culture
ch2_p136_s2_c0,pensée
ch2_p136_s2_c0,odette
ch2_p136_s2_c0,rêve
ch2_p136_s2_c0,bonheur
ch2_p136_s2_c0,pis
ch2_p136_s2_c0,goût
ch2_p136_s2_c0,art
ch2_p136_s3_c0,odette
ch2_p136_s3_c0,femme
ch2_p136_s3_c0,désir
ch2_p136_s3_c0,désir
ch2_p136_s3_c0,sens
ch2_p136_s3_c0,goût
ch2_p136_s4_c0,mot
ch2_p136_s4_c0,service
ch2_p136_s4_c0,swann
ch2_p136_s5_c0,titre
ch2_p136_s5_c0,image
ch2_p136_s5_c0,odette
ch2_p136_s5_c0,monde
ch2_p136_s5_c0,rêve
ch2_p136_s5_c0,accès
ch2_p136_s5_c0,noblesse
ch2_p136_s6_c0,vue
ch2_p136_s6_c0,femme
ch2_p136_s6_c0,doute
ch2_p136_s6_c0,qualité
ch2_p136_s6_c0,visage
ch2_p136_s6_c0,corps
ch2_p136_s6_c0,beauté
ch2_p136_s6_c0,amour
ch2_p136_s6_c0,doute
ch2_p136_s6_c0,amour
ch2_p136_s6_c0,place
ch2_p136_s6_c0,base
ch2_p136_s6_c0,donnée
ch2_p136_s6_c0,baiser
ch2_p136_s6_c0,possession
ch2_p136_s6_c0,chair
ch2_p136_s6_c1,adoration
ch2_p136_s6_c1,pièce
ch2_p136_s6_c1,musée
ch2_p137_s0_c0,mois
ch2_p137_s0_c0,odette
ch2_p137_s0_c0,temps
ch2_p137_s0_c0,chef
ch2_p137_s0_c0,œuvre
ch2_p137_s0_c0,fois
ch2_p137_s0_c0,matière
ch2_p137_s0_c0,exemplaire
ch2_p137_s0_c0,humilité
ch2_p137_s0_c0,spiritualité
ch2_p137_s0_c0,désintéressement
ch2_p137_s0_c0,artiste
ch2_p137_s0_c0,orgueil
ch2_p137_s0_c1,égoïsme
ch2_p137_s0_c1,sensualité
ch2_p137_s0_c1,collectionneur
ch2_p138_s0_c0,table
ch2_p138_s0_c0,travail
ch2_p138_s0_c0,photographie
ch2_p138_s0_c0,odette
ch2_p138_s0_c0,reproduction
ch2_p138_s0_c0,fille
ch2_p138_s0_c0,jéthro
ch2_p138_s1_c0,oeil
ch2_p138_s1_c0,visage
ch2_p138_s1_c0,peau
ch2_p138_s1_c0,boucle
ch2_p138_s1_c0,cheveu
ch2_p138_s1_c0,long
ch2_p138_s1_c0,joue
ch2_p138_s1_c0,idée
ch2_p138_s1_c0,femme
ch2_p138_s1_c0,mérite
ch2_p138_s2_c0,vague
ch2_p138_s2_c0,sympathie
ch2_p138_s2_c0,chef
ch2_p138_s2_c0,œuvre
ch2_p138_s2_c0,fille
ch2_p138_s2_c0,jéthro
ch2_p138_s2_c0,désir
ch2_p138_s2_c0,corps
ch2_p138_s2_c0,odette
ch2_p138_s3_c0,botticelli
ch2_p138_s3_c0,botticelli
ch2_p138_s3_c0,photographie
ch2_p138_s3_c0,zéphora
ch2_p138_s3_c0,odette
ch2_p138_s3_c0,cœur
ch2_p139_s0_c0,lassitude
ch2_p139_s0_c0,odette
ch2_p139_s0_c0,odette
ch2_p139_s0_c0,facilité
ch2_p139_s0_c0,façon
ch2_p139_s0_c0,ensemble
ch2_p139_s0_c1,espoir
ch2_p139_s0_c1,jour
ch2_p139_s0_c1,passion
ch2_p139_s1_c0,aspect
ch2_p139_s1_c0,odette
ch2_p139_s1_c0,peur
ch2_p139_s1_c0,coup
ch2_p139_s1_c0,lettre
ch2_p139_s1_c0,déception
ch2_p139_s1_c0,colère
ch2_p139_s1_c0,dîner
ch2_p139_s2_c0,contraction
ch2_p139_s2_c0,peur
ch2_p139_s2_c0,âme
ch2_p139_s2_c0,jailliraient
ch2_p139_s2_c0,mot
ch2_p139_s2_c0,lettre
ch2_p139_s2_c1,midi
ch2_p139_s2_c1,maison
ch2_p139_s2_c1,dorée
ch2_p139_s2_c1,jour
ch2_p139_s2_c1,fête
ch2_p139_s2_c1,paris
ch2_p139_s2_c1,murcie
ch2_p139_s2_c1,inondé
ch2_p139_s2_c1,murcie
ch2_p139_s2_c1,mot
ch2_p139_s2_c1,ami
ch2_p139_s2_c1,main
ch2_p139_s2_c1,peine
ch2_p139_s2_c1,tiroir
ch2_p139_s2_c1,fleur
ch2_p139_s2_c1,chrysanthème
ch2_p139_s3_c0,temps
ch2_p139_s3_c0,verdurin
ch2_p139_s3_c0,curiosité
ch2_p139_s3_c0,visage
ch2_p139_s3_c0,parole
ch2_p139_s3_c0,cœur
ch2_p140_s0_c0,rien
ch2_p140_s0_c0,verdurin
ch2_p140_s0_c0,lampe
ch2_p140_s0_c0,fenêtre
ch2_p140_s0_c0,volet
ch2_p140_s0_c0,lumière
ch2_p140_s1_c0,ombre
ch2_p140_s1_c0,invité
ch2_p140_s1_c0,écran
ch2_p140_s1_c0,lampe
ch2_p140_s1_c0,gravure
ch2_p140_s1_c0,place
ch2_p140_s1_c0,place
ch2_p140_s1_c0,feuillet
ch2_p140_s2_c0,silhouette
ch2_p140_s2_c0,odette
ch2_p140_s3_c0,compte
ch2_p140_s3_c0,oeil
ch2_p140_s3_c0,joie
ch2_p140_s3_c0,verdurin
ch2_p140_s3_c0,peintre
ch2_p140_s4_c0,présence
ch2_p140_s4_c0,odette
ch2_p140_s4_c0,swann
ch2_p140_s4_c0,maison
ch2_p140_s4_c0,sorte
ch2_p140_s4_c0,appareil
ch2_p140_s4_c0,réseau
ch2_p140_s4_c0,pièce
ch2_p140_s4_c0,excitation
ch2_p140_s4_c0,cœur
ch2_p141_s0_c0,fonctionnement
ch2_p141_s0_c0,organisme
ch2_p141_s0_c0,clan
ch2_p141_s0_c0,swann
ch2_p141_s0_c0,odette
ch2_p141_s0_c0,indifférence
ch2_p141_s0_c0,désir
ch2_p141_s0_c0,risque
ch2_p141_s0_c0,journée
ch2_p141_s0_c0,soir
ch2_p142_s0_c0,fois
ch2_p142_s0_c0,maussaderie
ch2_p142_s0_c0,ensemble
ch2_p142_s0_c0,bois
ch2_p142_s0_c0,moment
ch2_p142_s0_c0,verdurin
ch2_p142_s0_c0,odette
ch2_p142_s1_c0,salon
ch2_p142_s1_c0,swann
ch2_p142_s1_c0,souffrance
ch2_p142_s1_c0,cœur
ch2_p142_s1_c0,plaisir
ch2_p142_s1_c0,fois
ch2_p142_s1_c0,certitude
ch2_p142_s1_c0,plaisir
ch2_p142_s1_c0,grandeur
ch2_p143_s0_c0,tête
ch2_p143_s1_c0,verdurin
ch2_p143_s1_c0,femme
ch2_p144_s0_c0,tête
ch2_p144_s1_c0,violence
ch2_p144_s1_c0,docteur
ch2_p144_s1_c0,cottard
ch2_p144_s1_c0,instant
ch2_p144_s1_c0,malade
ch2_p144_s1_c0,femme
ch2_p145_s0_c0,swann
ch2_p146_s1_c0,swann
ch2_p147_s1_c0,instant
ch2_p147_s2_c0,swann
ch2_p147_s3_c0,odette
ch2_p147_s3_c0,partie
ch2_p148_s0_c0,heure
ch2_p148_s0_c0,berger
ch2_p148_s0_c0,docteur
ch2_p148_s0_c0,prudence
ch2_p148_s0_c0,sens
ch2_p148_s0_c0,expression
ch2_p149_s0_c0,tort
ch2_p149_s0_c0,cruche
ch2_p150_s0_c0,verdurin
ch2_p151_s0_c0,mme
ch2_p151_s0_c0,verdurin
ch2_p151_s1_c0,affaire
ch2_p151_s2_c0,moment
ch2_p151_s3_c0,fort
ch2_p151_s3_c0,tour
ch2_p151_s3_c0,manière
ch2_p151_s3_c0,peur
ch2_p151_s3_c0,sentiment
ch2_p152_s0_c0,avis
ch2_p152_s0_c0,verdurin
ch2_p152_s0_c0,demi
ch2_p152_s0_c0,monsieur
ch2_p152_s0_c0,poseur
ch2_p153_s0_c0,mme
ch2_p153_s0_c0,verdurin
ch2_p153_s0_c0,expression
ch2_p153_s0_c0,statue
ch2_p153_s0_c0,fiction
ch2_p153_s0_c0,mot
ch2_p153_s0_c0,poseur
ch2_p153_s0_c0,air
ch2_p154_s0_c0,monsieur
ch2_p154_s0_c0,vertueuse
ch2_p154_s0_c0,verdurin
ch2_p154_s1_c0,air
ch2_p154_s2_c0,soir
ch2_p154_s2_c0,sonate
ch2_p154_s2_c0,vinteuil
ch2_p154_s2_c0,odette
ch2_p154_s2_c0,cœur
ch2_p154_s2_c0,théorie
ch2_p154_s2_c0,jobard
ch2_p155_s0_c0,voyons
ch2_p155_s0_c0,mal
ch2_p155_s0_c0,odette
ch2_p155_s0_c0,mme
ch2_p155_s0_c0,verdurin
ch2_p155_s0_c0,enfant
ch2_p156_s0_c0,mal
ch2_p156_s0_c0,vertu
ch2_p156_s0_c0,intelligence
ch2_p156_s1_c0,fond
ch2_p156_s1_c0,peintre
ch2_p157_s0_c0,palier
ch2_p157_s0_c0,swann
ch2_p157_s0_c0,maître
ch2_p157_s0_c0,hôtel
ch2_p157_s0_c0,moment
ch2_p157_s0_c0,odette
ch2_p157_s0_c0,heure
ch2_p157_s0_c0,cas
ch2_p157_s0_c0,chocolat
ch2_p157_s0_c0,prévost
ch2_p157_s1_c0,swann
ch2_p157_s1_c0,prévost
ch2_p157_s1_c0,voiture
ch2_p157_s1_c0,obstacle
ch2_p157_s1_c0,agent
ch2_p157_s1_c0,passage
ch2_p157_s1_c0,piéton
ch2_p157_s2_c0,temps
ch2_p157_s2_c0,seconde
ch2_p157_s2_c0,minute
ch2_p157_s2_c0,réalité
ch2_p157_s2_c0,chance
ch2_p157_s2_c0,odette
ch2_p157_s3_c0,moment
ch2_p157_s3_c0,fiévreux
ch2_p157_s3_c0,conscience
ch2_p157_s3_c0,absurdité
ch2_p157_s3_c0,rêvasserie
ch2_p157_s3_c0,swann
ch2_p157_s3_c0,coup
ch2_p157_s3_c0,étrangeté
ch2_p157_s3_c0,pensée
ch2_p157_s3_c0,moment
ch2_p157_s3_c0,verdurin
ch2_p157_s3_c0,odette
ch2_p157_s3_c0,partie
ch2_p157_s3_c0,nouveauté
ch2_p157_s3_c0,douleur
ch2_p157_s3_c0,cœur
ch2_p157_s5_c0,agitation
ch2_p157_s5_c0,odette
ch2_p157_s5_c0,heure
ch2_p157_s5_c0,mme
ch2_p157_s5_c0,verdurin
ch2_p157_s6_c0,voiture
ch2_p157_s6_c0,prévost
ch2_p157_s6_c0,adhérent
ch2_p157_s6_c0,ménagement
ch2_p157_s6_c0,maître
ch2_p157_s6_c0,maladie
ch2_p157_s7_c0,moment
ch2_p157_s7_c0,vie
ch2_p157_s8_c0,peine
ch2_p157_s8_c0,rencontre
ch2_p157_s8_c0,prévost
ch2_p157_s8_c0,attente
ch2_p157_s8_c0,point
ch2_p157_s8_c0,moment
ch2_p157_s8_c0,idée
ch2_p157_s8_c0,souvenir
ch2_p157_s8_c0,esprit
ch2_p157_s8_c0,lieu
ch2_p157_s8_c0,chose
ch2_p157_s9_c0,soir
ch2_p157_s9_c0,odette
ch2_p157_s9_c0,visage
ch2_p157_s9_c0,regard
ch2_p157_s9_c0,peur
ch2_p157_s9_c0,avance
ch2_p157_s9_c0,désir
ch2_p157_s9_c0,désintéressement
ch2_p157_s9_c0,prétexte
ch2_p157_s9_c0,suite
ch2_p157_s9_c0,air
ch2_p157_s9_c1,lendemain
ch2_p157_s9_c1,verdurin
ch2_p157_s9_c1,instant
ch2_p157_s9_c1,jour
ch2_p157_s9_c1,déception
ch2_p157_s9_c1,torture
ch2_p157_s9_c1,présence
ch2_p157_s9_c1,femme
ch2_p158_s0_c0,prévost
ch2_p158_s0_c0,restaurant
ch2_p158_s0_c0,boulevard
ch2_p158_s1_c0,temps
ch2_p158_s1_c0,rémi
ch2_p158_s1_c0,doge
ch2_p158_s1_c0,lorédan
ch2_p158_s1_c0,rizzo
ch2_p158_s1_c0,endroit
ch2_p158_s2_c0,voiture
ch2_p158_s2_c0,swann
ch2_p158_s2_c0,moment
ch2_p158_s2_c0,fois
ch2_p158_s2_c0,rémi
ch2_p158_s2_c0,dame
ch2_p158_s2_c0,rémi
ch2_p158_s2_c0,dame
ch2_p158_s2_c0,café
ch2_p158_s3_c0,fin
ch2_p158_s3_c0,soirée
ch2_p158_s3_c0,alternative
ch2_p158_s3_c0,rencontre
ch2_p158_s3_c0,odette
ch2_p158_s3_c0,angoisse
ch2_p158_s3_c0,renoncement
ch2_p158_s3_c0,soir
ch2_p158_s3_c0,acceptation
ch2_p158_s3_c0,vue
ch2_p159_s0_c0,cocher
ch2_p159_s0_c0,moment
ch2_p159_s0_c0,swann
ch2_p159_s0_c0,dame
ch2_p159_s1_c0,bois
ch2_p159_s1_c0,provision
ch2_p159_s2_c0,rémi
ch2_p159_s2_c0,odette
ch2_p159_s2_c0,café
ch2_p159_s2_c0,fin
ch2_p159_s2_c0,soirée
ch2_p159_s2_c0,réalisation
ch2_p159_s2_c0,fin
ch2_p159_s2_c0,soirée
ch2_p159_s2_c0,besoin
ch2_p159_s2_c0,bonheur
ch2_p159_s2_c0,lieu
ch2_p159_s3_c0,force
ch2_p159_s3_c0,inertie
ch2_p159_s3_c0,âme
ch2_p159_s3_c0,manque
ch2_p159_s3_c0,souplesse
ch2_p159_s3_c0,être
ch2_p159_s3_c0,corps
ch2_p159_s3_c0,moment
ch2_p159_s3_c0,choc
ch2_p159_s3_c0,flamme
ch2_p159_s3_c0,habit
ch2_p159_s3_c0,mouvement
ch2_p159_s3_c0,temps
ch2_p159_s3_c0,situation
ch2_p159_s3_c0,point
ch2_p159_s3_c0,appui
ch2_p159_s3_c0,élan
ch2_p159_s4_c0,doute
ch2_p159_s4_c0,cocher
ch2_p159_s4_c0,dame
ch2_p159_s5_c0,course
ch2_p159_s5_c0,provision
ch2_p159_s5_c0,bois
ch2_p159_s5_c0,émotion
ch2_p159_s5_c0,temps
ch2_p159_s5_c0,inquiétude
ch2_p159_s5_c0,bonheur
ch2_p160_s0_c0,cocher
ch2_p160_s0_c0,part
ch2_p160_s0_c0,avis
ch2_p160_s0_c0,serviteur
ch2_p161_s0_c0,monsieur
ch2_p162_s0_c0,indifférence
ch2_p162_s0_c0,swann
ch2_p162_s0_c0,rémi
ch2_p162_s0_c0,réponse
ch2_p162_s0_c0,espoir
ch2_p162_s0_c0,recherche
ch2_p163_s0_c0,dame
ch2_p163_s0_c0,importance
ch2_p163_s1_c0,affaire
ch2_p164_s0_c0,dame
ch2_p164_s0_c0,rémi
ch2_p164_s0_c0,monsieur
ch2_p164_s0_c0,prévost
ch2_p165_s1_c0,arbre
ch2_p165_s1_c0,boulevard
ch2_p165_s1_c0,obscurité
ch2_p165_s1_c0,passant
ch2_p165_s1_c0,peine
ch2_p165_s2_c0,ombre
ch2_p165_s2_c0,femme
ch2_p165_s2_c0,mot
ch2_p165_s2_c0,oreille
ch2_p165_s2_c0,swann
ch2_p165_s3_c0,corps
ch2_p165_s3_c0,fantôme
ch2_p165_s3_c0,mort
ch2_p165_s3_c0,royaume
ch2_p165_s3_c0,eurydice
ch2_p166_s0_c0,mode
ch2_p166_s0_c0,production
ch2_p166_s0_c0,amour
ch2_p166_s0_c0,agent
ch2_p166_s0_c0,dissémination
ch2_p166_s0_c0,mal
ch2_p166_s0_c0,souffle
ch2_p166_s0_c0,agitation
ch2_p166_s1_c0,moment
ch2_p166_s1_c0,sort
ch2_p166_s2_c0,besoin
ch2_p166_s3_c0,goût
ch2_p166_s4_c0,condition
ch2_p166_s4_c0,moment
ch2_p166_s4_c0,défaut
ch2_p166_s4_c0,recherche
ch2_p166_s4_c0,plaisir
ch2_p166_s4_c0,agrément
ch2_p166_s4_c0,besoin
ch2_p166_s4_c0,objet
ch2_p166_s4_c0,besoin
ch2_p166_s4_c0,loi
ch2_p166_s4_c0,monde
ch2_p166_s4_c0,besoin
ch2_p167_s0_c0,swann
ch2_p167_s0_c0,restaurant
ch2_p167_s0_c0,hypothèse
ch2_p167_s0_c0,bonheur
ch2_p167_s0_c0,calme
ch2_p167_s0_c0,agitation
ch2_p167_s0_c0,prix
ch2_p167_s0_c0,rencontre
ch2_p167_s0_c0,cas
ch2_p167_s0_c0,succès
ch2_p167_s0_c0,récompense
ch2_p167_s0_c0,cocher
ch2_p167_s0_c0,désir
ch2_p167_s0_c0,odette
ch2_p167_s0_c0,cas
ch2_p167_s0_c1,restaurant
ch2_p167_s0_c1,boulevard
ch2_p167_s1_c0,maison
ch2_p167_s1_c0,dorée
ch2_p167_s1_c0,fois
ch2_p167_s1_c0,tortoni
ch2_p167_s1_c0,vue
ch2_p167_s1_c0,café
ch2_p167_s1_c0,anglais
ch2_p167_s1_c0,air
ch2_p167_s1_c0,voiture
ch2_p167_s1_c0,coin
ch2_p167_s1_c0,boulevard
ch2_p167_s1_c0,italien
ch2_p167_s1_c0,sens
ch2_p167_s1_c0,odette
ch2_p167_s1_c0,place
ch2_p167_s1_c0,prévost
ch2_p167_s1_c1,maison
ch2_p167_s1_c1,enfoncement
ch2_p167_s1_c1,découverte
ch2_p167_s1_c1,voiture
ch2_p168_s0_c0,mouvement
ch2_p168_s0_c0,effroi
ch2_p168_s1_c0,paris
ch2_p168_s2_c0,joie
ch2_p168_s2_c0,raison
ch2_p168_s2_c0,soir
ch2_p168_s2_c0,prévision
ch2_p168_s2_c0,vraisemblance
ch2_p168_s2_c0,besoin
ch2_p168_s2_c0,esprit
ch2_p168_s2_c1,vérité
ch2_p168_s2_c1,point
ch2_p168_s2_c1,songe
ch2_p168_s2_c1,isolement
ch2_p168_s2_c1,rêverie
ch2_p168_s3_c0,voyageur
ch2_p168_s3_c0,temps
ch2_p168_s3_c0,bord
ch2_p168_s3_c0,méditerranée
ch2_p168_s3_c0,existence
ch2_p168_s3_c0,pays
ch2_p168_s3_c0,vue
ch2_p168_s3_c0,regard
ch2_p168_s3_c0,rayon
ch2_p168_s3_c0,azur
ch2_p168_s3_c0,eau
ch2_p169_s0_c0,voiture
ch2_p170_s0_c0,main
ch2_p170_s0_c0,bouquet
ch2_p170_s0_c0,catleya
ch2_p170_s0_c0,swann
ch2_p170_s0_c0,fanchon
ch2_p170_s0_c0,dentelle
ch2_p170_s0_c0,cheveu
ch2_p170_s0_c0,fleur
ch2_p170_s0_c0,orchidée
ch2_p170_s0_c0,aigrette
ch2_p170_s0_c0,plume
ch2_p170_s0_c0,cygne
ch2_p170_s1_c0,mantille
ch2_p170_s1_c0,flot
ch2_p170_s1_c0,velours
ch2_p170_s1_c0,rattrapé
ch2_p170_s1_c0,triangle
ch2_p170_s1_c0,jupe
ch2_p170_s1_c0,faille
ch2_p170_s1_c0,empiècement
ch2_p170_s1_c0,faille
ch2_p170_s1_c0,ouverture
ch2_p170_s1_c0,corsage
ch2_p170_s1_c0,décolleté
ch2_p170_s1_c0,fleur
ch2_p170_s1_c0,catleya
ch2_p170_s2_c0,peine
ch2_p170_s2_c0,frayeur
ch2_p170_s2_c0,swann
ch2_p170_s2_c0,obstacle
ch2_p170_s2_c0,écart
ch2_p170_s2_c0,cheval
ch2_p170_s3_c0,cri
ch2_p170_s3_c0,palpitante
ch2_p170_s3_c0,respiration
ch2_p171_s0_c0,peur
ch2_p172_s0_c0,épaule
ch2_p173_s0_c0,signe
ch2_p173_s1_c0,fleur
ch2_p173_s1_c0,corsage
ch2_p173_s1_c0,choc
ch2_p173_s2_c0,peur
ch2_p174_s0_c0,homme
ch2_p174_s0_c0,façon
ch2_p176_s0_c0,réponse
ch2_p176_s0_c0,air
ch2_p176_s0_c0,prétexte
ch2_p177_s1_c0,geste
ch2_p177_s3_c0,voyez
ch2_p177_s3_c0,pollen
ch2_p177_s3_c0,essuie
ch2_p177_s3_c0,main
ch2_p177_s6_c0,velours
ch2_p177_s6_c0,robe
ch2_p177_s6_c0,friper
ch2_p177_s8_c0,respirant
ch2_p177_s8_c0,odeur
ch2_p177_s10_c0,vérité
ch2_p178_s0_c0,épaule
ch2_p179_s0_c0,main
ch2_p179_s0_c0,long
ch2_p179_s0_c0,odette
ch2_p179_s0_c0,air
ch2_p179_s0_c0,femme
ch2_p179_s0_c0,maître
ch2_p179_s0_c0,ressemblance
ch2_p179_s0_c0,bord
ch2_p179_s0_c0,paupière
ch2_p179_s0_c0,oeil
ch2_p179_s0_c0,larme
ch2_p179_s1_c0,cou
ch2_p179_s1_c0,scène
ch2_p179_s1_c0,tableau
ch2_p179_s2_c0,attitude
ch2_p179_s2_c0,doute
ch2_p179_s2_c0,moment
ch2_p179_s2_c0,attention
ch2_p179_s2_c0,besoin
ch2_p179_s2_c0,force
ch2_p179_s2_c0,visage
ch2_p179_s2_c0,force
ch2_p179_s2_c0,swann
ch2_p179_s3_c0,swann
ch2_p179_s3_c0,lèvre
ch2_p179_s3_c0,instant
ch2_p179_s3_c0,distance
ch2_p179_s3_c0,main
ch2_p179_s4_c0,pensée
ch2_p179_s4_c0,temps
ch2_p179_s4_c0,rêve
ch2_p179_s4_c0,réalisation
ch2_p179_s4_c0,parent
ch2_p179_s4_c0,part
ch2_p179_s4_c0,succès
ch2_p179_s4_c0,enfant
ch2_p179_s5_c0,swann
ch2_p179_s5_c0,visage
ch2_p179_s5_c0,odette
ch2_p179_s5_c0,fois
ch2_p179_s5_c0,regard
ch2_p179_s5_c0,jour
ch2_p179_s5_c0,départ
ch2_p179_s5_c0,paysage
ch2_p180_s0_c0,soir
ch2_p180_s0_c0,catleya
ch2_p180_s0_c0,crainte
ch2_p180_s0_c0,peur
ch2_p180_s0_c0,audace
ch2_p180_s0_c0,exigence
ch2_p180_s0_c0,odette
ch2_p180_s0_c0,fois
ch2_p180_s0_c0,jour
ch2_p180_s0_c0,usa
ch2_p180_s0_c0,prétexte
ch2_p180_s1_c0,catleya
ch2_p180_s1_c0,corsage
ch2_p180_s1_c0,soir
ch2_p180_s1_c0,catleya
ch2_p180_s1_c0,besoin
ch2_p180_s1_c0,soir
ch2_p180_s4_c0,catleya
ch2_p180_s4_c0,soir
ch2_p180_s4_c0,moyen
ch2_p180_s4_c0,arrangement
ch2_p180_s5_c0,sorte
ch2_p180_s5_c0,temps
ch2_p180_s5_c0,ordre
ch2_p180_s5_c0,soir
ch2_p180_s5_c0,attouchement
ch2_p180_s5_c0,doigt
ch2_p180_s5_c0,lèvre
ch2_p180_s5_c0,gorge
ch2_p180_s5_c0,odette
ch2_p180_s5_c0,fois
ch2_p180_s5_c0,caresse
ch2_p180_s5_c0,arrangement
ch2_p180_s5_c0,simulacre
ch2_p180_s5_c0,arrangement
ch2_p180_s5_c0,catleya
ch2_p180_s5_c0,désuétude
ch2_p180_s5_c0,métaphore
ch2_p180_s5_c0,catleya
ch2_p180_s5_c1,acte
ch2_p180_s5_c1,possession
ch2_p180_s5_c1,langage
ch2_p180_s5_c1,usage
ch2_p180_s6_c0,manière
ch2_p180_s6_c0,amour
ch2_p180_s6_c0,chose
ch2_p180_s6_c0,synonyme
ch2_p180_s7_c0,femme
ch2_p180_s7_c0,possession
ch2_p180_s7_c0,avance
ch2_p180_s7_c0,contraire
ch2_p180_s7_c0,plaisir
ch2_p180_s7_c0,femme
ch2_p180_s7_c0,crue
ch2_p180_s7_c0,épisode
ch2_p180_s7_c0,relation
ch2_p180_s7_c0,fois
ch2_p180_s7_c0,swann
ch2_p180_s7_c0,arrangement
ch2_p180_s7_c0,catleya
ch2_p180_s8_c0,tremblant
ch2_p180_s8_c0,soir
ch2_p180_s8_c0,odette
ch2_p180_s8_c0,ruse
ch2_p180_s8_c0,possession
ch2_p180_s8_c0,femme
ch2_p180_s8_c0,pétale
ch2_p180_s8_c0,plaisir
ch2_p180_s8_c0,odette
ch2_p180_s8_c1,cause
ch2_p180_s8_c1,homme
ch2_p180_s8_c1,goûta
ch2_p180_s8_c1,fleur
ch2_p180_s8_c1,paradis
ch2_p180_s8_c1,plaisir
ch2_p180_s8_c1,plaisir
ch2_p180_s8_c1,nom
ch2_p180_s8_c1,trace
ch2_p181_s0_c0,soir
ch2_p181_s0_c0,robe
ch2_p181_s0_c0,chambre
ch2_p181_s0_c0,voiture
ch2_p181_s0_c0,oeil
ch2_p181_s0_c0,cocher
ch2_p181_s1_c0,soir
ch2_p181_s1_c0,verdurin
ch2_p181_s1_c0,soir
ch2_p181_s1_c0,monde
ch2_p181_s1_c0,heure
ch2_p181_s2_c0,printemps
ch2_p181_s2_c0,printemps
ch2_p181_s3_c0,sortant
ch2_p181_s3_c0,soirée
ch2_p181_s3_c0,victoria
ch2_p181_s3_c0,couverture
ch2_p181_s3_c0,jambe
ch2_p181_s3_c0,ami
ch2_p181_s3_c0,temps
ch2_p181_s3_c0,côté
ch2_p181_s3_c0,cocher
ch2_p181_s3_c0,trot
ch2_p181_s4_c0,swann
ch2_p181_s5_c0,lettre
ch2_p181_s5_c0,femme
ch2_p181_s6_c0,attention
ch2_p181_s6_c0,endroit
ch2_p181_s6_c0,rencontre
ch2_p181_s7_c0,restaurant
ch2_p181_s7_c0,campagne
ch2_p181_s7_c0,attitude
ch2_p181_s8_c0,passion
ch2_p181_s8_c0,caractère
ch2_p181_s8_c0,signe
ch2_p181_s9_c0,revanche
ch2_p181_s9_c0,swann
ch2_p181_s9_c0,odette
ch2_p181_s10_c0,trajet
ch2_p181_s10_c0,pente
ch2_p181_s10_c0,vie
ch2_p181_s11_c0,monde
ch2_p181_s11_c0,course
ch2_p181_s11_c0,lendemain
ch2_p181_s11_c0,heure
ch2_p181_s11_c0,ami
ch2_p181_s11_c0,femme
ch2_p181_s11_c0,force
ch2_p181_s11_c0,heure
ch2_p181_s11_c0,vie
ch2_p181_s11_c0,homme
ch2_p181_s11_c0,affaire
ch2_p181_s11_c0,existence
ch2_p181_s11_c1,sacrifice
ch2_p181_s11_c1,repos
ch2_p181_s11_c1,intérêt
ch2_p181_s11_c1,rêverie
ch2_p181_s11_c1,charme
ch2_p181_s12_c0,compte
ch2_p181_s12_c0,certitude
ch2_p181_s12_c0,vue
ch2_p181_s12_c0,angoisse
ch2_p181_s12_c0,soir
ch2_p181_s12_c0,odette
ch2_p181_s12_c0,verdurin
ch2_p181_s12_c0,apaisement
ch2_p181_s12_c0,bonheur
ch2_p181_s13_c0,angoisse
ch2_p181_s13_c0,importance
ch2_p181_s13_c0,odette
ch2_p181_s13_c0,prise
ch2_p181_s14_c0,être
ch2_p181_s14_c0,habitude
ch2_p181_s14_c0,possibilité
ch2_p181_s14_c0,souffrance
ch2_p181_s14_c0,joie
ch2_p181_s14_c0,univers
ch2_p181_s14_c0,poésie
ch2_p181_s14_c0,vie
ch2_p181_s14_c0,étendue
ch2_p181_s15_c0,swann
ch2_p181_s15_c0,trouble
ch2_p181_s15_c0,odette
ch2_p181_s15_c0,année
ch2_p181_s16_c0,victoria
ch2_p181_s16_c0,nuit
ch2_p181_s16_c0,lune
ch2_p181_s16_c0,clarté
ch2_p181_s16_c0,oeil
ch2_p181_s16_c0,rue
ch2_p181_s16_c0,figure
ch2_p181_s16_c0,lune
ch2_p181_s16_c0,jour
ch2_p181_s16_c0,pensée
ch2_p181_s16_c0,monde
ch2_p181_s16_c0,lumière
ch2_p181_s17_c0,heure
ch2_p181_s17_c0,odette
ch2_p181_s17_c0,domestique
ch2_p181_s17_c0,porte
ch2_p181_s17_c0,jardin
ch2_p181_s17_c0,rue
ch2_p181_s17_c0,fenêtre
ch2_p181_s17_c0,hôtel
ch2_p181_s17_c0,fenêtre
ch2_p181_s17_c0,chambre
ch2_p181_s18_c0,carreau
ch2_p181_s18_c0,côté
ch2_p181_s18_c0,porte
ch2_p181_s18_c0,entrée
ch2_p181_s19_c0,piano
ch2_p181_s19_c0,morceau
ch2_p181_s19_c0,valse
ch2_p181_s19_c0,rose
ch2_p181_s19_c0,fou
ch2_p181_s19_c0,tagliafico
ch2_p181_s19_c0,volonté
ch2_p181_s19_c0,enterrement
ch2_p181_s19_c0,place
ch2_p181_s19_c0,phrase
ch2_p181_s19_c0,sonate
ch2_p181_s19_c0,vinteuil
ch2_p181_s19_c0,odette
ch2_p181_s19_c0,jouât
ch2_p181_s19_c1,vision
ch2_p181_s19_c1,œuvre
ch2_p181_s19_c1,son
ch2_p181_s19_c1,doigt
ch2_p181_s19_c1,piano
ch2_p181_s20_c0,phrase
ch2_p181_s20_c0,swann
ch2_p181_s20_c0,amour
ch2_p181_s20_c0,odette
ch2_p181_s21_c0,amour
ch2_p181_s21_c0,chose
ch2_p181_s21_c0,extérieur
ch2_p181_s21_c0,constatable
ch2_p181_s21_c0,compte
ch2_p181_s21_c0,qualité
ch2_p181_s21_c0,odette
ch2_p181_s21_c0,prix
ch2_p181_s21_c0,moment
ch2_p181_s22_c0,intelligence
ch2_p181_s22_c0,swann
ch2_p181_s22_c0,intérêt
ch2_p181_s22_c0,plaisir
ch2_p181_s23_c0,phrase
ch2_p181_s23_c0,espace
ch2_p181_s23_c0,proportion
ch2_p181_s23_c0,âme
ch2_p181_s23_c0,swann
ch2_p181_s23_c0,marge
ch2_p181_s23_c0,jouissance
ch2_p181_s23_c0,objet
ch2_p181_s23_c0,lieu
ch2_p181_s23_c0,amour
ch2_p181_s23_c0,swann
ch2_p181_s23_c0,réalité
ch2_p181_s23_c0,chose
ch2_p181_s24_c0,soif
ch2_p181_s24_c0,charme
ch2_p181_s24_c0,phrase
ch2_p181_s25_c0,sorte
ch2_p181_s25_c0,party
ch2_p181_s25_c0,âme
ch2_p181_s25_c0,swann
ch2_p181_s25_c0,phrase
ch2_p181_s25_c0,souci
ch2_p181_s25_c0,intérêt
ch2_p181_s25_c0,considération
ch2_p181_s25_c0,nom
ch2_p181_s25_c0,odette
ch2_p181_s26_c0,affection
ch2_p181_s26_c0,odette
ch2_p181_s26_c0,phrase
ch2_p181_s26_c0,essence
ch2_p181_s27_c0,visage
ch2_p181_s27_c0,swann
ch2_p181_s27_c0,phrase
ch2_p181_s27_c0,train
ch2_p181_s27_c0,anesthésique
ch2_p181_s27_c0,amplitude
ch2_p181_s27_c0,respiration
ch2_p181_s28_c0,plaisir
ch2_p181_s28_c0,musique
ch2_p181_s28_c0,besoin
ch2_p181_s28_c0,moment
ch2_p181_s28_c0,plaisir
ch2_p181_s28_c0,parfum
ch2_p181_s28_c0,contact
ch2_p181_s28_c0,monde
ch2_p181_s28_c0,forme
ch2_p181_s28_c0,oeil
ch2_p181_s28_c0,signification
ch2_p181_s28_c0,intelligence
ch2_p181_s28_c0,sens
ch2_p181_s29_c0,repos
ch2_p181_s29_c0,rénovation
ch2_p181_s29_c0,swann
ch2_p181_s29_c0,oeil
ch2_p181_s29_c0,amateur
ch2_p181_s29_c0,peinture
ch2_p181_s29_c0,esprit
ch2_p181_s29_c0,observateur
ch2_p181_s29_c0,mœur
ch2_p181_s29_c0,trace
ch2_p181_s29_c0,sécheresse
ch2_p181_s29_c0,vie
ch2_p181_s29_c0,créature
ch2_p181_s29_c0,humanité
ch2_p181_s29_c0,faculté
ch2_p181_s29_c0,licorne
ch2_p181_s29_c0,créature
ch2_p181_s29_c0,monde
ch2_p181_s29_c0,ouïe
ch2_p181_s30_c0,phrase
ch2_p181_s30_c0,sens
ch2_p181_s30_c0,intelligence
ch2_p181_s30_c0,ivresse
ch2_p181_s30_c0,âme
ch2_p181_s30_c0,secours
ch2_p181_s30_c0,raisonnement
ch2_p181_s30_c0,couloir
ch2_p181_s30_c0,filtre
ch2_p181_s31_c0,compte
ch2_p181_s31_c0,fond
ch2_p181_s31_c0,douceur
ch2_p181_s31_c0,phrase
ch2_p181_s32_c0,amour
ch2_p181_s33_c0,tristesse
ch2_p181_s33_c0,caresse
ch2_p181_s33_c0,sentiment
ch2_p181_s33_c0,bonheur
ch2_p181_s34_c0,fois
ch2_p181_s34_c0,fois
ch2_p181_s34_c0,odette
ch2_p181_s34_c0,temps
ch2_p181_s35_c0,baiser
ch2_p181_s35_c0,baiser
ch2_p181_s37_c0,temps
ch2_p181_s37_c0,baiser
ch2_p181_s38_c0,peine
ch2_p181_s38_c0,baiser
ch2_p181_s38_c0,heure
ch2_p181_s38_c0,fleur
ch2_p181_s38_c0,champ
ch2_p181_s38_c0,mois
ch2_p181_s38_c0,mai
ch2_p181_s39_c0,mine
ch2_p181_s39_c0,fois
ch2_p181_s39_c0,phrase
ch2_p181_s39_c0,caresse
ch2_p181_s39_c0,rire
ch2_p181_s39_c0,pluie
ch2_p181_s39_c0,baiser
ch2_p181_s40_c0,air
ch2_p181_s40_c0,maussade
ch2_p181_s40_c0,visage
ch2_p181_s40_c0,vie
ch2_p181_s40_c0,moïse
ch2_p181_s40_c0,botticelli
ch2_p181_s40_c0,cou
ch2_p181_s40_c0,odette
ch2_p181_s40_c0,inclinaison
ch2_p181_s40_c0,détrempe
ch2_p181_s40_c0,siècle
ch2_p181_s40_c0,muraille
ch2_p181_s40_c0,sixtine
ch2_p181_s40_c0,idée
ch2_p181_s40_c0,piano
ch2_p181_s40_c0,moment
ch2_p181_s40_c1,idée
ch2_p181_s40_c1,matérialité
ch2_p181_s40_c1,vie
ch2_p181_s40_c1,force
ch2_p181_s40_c1,œil
ch2_p181_s40_c1,mâchoire
ch2_p181_s40_c1,vierge
ch2_p181_s40_c1,botticelli
ch2_p181_s40_c1,joue
ch2_p181_s41_c0,fois
ch2_p181_s41_c0,souvenir
ch2_p181_s41_c0,particularité
ch2_p181_s41_c0,odeur
ch2_p181_s41_c0,trait
ch2_p181_s41_c0,victoria
ch2_p181_s41_c0,odette
ch2_p181_s41_c0,visite
ch2_p181_s41_c0,joie
ch2_p181_s41_c0,préservant
ch2_p181_s41_c1,occasion
ch2_p181_s41_c1,mal
ch2_p181_s41_c1,soir
ch2_p181_s41_c1,verdurin
ch2_p181_s41_c1,crise
ch2_p181_s41_c1,bout
ch2_p181_s41_c1,heure
ch2_p181_s41_c1,vie
ch2_p181_s41_c1,heure
ch2_p181_s41_c1,paris
ch2_p181_s41_c1,clair
ch2_p181_s41_c1,lune
ch2_p181_s42_c0,astre
ch2_p181_s42_c0,rapport
ch2_p181_s42_c0,bout
ch2_p181_s42_c0,horizon
ch2_p181_s42_c0,amour
ch2_p181_s42_c0,loi
ch2_p181_s42_c0,période
ch2_p181_s42_c0,pensée
ch2_p181_s42_c0,visage
ch2_p181_s42_c0,position
ch2_p181_s42_c0,charme
ch2_p181_s43_c0,swann
ch2_p181_s43_c0,chose
ch2_p181_s43_c0,temps
ch2_p181_s43_c0,adolescent
ch2_p181_s43_c0,artiste
ch2_p181_s43_c0,charme
ch2_p181_s43_c0,odette
ch2_p181_s44_c0,inspiration
ch2_p181_s44_c0,jeunesse
ch2_p181_s44_c0,vie
ch2_p181_s44_c0,reflet
ch2_p181_s44_c0,marque
ch2_p181_s44_c0,heure
ch2_p181_s44_c0,plaisir
ch2_p181_s44_c0,âme
ch2_p181_s44_c0,convalescence
ch2_p182_s0_c0,soir
ch2_p182_s0_c0,emploi
ch2_p182_s0_c0,temps
ch2_p182_s0_c0,jour
ch2_p182_s0_c0,passé
ch2_p182_s0_c0,point
ch2_p182_s0_c0,renseignement
ch2_p182_s0_c0,envie
ch2_p182_s1_c0,vie
ch2_p182_s2_c0,année
ch2_p182_s2_c0,femme
ch2_p182_s2_c0,fille
ch2_p182_s2_c0,femme
ch2_p182_s2_c0,femme
ch2_p182_s2_c0,société
ch2_p182_s2_c0,caractère
ch2_p182_s2_c0,pervers
ch2_p182_s2_c0,imagination
ch2_p182_s2_c0,romancier
ch2_p182_s3_c0,réputation
ch2_p182_s3_c0,monde
ch2_p182_s3_c0,caractère
ch2_p182_s3_c0,odette
ch2_p182_s3_c0,éprise
ch2_p182_s3_c0,vérité
ch2_p182_s3_c0,jour
ch2_p182_s3_c0,dîner
ch2_p182_s3_c0,verdurin
ch2_p182_s3_c0,lendemain
ch2_p182_s3_c0,vue
ch2_p182_s3_c1,mme
ch2_p182_s3_c1,verdurin
ch2_p182_s3_c1,balbutier
ch2_p182_s3_c1,visage
ch2_p182_s3_c1,chagrin
ch2_p182_s3_c1,supplice
ch2_p182_s3_c1,réponse
ch2_p182_s3_c1,détail
ch2_p182_s3_c1,prétendu
ch2_p182_s3_c1,indisposition
ch2_p182_s3_c1,veille
ch2_p182_s3_c1,air
ch2_p182_s3_c1,pardon
ch2_p182_s3_c1,regard
ch2_p182_s3_c1,voix
ch2_p182_s3_c1,fausseté
ch2_p182_s3_c1,parole
ch2_p183_s0_c0,jour
ch2_p183_s0_c0,rêverie
ch2_p183_s0_c0,étude
ch2_p183_s0_c0,ver
ch2_p183_s0_c0,meer
ch2_p183_s1_c0,mme
ch2_p183_s1_c0,crécy
ch2_p183_s1_c0,salon
ch2_p183_s2_c0,porte
ch2_p183_s2_c0,visage
ch2_p183_s2_c0,odette
ch2_p183_s2_c0,aperçu
ch2_p183_s2_c0,swann
ch2_p183_s2_c0,forme
ch2_p183_s2_c0,bouche
ch2_p183_s2_c0,regard
ch2_p183_s2_c0,oeil
ch2_p183_s2_c0,modelé
ch2_p183_s2_c0,joue
ch2_p183_s2_c0,sourire
ch2_p183_s3_c0,fois
ch2_p183_s3_c0,sourire
ch2_p183_s3_c0,veille
ch2_p183_s3_c0,fois
ch2_p183_s3_c0,réponse
ch2_p183_s3_c0,voiture
ch2_p183_s3_c0,catleya
ch2_p183_s3_c0,vie
ch2_p183_s3_c0,odette
ch2_p183_s3_c0,temps
ch2_p183_s3_c0,fond
ch2_p183_s3_c0,couleur
ch2_p183_s3_c0,feuille
ch2_p183_s3_c0,étude
ch2_p183_s3_c0,watteau
ch2_p183_s3_c1,place
ch2_p183_s3_c1,sens
ch2_p183_s3_c1,crayon
ch2_p183_s3_c1,papier
ch2_p183_s3_c1,sourire
ch2_p183_s4_c0,coin
ch2_p183_s4_c0,vie
ch2_p183_s4_c0,swann
ch2_p183_s4_c0,vide
ch2_p183_s4_c0,esprit
ch2_p183_s4_c0,ami
ch2_p183_s4_c0,silhouette
ch2_p183_s4_c0,odette
ch2_p183_s4_c0,matin
ch2_p183_s4_c1,montant
ch2_p183_s4_c1,pied
ch2_p183_s4_c1,rue
ch2_p183_s4_c1,abbatucci
ch2_p183_s4_c1,visite
ch2_p183_s4_c1,skunks
ch2_p183_s4_c1,chapeau
ch2_p183_s4_c1,rembrandt
ch2_p183_s4_c1,bouquet
ch2_p183_s4_c1,violette
ch2_p183_s4_c1,corsage
ch2_p183_s5_c0,croquis
ch2_p183_s5_c0,swann
ch2_p183_s5_c0,coup
ch2_p183_s5_c0,odette
ch2_p183_s5_c0,vie
ch2_p183_s5_c0,toilette
ch2_p183_s5_c0,moment
ch2_p183_s5_c0,vie
ch2_p183_s5_c0,maîtresse
ch2_p183_s5_c1,chose
ch2_p183_s5_c1,sourire
ch2_p183_s5_c1,démarche
ch2_p183_s5_c1,chapeau
ch2_p183_s5_c1,rembrandt
ch2_p183_s5_c1,bouquet
ch2_p183_s5_c1,violette
ch2_p183_s5_c1,corsage
ch2_p184_s0_c0,phrase
ch2_p184_s0_c0,vinteuil
ch2_p184_s0_c0,lieu
ch2_p184_s0_c0,valse
ch2_p184_s0_c0,rose
ch2_p184_s0_c0,swann
ch2_p184_s0_c0,chose
ch2_p184_s0_c0,musique
ch2_p184_s0_c0,littérature
ch2_p184_s0_c0,goût
ch2_p184_s1_c0,compte
ch2_p184_s2_c0,poète
ch2_p184_s2_c0,suite
ch2_p184_s2_c0,couplet
ch2_p184_s2_c0,genre
ch2_p184_s2_c0,vicomte
ch2_p184_s2_c0,borelli
ch2_p184_s3_c0,ver
ch2_p184_s3_c0,meer
ch2_p184_s3_c0,delft
ch2_p184_s3_c0,femme
ch2_p184_s3_c0,femme
ch2_p184_s3_c0,swann
ch2_p184_s3_c0,peintre
ch2_p184_s4_c0,poésie
ch2_p184_s4_c0,poète
ch2_p184_s6_c0,chose
ch2_p184_s6_c0,amie
ch2_p184_s6_c0,espèce
ch2_p184_s6_c0,poète
ch2_p184_s7_c0,amour
ch2_p184_s7_c0,ciel
ch2_p184_s7_c0,étoile
ch2_p184_s10_c0,franc
ch2_p184_s11_c0,swann
ch2_p184_s11_c0,beauté
ch2_p184_s11_c0,tableau
ch2_p184_s11_c0,bout
ch2_p184_s11_c0,instant
ch2_p184_s12_c0,déception
ch2_p184_s12_c0,bagatelle
ch2_p184_s12_c0,temps
ch2_p184_s12_c0,fond
ch2_p184_s12_c0,chose
ch2_p184_s13_c0,chose
ch2_p184_s15_c0,dis
ch2_p184_s15_c0,désillusionnée
ch2_p184_s15_c0,art
ch2_p184_s15_c0,temps
ch2_p184_s15_c0,amour
ch2_p185_s0_c0,swann
ch2_p185_s1_c0,garde
ch2_p185_s1_c0,sang
ch2_p185_s2_c0,indifférence
ch2_p185_s2_c0,argent
ch2_p185_s2_c0,gentillesse
ch2_p185_s2_c0,délicatesse
ch2_p185_s3_c0,swann
ch2_p185_s3_c0,savant
ch2_p185_s3_c0,artiste
ch2_p185_s3_c0,sentiment
ch2_p185_s3_c0,supériorité
ch2_p185_s3_c0,intelligence
ch2_p185_s3_c0,admiration
ch2_p185_s3_c0,idée
ch2_p185_s3_c0,respect
ch2_p185_s3_c0,bonté
ch2_p185_s4_c0,respect
ch2_p185_s4_c0,odette
ch2_p185_s4_c0,situation
ch2_p185_s4_c0,swann
ch2_p185_s4_c0,monde
ch2_p185_s5_c0,révélation
ch2_p185_s6_c0,nom
ch2_p185_s7_c0,raison
ch2_p185_s7_c0,monde
ch2_p185_s7_c0,brouille
ch2_p185_s7_c0,amie
ch2_p185_s7_c0,mal
ch2_p185_s8_c0,swann
ch2_p185_s8_c0,monde
ch2_p185_s8_c0,amie
ch2_p185_s9_c0,tache
ch2_p185_s9_c0,huile
ch2_p185_s9_c0,monde
ch2_p185_s10_c0,part
ch2_p185_s10_c0,swann
ch2_p185_s10_c0,histoire
ch2_p185_s10_c0,part
ch2_p185_s10_c0,proposition
ch2_p185_s10_c0,monde
ch2_p185_s10_c0,propos
ch2_p185_s10_c0,tache
ch2_p185_s10_c0,huile
ch2_p185_s10_c0,cas
ch2_p185_s11_c0,odette
ch2_p185_s12_c0,sujet
ch2_p185_s12_c0,lourdeur
ch2_p185_s12_c0,esprit
ch2_p185_s12_c0,père
ch2_p185_s12_c0,problème
ch2_p185_s13_c0,monde
ch2_p185_s13_c0,peur
ch2_p185_s13_c0,odette
ch2_p185_s13_c0,désir
ch2_p185_s13_c0,représentât
ch2_p185_s14_c0,égard
ch2_p185_s14_c0,exemple
ch2_p185_s14_c0,amie
ch2_p185_s14_c0,couturière
ch2_p185_s14_c0,jour
ch2_p185_s14_c0,escalier
ch2_p185_s14_c0,obscur
ch2_p185_s14_c0,soif
ch2_p185_s14_c0,chic
ch2_p185_s14_c0,idée
ch2_p185_s14_c0,monde
ch2_p185_s15_c0,chic
ch2_p185_s15_c0,émanation
ch2_p185_s15_c0,personne
ch2_p185_s15_c0,degré
ch2_p186_s0_c0,mesure
ch2_p186_s0_c0,centre
ch2_p186_s0_c0,intimité
ch2_p186_s0_c0,cercle
ch2_p186_s0_c0,ami
ch2_p186_s0_c0,ami
ch2_p186_s0_c0,ami
ch2_p186_s0_c0,nom
ch2_p186_s0_c0,sorte
ch2_p186_s0_c0,répertoire
ch2_p186_s1_c0,monde
ch2_p186_s1_c0,mémoire
ch2_p186_s1_c0,matière
ch2_p186_s1_c0,érudition
ch2_p186_s1_c0,sorte
ch2_p186_s1_c0,goût
ch2_p186_s1_c0,tact
ch2_p186_s1_c0,swann
ch2_p186_s1_c0,exemple
ch2_p186_s1_c0,besoin
ch2_p186_s1_c0,appel
ch2_p186_s1_c0,savoir
ch2_p186_s1_c0,journal
ch2_p186_s1_c0,nom
ch2_p186_s1_c0,personne
ch2_p186_s1_c0,dîner
ch2_p186_s1_c0,nuance
ch2_p186_s1_c0,chic
ch2_p186_s1_c0,dîner
ch2_p186_s1_c0,lettré
ch2_p186_s1_c0,lecture
ch2_p186_s1_c0,phrase
ch2_p186_s1_c0,qualité
ch2_p186_s1_c0,auteur
ch2_p186_s2_c0,odette
ch2_p186_s2_c0,partie
ch2_p186_s2_c0,personne
ch2_p186_s2_c0,monde
ch2_p186_s2_c0,classe
ch2_p186_s2_c0,société
ch2_p186_s2_c0,notion
ch2_p186_s2_c0,aspect
ch2_p186_s2_c0,milieu
ch2_p186_s2_c0,caractère
ch2_p186_s2_c0,odette
ch2_p186_s2_c0,mme
ch2_p186_s2_c0,cottard
ch2_p186_s3_c0,monde
ch2_p186_s3_c0,délai
ch2_p186_s4_c0,odette
ch2_p187_s0_c0,endroit
ch2_p188_s0_c0,swann
ch2_p188_s0_c0,mépris
ch2_p189_s0_c0,endroit
ch2_p189_s0_c0,parbleu
ch2_p189_s1_c0,âge
ch2_p189_s1_c0,endroit
ch2_p189_s1_c0,exemple
ch2_p189_s1_c0,dimanche
ch2_p189_s1_c0,matin
ch2_p189_s1_c0,avenue
ch2_p189_s1_c0,empereur
ch2_p189_s1_c0,heure
ch2_p189_s1_c0,tour
ch2_p189_s1_c0,lac
ch2_p189_s1_c0,jeudi
ch2_p189_s1_c0,éden
ch2_p189_s1_c0,théâtre
ch2_p189_s1_c0,vendredi
ch2_p189_s1_c0,hippodrome
ch2_p189_s1_c0,bal
ch2_p190_s0_c0,bal
ch2_p191_s0_c0,bal
ch2_p191_s0_c0,paris
ch2_p191_s0_c0,bal
ch2_p191_s1_c0,herbinger
ch2_p191_s1_c0,coulissier
ch2_p191_s2_c0,homme
ch2_p191_s2_c0,paris
ch2_p191_s2_c0,homme
ch2_p191_s2_c0,fleur
ch2_p191_s2_c0,boutonnière
ch2_p191_s2_c0,raie
ch2_p191_s2_c0,dos
ch2_p191_s2_c0,paletot
ch2_p191_s2_c0,tableau
ch2_p191_s4_c0,bal
ch2_p191_s4_c0,soir
ch2_p191_s4_c0,chic
ch2_p191_s4_c0,paris
ch2_p191_s6_c0,carte
ch2_p191_s6_c0,invitation
ch2_p191_s6_c0,porte
ch2_p191_s7_c0,fond
ch2_p191_s7_c0,allée
ch2_p191_s7_c0,tuerie
ch2_p191_s8_c0,herbinger
ch2_p191_s9_c0,gloriole
ch2_p191_s10_c0,moitié
ch2_p191_s10_c0,homme
ch2_p192_s0_c0,swann
ch2_p192_s0_c0,conception
ch2_p192_s0_c0,chic
ch2_p192_s0_c0,importance
ch2_p192_s0_c0,intérêt
ch2_p192_s0_c0,maîtresse
ch2_p192_s0_c0,mois
ch2_p192_s0_c0,personne
ch2_p192_s0_c0,carte
ch2_p192_s0_c0,pesage
ch2_p192_s0_c0,concours
ch2_p192_s0_c0,billet
ch2_p192_s1_c0,cultivât
ch2_p192_s1_c0,relation
ch2_p192_s1_c0,rue
ch2_p192_s1_c0,marquis
ch2_p192_s1_c0,villeparisis
ch2_p192_s1_c0,robe
ch2_p192_s1_c0,laine
ch2_p192_s1_c0,bonnet
ch2_p192_s1_c0,bride
ch2_p193_s0_c0,air
ch2_p193_s0_c0,ouvreuse
ch2_p193_s0_c0,concierge
ch2_p193_s1_c0,marquis
ch2_p194_s0_c0,swann
ch2_p194_s0_c0,hôtel
ch2_p194_s0_c0,quai
ch2_p194_s0_c0,orléans
ch2_p195_s0_c0,prétention
ch2_p195_s0_c0,antiquité
ch2_p195_s0_c0,air
ch2_p195_s0_c0,fin
ch2_p195_s0_c0,journée
ch2_p195_s0_c0,chose
ch2_p195_s0_c0,temps
ch2_p195_s1_c0,entêtât
ch2_p195_s1_c0,sorte
ch2_p195_s1_c0,point
ch2_p195_s1_c0,honneur
ch2_p195_s1_c0,précepte
ch2_p195_s1_c0,question
ch2_p195_s1_c0,compte
ch2_p195_s1_c0,emploi
ch2_p195_s1_c0,journée
ch2_p195_s1_c0,fois
ch2_p195_s1_c0,swann
ch2_p195_s1_c0,amie
ch2_p195_s1_c0,époque
ch2_p195_s2_c0,swann
ch2_p195_s2_c0,époque
ch2_p195_s4_c0,boiserie
ch2_p195_s5_c0,temps
ch2_p195_s5_c0,amie
ch2_p195_s5_c0,air
ch2_p195_s5_c0,veille
ch2_p195_s5_c0,nom
ch2_p195_s5_c0,amphitryon
ch2_p195_s5_c0,air
ch2_p195_s5_c0,interlocuteur
ch2_p195_s5_c0,salle
ch2_p195_s6_c0,maison
ch2_p195_s6_c0,femme
ch2_p195_s6_c0,mode
ch2_p195_s7_c0,fois
ch2_p195_s7_c0,swann
ch2_p195_s7_c0,adresse
ch2_p195_s7_c0,homme
ch2_p195_s7_c0,salle
ch2_p195_s7_c0,envie
ch2_p195_s7_c0,argent
ch2_p195_s7_c0,dimension
ch2_p195_s7_c0,hôtel
ch2_p195_s7_c0,dressoir
ch2_p195_s7_c0,meuble
ch2_p195_s7_c0,renaissance
ch2_p195_s7_c0,cheminée
ch2_p195_s7_c0,château
ch2_p195_s7_c0,blois
ch2_p195_s8_c0,jour
ch2_p195_s8_c0,swann
ch2_p195_s8_c0,habitation
ch2_p195_s8_c0,quai
ch2_p195_s8_c0,orléans
ch2_p195_s8_c0,amie
ch2_p195_s8_c0,odette
ch2_p195_s8_c0,louis
ch2_p195_s8_c0,milieu
ch2_p195_s8_c0,meuble
ch2_p195_s8_c0,tapis
ch2_p195_s8_c1,respect
ch2_p195_s8_c1,bourgeoise
ch2_p195_s8_c1,dilettantisme
ch2_p195_s8_c1,cocotte
ch2_p196_s0_c0,calcul
ch2_p196_s0_c0,honneur
ch2_p196_s0_c0,amour
ch2_p196_s0_c0,élite
ch2_p196_s0_c0,humanité
ch2_p196_s1_c0,besoin
ch2_p196_s1_c0,goût
ch2_p196_s1_c0,proclamât
ch2_p196_s1_c0,homme
ch2_p196_s1_c0,dîner
ch2_p196_s1_c0,flâner
ch2_p196_s1_c0,doigt
ch2_p196_s1_c0,boutique
ch2_p196_s1_c0,siècle
ch2_p196_s1_c0,intérêt
ch2_p196_s1_c0,temps
ch2_p196_s1_c0,âme
ch2_p196_s2_c0,immense
ch2_p196_s2_c0,amitié
ch2_p196_s3_c0,revanche
ch2_p196_s3_c0,swann
ch2_p196_s3_c0,goût
ch2_p196_s4_c0,doute
ch2_p196_s4_c0,swann
ch2_p196_s4_c0,argent
ch2_p196_s4_c0,air
ch2_p196_s4_c0,chose
ch2_p196_s4_c0,imagination
ch2_p196_s4_c0,pratique
ch2_p196_s4_c0,désintéressement
ch2_p196_s4_c0,vocabulaire
ch2_p197_s0_c0,idée
ch2_p197_s0_c0,goût
ch2_p197_s0_c0,chose
ch2_p197_s0_c0,trait
ch2_p197_s0_c0,grâce
ch2_p197_s0_c0,essence
ch2_p197_s0_c0,femme
ch2_p197_s1_c0,air
ch2_p197_s1_c0,reine
ch2_p197_s1_c0,topaze
ch2_p197_s1_c0,regard
ch2_p197_s1_c0,peur
ch2_p197_s1_c0,rite
ch2_p197_s1_c0,fleur
ch2_p197_s1_c0,heure
ch2_p197_s1_c0,thé
ch2_p197_s1_c0,muffin
ch2_p197_s1_c0,toast
ch2_p197_s1_c0,thé
ch2_p197_s1_c0,rue
ch2_p197_s1_c0,assiduité
ch2_p197_s1_c0,réputation
ch2_p197_s1_c0,élégance
ch2_p197_s1_c0,femme
ch2_p197_s1_c0,swann
ch2_p197_s1_c1,somme
ch2_p197_s1_c1,naturel
ch2_p197_s1_c1,enfant
ch2_p197_s1_c1,vérité
ch2_p197_s1_c1,portrait
ch2_p197_s1_c1,point
ch2_p197_s1_c1,âme
ch2_p197_s1_c1,maîtresse
ch2_p197_s1_c1,visage
ch2_p197_s1_c1,lèvre
ch2_p197_s3_c0,fête
ch2_p197_s3_c0,fleur
ch2_p197_s3_c0,odette
ch2_p197_s4_c0,vue
ch2_p197_s4_c0,swann
ch2_p197_s4_c0,lunette
ch2_p197_s4_c0,monde
ch2_p197_s4_c0,monocle
ch2_p197_s5_c0,fois
ch2_p197_s5_c0,œil
ch2_p197_s5_c0,joie
ch2_p197_s5_c0,homme
ch2_p197_s5_c0,chic
ch2_p197_s7_c0,air
ch2_p197_s7_c0,vrai
ch2_p197_s8_c0,titre
ch2_p197_s9_c0,nuance
ch2_p197_s9_c0,regret
ch2_p197_s10_c0,odette
ch2_p197_s10_c0,bretonne
ch2_p197_s10_c0,coiffe
ch2_p197_s10_c0,revenant
ch2_p197_s11_c0,homme
ch2_p197_s11_c0,goût
ch2_p197_s11_c0,art
ch2_p197_s11_c0,sensualité
ch2_p197_s11_c0,satisfaction
ch2_p197_s11_c0,compagnie
ch2_p197_s11_c0,femme
ch2_p197_s11_c0,séduction
ch2_p197_s11_c0,œuvre
ch2_p197_s11_c0,baignoire
ch2_p197_s11_c0,représentation
ch2_p197_s11_c0,pièce
ch2_p197_s11_c0,envie
ch2_p197_s11_c0,exposition
ch2_p197_s11_c0,peinture
ch2_p197_s11_c1,femme
ch2_p197_s11_c1,monde
ch2_p197_s11_c1,gentiment
ch2_p197_s12_c0,contraire
ch2_p197_s12_c0,odette
ch2_p197_s12_c0,âme
ch2_p197_s12_c0,chose
ch2_p197_s12_c0,plaisir
ch2_p197_s12_c0,habitude
ch2_p197_s12_c0,opinion
ch2_p197_s12_c0,racine
ch2_p197_s12_c0,intelligence
ch2_p197_s12_c0,amour
ch2_p197_s12_c0,cause
ch2_p197_s13_c0,serge
ch2_p197_s13_c0,panine
ch2_p197_s13_c0,occasion
ch2_p197_s13_c0,olivier
ch2_p197_s13_c0,métra
ch2_p197_s13_c0,douceur
ch2_p197_s13_c0,conception
ch2_p197_s13_c0,odette
ch2_p197_s13_c0,moitié
ch2_p197_s13_c0,goût
ch2_p197_s14_c0,charme
ch2_p197_s14_c0,ouvrage
ch2_p197_s14_c0,lieu
ch2_p197_s15_c0,croyance
ch2_p197_s15_c0,jeunesse
ch2_p197_s15_c0,scepticisme
ch2_p197_s15_c0,homme
ch2_p197_s15_c0,monde
ch2_p197_s15_c0,insu
ch2_p197_s15_c0,objet
ch2_p197_s15_c0,goût
ch2_p197_s15_c0,valeur
ch2_p197_s15_c0,affaire
ch2_p197_s15_c0,époque
ch2_p197_s15_c0,classe
ch2_p197_s15_c0,mode
ch2_p197_s16_c0,importance
ch2_p197_s16_c0,odette
ch2_p197_s16_c0,carte
ch2_p197_s16_c0,vernissage
ch2_p197_s16_c0,chose
ch2_p197_s16_c0,plaisir
ch2_p197_s16_c0,déjeuner
ch2_p197_s16_c0,prince
ch2_p197_s16_c0,galles
ch2_p197_s16_c0,admiration
ch2_p197_s16_c0,monte
ch2_p197_s16_c0,carlo
ch2_p197_s16_c0,righi
ch2_p197_s16_c0,goût
ch2_p197_s16_c1,hollande
ch2_p197_s16_c1,laide
ch2_p197_s16_c1,versailles
ch2_p197_s17_c0,plaisir
ch2_p198_s0_c0,odette
ch2_p198_s0_c0,sorte
ch2_p198_s0_c0,mode
ch2_p198_s0_c0,société
ch2_p198_s0_c0,verdurin
ch2_p198_s1_c0,fond
ch2_p198_s1_c0,divertissement
ch2_p198_s1_c0,repas
ch2_p198_s1_c0,musique
ch2_p198_s1_c0,jeu
ch2_p198_s1_c0,souper
ch2_p198_s1_c0,party
ch2_p198_s1_c0,campagne
ch2_p198_s1_c0,party
ch2_p198_s1_c0,théâtre
ch2_p198_s1_c0,soirée
ch2_p198_s1_c0,donnée
ch2_p198_s1_c0,présence
ch2_p198_s1_c0,odette
ch2_p198_s1_c0,vue
ch2_p198_s1_c0,odette
ch2_p198_s1_c0,conversation
ch2_p198_s1_c0,odette
ch2_p198_s1_c0,verdurin
ch2_p198_s1_c0,swann
ch2_p198_s1_c0,don
ch2_p198_s1_c0,noyau
ch2_p198_s1_c1,mérite
ch2_p198_s1_c1,goût
ch2_p198_s1_c1,vie
ch2_p198_s2_c0,peur
ch2_p198_s2_c0,odette
ch2_p198_s2_c0,verdurin
ch2_p198_s2_c0,proposition
ch2_p198_s2_c0,objection
ch2_p198_s2_c0,principe
ch2_p198_s2_c0,part
ch2_p198_s2_c0,intelligence
ch2_p198_s2_c0,avenir
ch2_p198_s2_c0,soir
ch2_p198_s2_c0,odette
ch2_p198_s2_c0,moment
ch2_p198_s2_c1,jour
ch2_p198_s3_c0,milieu
ch2_p198_s4_c0,fond
ch2_p198_s4_c0,vie
ch2_p198_s5_c0,artiste
ch2_p198_s5_c0,monde
ch2_p198_s6_c0,mme
ch2_p198_s6_c0,verdurin
ch2_p198_s6_c0,exagération
ch2_p198_s6_c0,amour
ch2_p198_s6_c0,peinture
ch2_p198_s6_c0,musique
ch2_p198_s7_c0,passion
ch2_p198_s7_c0,œuvre
ch2_p198_s7_c0,désir
ch2_p198_s7_c0,plaisir
ch2_p198_s7_c0,artiste
ch2_p198_s8_c0,idée
ch2_p198_s8_c0,monde
ch2_p198_s8_c0,monde
ch2_p198_s8_c0,milieu
ch2_p198_s8_c0,artiste
ch2_p198_s9_c0,besoin
ch2_p198_s9_c0,conversation
ch2_p198_s9_c0,cottard
ch2_p198_s9_c0,calembour
ch2_p198_s10_c0,peintre
ch2_p198_s10_c0,prétention
ch2_p198_s10_c0,revanche
ch2_p198_s10_c0,intelligence
ch2_p198_s11_c0,contrainte
ch2_p198_s11_c0,cérémonie
ch2_p198_s12_c0,dépense
ch2_p198_s12_c0,humeur
ch2_p198_s12_c0,jour
ch2_p198_s12_c0,salon
ch2_p198_s13_c0,décidément
ch2_p198_s13_c0,exception
ch2_p198_s13_c0,milieu
ch2_p198_s14_c0,habitude
ch2_p198_s14_c0,vie
ch2_p199_s0_c0,qualité
ch2_p199_s0_c0,verdurin
ch2_p199_s0_c0,reflet
ch2_p199_s0_c0,plaisir
ch2_p199_s0_c0,amour
ch2_p199_s0_c0,odette
ch2_p199_s0_c0,qualité
ch2_p199_s0_c0,plaisir
ch2_p199_s1_c0,mme
ch2_p199_s1_c0,verdurin
ch2_p199_s1_c0,swann
ch2_p199_s1_c0,bonheur
ch2_p199_s1_c0,soir
ch2_p199_s1_c0,odette
ch2_p199_s1_c0,invité
ch2_p199_s1_c0,initiative
ch2_p199_s1_c0,mme
ch2_p199_s1_c0,verdurin
ch2_p199_s1_c0,paix
ch2_p199_s1_c0,joie
ch2_p199_s1_c0,odette
ch2_p199_s1_c0,swann
ch2_p199_s2_c0,inquiétude
ch2_p199_s2_c0,odette
ch2_p199_s2_c0,jour
ch2_p199_s2_c0,mme
ch2_p199_s2_c0,verdurin
ch2_p199_s2_c0,campagne
ch2_p199_s2_c0,swann
ch2_p199_s2_c0,insu
ch2_p199_s2_c0,reconnaissance
ch2_p199_s2_c0,intérêt
ch2_p199_s2_c0,intelligence
ch2_p199_s2_c0,idée
ch2_p199_s2_c0,mme
ch2_p199_s2_c0,verdurin
ch2_p199_s2_c0,âme
ch2_p199_s3_c0,camarade
ch2_p199_s3_c0,école
ch2_p199_s3_c0,louvre
ch2_p199_s3_c0,fois
ch2_p199_s3_c0,verdurin
ch2_p199_s4_c0,solennité
ch2_p199_s4_c0,être
ch2_p199_s4_c0,magnanimité
ch2_p199_s4_c0,fond
ch2_p199_s4_c0,chose
ch2_p199_s5_c0,vois
ch2_p199_s5_c0,classe
ch2_p199_s5_c0,être
ch2_p199_s5_c0,magnanime
ch2_p199_s5_c0,âge
ch2_p199_s5_c0,parti
ch2_p199_s5_c0,fois
ch2_p199_s5_c0,temps
ch2_p199_s5_c0,mort
ch2_p199_s7_c0,émotion
ch2_p199_s7_c0,compte
ch2_p199_s7_c0,chose
ch2_p199_s7_c0,plaisir
ch2_p199_s7_c0,écoute
ch2_p199_s7_c0,voix
ch2_p199_s7_c0,sort
ch2_p199_s7_c0,cœur
ch2_p199_s7_c0,magnanimité
ch2_p199_s8_c0,demande
ch2_p199_s8_c0,mme
ch2_p199_s8_c0,verdurin
ch2_p199_s9_c0,preuve
ch2_p199_s9_c0,noblesse
ch2_p199_s9_c0,cœur
ch2_p199_s9_c0,hauteur
ch2_p199_s9_c0,hauteur
ch2_p199_s9_c0,pensée
ch2_p199_s10_c0,intelligence
ch2_p199_s10_c0,art
ch2_p199_s11_c0,action
ch2_p199_s11_c0,attention
ch2_p199_s11_c0,geste
ch2_p199_s11_c0,compréhension
ch2_p199_s11_c0,existence
ch2_p199_s11_c0,traité
ch2_p199_s11_c0,philosophie
ch2_p200_s0_c0,ami
ch2_p200_s0_c0,parent
ch2_p200_s0_c0,verdurin
ch2_p200_s0_c0,camarade
ch2_p200_s0_c0,jeunesse
ch2_p200_s0_c0,art
ch2_p200_s0_c0,être
ch2_p200_s0_c0,cœur
ch2_p200_s0_c0,simplicité
ch2_p200_s0_c0,art
ch2_p200_s0_c0,magnanimité
ch2_p200_s1_c0,odette
ch2_p201_s0_c0,doute
ch2_p201_s0_c0,milieu
ch2_p201_s0_c0,verdurin
ch2_p201_s0_c0,aimât
ch2_p201_s0_c0,swann
ch2_p201_s1_c0,verdurin
ch2_p201_s1_c0,swann
ch2_p201_s1_c0,pensée
ch2_p201_s1_c0,femme
ch2_p201_s2_c0,doute
ch2_p201_s2_c0,swann
ch2_p201_s2_c0,odette
ch2_p201_s2_c0,affection
ch2_p201_s2_c0,mme
ch2_p201_s2_c0,verdurin
ch2_p201_s2_c0,confident
ch2_p201_s2_c0,doute
ch2_p201_s2_c0,discrétion
ch2_p201_s2_c0,hospitalité
ch2_p201_s2_c0,verdurin
ch2_p201_s2_c0,dîner
ch2_p201_s2_c0,raison
ch2_p201_s2_c0,place
ch2_p201_s2_c0,désir
ch2_p201_s2_c0,invitation
ch2_p201_s2_c0,doute
ch2_p201_s2_c1,précaution
ch2_p201_s2_c1,découverte
ch2_p201_s2_c1,situation
ch2_p201_s2_c1,irritation
ch2_p201_s3_c0,raison
ch2_p201_s4_c0,espace
ch2_p201_s4_c0,princesse
ch2_p201_s4_c0,sagan
ch2_p201_s4_c0,plaisanterie
ch2_p201_s4_c0,cottard
ch2_p201_s4_c0,amabilité
ch2_p201_s4_c0,révoltât
ch2_p201_s4_c0,dogme
ch2_p201_s4_c0,impossibilité
ch2_p201_s5_c0,ennuyeu
ch2_p201_s5_c0,fond
ch2_p201_s5_c0,cœur
ch2_p201_s5_c0,fois
ch2_p201_s5_c0,verdurin
ch2_p201_s5_c0,noyau
ch2_p201_s5_c0,exemple
ch2_p201_s5_c0,présence
ch2_p201_s5_c0,fidèle
ch2_p201_s6_c0,abjuration
ch2_p202_s0_c0,différence
ch2_p202_s0_c0,odette
ch2_p202_s0_c0,fois
ch2_p202_s0_c0,espoir
ch2_p202_s0_c0,comte
ch2_p202_s0_c0,forcheville
ch2_p202_s1_c0,saniette
ch2_p202_s1_c0,étonnement
ch2_p202_s1_c0,fidèle
ch2_p202_s1_c0,archiviste
ch2_p202_s1_c0,manière
ch2_p202_s1_c0,rang
ch2_p202_s1_c0,monde
ch2_p202_s2_c0,doute
ch2_p202_s2_c0,forcheville
ch2_p202_s2_c0,swann
ch2_p202_s2_c0,doute
ch2_p202_s2_c0,milieu
ch2_p202_s2_c0,verdurin
ch2_p202_s3_c0,délicatesse
ch2_p202_s3_c0,nature
ch2_p202_s3_c0,swann
ch2_p202_s3_c0,critique
ch2_p202_s3_c0,mme
ch2_p202_s3_c0,verdurin
ch2_p202_s4_c0,tirade
ch2_p202_s4_c0,peintre
ch2_p202_s4_c0,jour
ch2_p202_s4_c0,plaisanterie
ch2_p202_s4_c0,voyageur
ch2_p202_s4_c0,cottard
ch2_p202_s4_c0,swann
ch2_p202_s4_c0,excuse
ch2_p202_s4_c0,courage
ch2_p202_s4_c0,hypocrisie
ch2_p202_s4_c0,forcheville
ch2_p202_s4_c0,contraire
ch2_p202_s4_c0,niveau
ch2_p202_s5_c0,dîner
ch2_p202_s5_c0,verdurin
ch2_p202_s5_c0,forcheville
ch2_p202_s5_c0,lumière
ch2_p202_s5_c0,différence
ch2_p202_s5_c0,qualité
ch2_p202_s5_c0,disgrâce
ch2_p202_s5_c0,swann
ch2_p203_s0_c0,dîner
ch2_p203_s0_c0,habitué
ch2_p203_s0_c0,professeur
ch2_p203_s0_c0,sorbonne
ch2_p203_s0_c0,brichot
ch2_p203_s0_c0,mme
ch2_p203_s0_c0,verdurin
ch2_p203_s0_c0,eau
ch2_p203_s0_c0,fonction
ch2_p203_s0_c0,travail
ch2_p203_s0_c0,érudition
ch2_p203_s0_c0,moment
ch2_p203_s0_c0,liberté
ch2_p203_s0_c0,volontiers
ch2_p203_s1_c0,curiosité
ch2_p203_s1_c0,superstition
ch2_p203_s1_c0,vie
ch2_p203_s1_c0,scepticisme
ch2_p203_s1_c0,objet
ch2_p203_s1_c0,étude
ch2_p203_s1_c0,profession
ch2_p203_s1_c0,homme
ch2_p203_s1_c0,médecin
ch2_p203_s1_c0,médecine
ch2_p203_s1_c0,professeur
ch2_p203_s1_c0,lycée
ch2_p203_s1_c0,thème
ch2_p203_s1_c0,réputation
ch2_p203_s1_c0,esprit
ch2_p203_s2_c0,mme
ch2_p203_s2_c0,verdurin
ch2_p203_s2_c0,comparaison
ch2_p203_s2_c0,philosophie
ch2_p203_s2_c0,histoire
ch2_p203_s2_c0,préparation
ch2_p203_s2_c0,vie
ch2_p203_s2_c0,action
ch2_p203_s2_c0,clan
ch2_p203_s2_c0,livre
ch2_p203_s2_c0,insu
ch2_p203_s2_c0,respect
ch2_p203_s2_c0,sujet
ch2_p203_s2_c1,universitaire
ch2_p203_s2_c1,hardiesse
ch2_p203_s2_c1,contraire
ch2_p204_s0_c0,commencement
ch2_p204_s0_c0,repas
ch2_p204_s0_c0,forcheville
ch2_p204_s0_c0,droite
ch2_p204_s0_c0,mme
ch2_p204_s0_c0,verdurin
ch2_p204_s0_c0,frais
ch2_p204_s0_c0,toilette
ch2_p204_s0_c0,robe
ch2_p204_s0_c0,docteur
ch2_p204_s0_c0,occasion
ch2_p204_s0_c0,attention
ch2_p204_s0_c0,contact
ch2_p204_s0_c0,vol
ch2_p204_s0_c0,mot
ch2_p204_s0_c1,nez
ch2_p204_s0_c1,assiette
ch2_p204_s1_c0,blanche
ch2_p204_s1_c0,castille
ch2_p204_s2_c0,tête
ch2_p204_s2_c0,droite
ch2_p204_s2_c0,gauche
ch2_p204_s2_c0,regard
ch2_p204_s3_c0,swann
ch2_p204_s3_c0,effort
ch2_p204_s3_c0,calembour
ch2_p204_s3_c0,forcheville
ch2_p204_s3_c0,fois
ch2_p204_s3_c0,finesse
ch2_p204_s3_c0,limite
ch2_p204_s3_c0,gaieté
ch2_p204_s3_c0,franchise
ch2_p204_s3_c0,mme
ch2_p204_s3_c0,verdurin
ch2_p205_s0_c0,savant
ch2_p205_s1_c0,forcheville
ch2_p205_s2_c0,moyen
ch2_p205_s2_c0,minute
ch2_p205_s3_c0,hôpital
ch2_p205_s4_c0,docteur
ch2_p205_s4_c0,jour
ch2_p206_s0_c0,docteur
ch2_p206_s0_c0,chipie
ch2_p206_s0_c0,blanche
ch2_p206_s0_c0,castille
ch2_p206_s1_c0,monsieur
ch2_p206_s2_c0,brichot
ch2_p206_s2_c0,mme
ch2_p206_s2_c0,verdurin
ch2_p206_s2_c0,oeil
ch2_p206_s2_c0,figure
ch2_p206_s2_c0,main
ch2_p206_s2_c0,cri
ch2_p207_s0_c0,dieu
ch2_p207_s0_c0,monsieur
ch2_p207_s0_c0,âme
ch2_p207_s0_c0,table
ch2_p207_s0_c0,roser
ch2_p207_s0_c0,république
ch2_p207_s1_c0,capétien
ch2_p207_s1_c0,préfet
ch2_p207_s1_c0,police
ch2_p207_s1_c0,poigne
ch2_p207_s2_c0,hôte
ch2_p207_s2_c0,voix
ch2_p207_s2_c0,syllabe
ch2_p207_s2_c0,réponse
ch2_p207_s2_c0,objection
ch2_p207_s2_c0,verdurin
ch2_p207_s3_c0,chronique
ch2_p207_s3_c0,sûreté
ch2_p207_s3_c0,information
ch2_p207_s3_c0,doute
ch2_p207_s3_c0,égard
ch2_p207_s4_c0,nulle
ch2_p207_s4_c0,patronne
ch2_p207_s4_c0,prolétariat
ch2_p207_s4_c0,mère
ch2_p207_s4_c0,saint
ch2_p207_s4_c0,saumâtre
ch2_p207_s4_c0,suger
ch2_p207_s4_c0,saint
ch2_p207_s4_c0,bernard
ch2_p207_s4_c0,grade
ch2_p208_s0_c0,monsieur
ch2_p208_s1_c0,forcheville
ch2_p208_s1_c0,mme
ch2_p208_s1_c0,verdurin
ch2_p208_s1_c0,air
ch2_p208_s1_c0,force
ch2_p209_s0_c0,brichot
ch2_p209_s1_c0,europe
ch2_p210_s1_c0,bréchot
ch2_p210_s1_c0,forcheville
ch2_p210_s1_c0,homme
ch2_p210_s1_c0,oeil
ch2_p210_s2_c0,dîner
ch2_p210_s2_c0,homme
ch2_p210_s2_c0,vue
ch2_p210_s3_c0,convive
ch2_p210_s3_c0,choix
ch2_p211_s1_c0,mme
ch2_p211_s1_c0,verdurin
ch2_p211_s1_c0,confiance
ch2_p211_s2_c0,conversation
ch2_p211_s2_c0,fusée
ch2_p211_s3_c0,brichot
ch2_p211_s3_c0,soir
ch2_p211_s3_c0,genou
ch2_p211_s4_c0,homme
ch2_p211_s4_c0,esprit
ch2_p211_s4_c0,mot
ch2_p212_s1_c0,forcheville
ch2_p213_s0_c0,genre
ch2_p213_s0_c0,esprit
ch2_p213_s0_c0,brichot
ch2_p213_s0_c0,stupidité
ch2_p213_s0_c0,coterie
ch2_p213_s0_c0,swann
ch2_p213_s0_c0,jeunesse
ch2_p213_s0_c0,intelligence
ch2_p213_s1_c0,professeur
ch2_p213_s1_c0,nourrie
ch2_p213_s1_c0,monde
ch2_p213_s1_c0,swann
ch2_p213_s2_c0,goût
ch2_p213_s2_c0,répugnance
ch2_p213_s2_c0,vie
ch2_p213_s2_c0,party
ch2_p213_s2_c0,domaine
ch2_p213_s2_c0,intelligence
ch2_p213_s2_c0,conversation
ch2_p213_s2_c0,swann
ch2_p213_s2_c0,plaisanterie
ch2_p213_s2_c0,brichot
ch2_p213_s2_c0,pédantesque
ch2_p213_s3_c0,habitude
ch2_p213_s3_c0,manière
ch2_p213_s3_c0,universitaire
ch2_p213_s4_c0,soir
ch2_p213_s4_c0,indulgence
ch2_p213_s4_c0,amabilité
ch2_p213_s4_c0,mme
ch2_p213_s4_c0,verdurin
ch2_p213_s4_c0,forcheville
ch2_p213_s4_c0,odette
ch2_p213_s4_c0,idée
ch2_p213_s5_c0,swann
ch2_p214_s0_c0,invité
ch2_p215_s0_c0,fois
ch2_p215_s0_c0,forcheville
ch2_p215_s0_c0,femme
ch2_p215_s0_c0,homme
ch2_p215_s0_c0,immonde
ch2_p215_s1_c0,idée
ch2_p215_s1_c0,odette
ch2_p215_s1_c0,habitude
ch2_p215_s1_c0,brichot
ch2_p215_s1_c0,histoire
ch2_p215_s1_c0,mère
ch2_p215_s1_c0,blanche
ch2_p215_s1_c0,castille
ch2_p215_s1_c0,henri
ch2_p215_s1_c0,plantagenet
ch2_p215_s1_c0,année
ch2_p215_s1_c0,suite
ch2_p215_s1_c0,swann
ch2_p215_s1_c0,monsieur
ch2_p215_s1_c0,swann
ch2_p215_s2_c0,martial
ch2_p215_s2_c0,portée
ch2_p215_s2_c0,paysan
ch2_p215_s2_c0,cœur
ch2_p215_s2_c0,troupier
ch2_p215_s2_c0,swann
ch2_p215_s2_c0,brichot
ch2_p215_s2_c0,fureur
ch2_p215_s2_c0,maîtresse
ch2_p215_s2_c0,maison
ch2_p215_s2_c0,blanche
ch2_p215_s2_c0,castille
ch2_p215_s2_c0,chose
ch2_p215_s2_c0,peintre
ch2_p215_s3_c0,exposition
ch2_p215_s3_c0,artiste
ch2_p215_s3_c0,ami
ch2_p215_s3_c0,mme
ch2_p215_s3_c0,verdurin
ch2_p215_s3_c0,swann
ch2_p215_s3_c0,goût
ch2_p215_s3_c0,œuvre
ch2_p215_s3_c0,virtuosité
ch2_p215_s3_c0,précédente
ch2_p216_s0_c0,point
ch2_p216_s0_c0,vue
ch2_p216_s0_c0,art
ch2_p216_s0_c0,swann
ch2_p217_s0_c0,hauteur
ch2_p217_s0_c0,institution
ch2_p217_s0_c0,cottard
ch2_p217_s0_c0,bras
ch2_p217_s0_c0,gravité
ch2_p218_s0_c0,table
ch2_p218_s0_c0,rire
ch2_p219_s0_c0,sérieux
ch2_p219_s0_c0,mme
ch2_p219_s0_c0,verdurin
ch2_p219_s0_c0,forcheville
ch2_p219_s1_c0,moment
ch2_p219_s1_c0,calembredaine
ch2_p220_s0_c0,swann
ch2_p220_s1_c0,cottard
ch2_p220_s1_c0,rire
ch2_p220_s1_c0,forcheville
ch2_p220_s2_c0,peintre
ch2_p220_s2_c0,lieu
ch2_p220_s2_c0,swann
ch2_p220_s2_c0,convive
ch2_p220_s2_c0,morceau
ch2_p220_s2_c0,habileté
ch2_p220_s2_c0,maître
ch2_p221_s0_c0,nez
ch2_p221_s3_c0,colle
ch2_p221_s3_c0,rubis
ch2_p221_s3_c0,savon
ch2_p221_s3_c0,bronze
ch2_p221_s3_c0,soleil
ch2_p221_s3_c0,caca
ch2_p222_s0_c0,docteur
ch2_p222_s0_c0,interruption
ch2_p223_s0_c0,air
ch2_p223_s0_c0,peintre
ch2_p223_s0_c0,moyen
ch2_p223_s0_c0,truc
ch2_p223_s0_c0,ronde
ch2_p223_s0_c0,régent
ch2_p223_s0_c0,patte
ch2_p223_s0_c0,rembrandt
ch2_p223_s0_c0,hals
ch2_p224_s0_c0,chanteur
ch2_p224_s0_c0,note
ch2_p224_s0_c0,voix
ch2_p224_s0_c0,tête
ch2_p224_s0_c0,piano
ch2_p224_s0_c0,peinture
ch2_p224_s0_c0,force
ch2_p224_s0_c0,beauté
ch2_p225_s0_c0,tête
ch2_p225_s0_c0,coupe
ch2_p225_s0_c0,respiration
ch2_p225_s0_c0,chatouille
ch2_p225_s0_c0,mèche
ch2_p225_s0_c0,rouerie
ch2_p225_s0_c0,miracle
ch2_p225_s0_c0,rire
ch2_p225_s1_c0,tête
ch2_p225_s1_c0,note
ch2_p225_s1_c0,profonde
ch2_p226_s0_c0,moment
ch2_p226_s0_c0,ronde
ch2_p226_s0_c0,blasphème
ch2_p226_s0_c0,protestation
ch2_p226_s0_c0,mme
ch2_p226_s0_c0,verdurin
ch2_p226_s0_c0,ronde
ch2_p226_s0_c0,chef
ch2_p226_s0_c0,œuvre
ch2_p226_s0_c0,univers
ch2_p226_s0_c0,samothrace
ch2_p226_s0_c0,caca
ch2_p226_s0_c0,forcheville
ch2_p226_s0_c0,coup
ch2_p226_s0_c0,œil
ch2_p226_s0_c0,table
ch2_p226_s0_c0,mot
ch2_p226_s0_c0,bouche
ch2_p226_s0_c0,sourire
ch2_p226_s0_c0,convive
ch2_p226_s0_c1,swann
ch2_p226_s0_c1,peintre
ch2_p226_s0_c1,regard
ch2_p226_s0_c1,admiration
ch2_p227_s0_c0,mme
ch2_p227_s0_c0,verdurin
ch2_p227_s0_c0,table
ch2_p227_s0_c0,jour
ch2_p227_s0_c0,forcheville
ch2_p227_s0_c0,fois
ch2_p227_s1_c0,bouche
ch2_p227_s1_c0,bête
ch2_p227_s2_c0,mari
ch2_p227_s3_c0,fois
ch2_p227_s5_c0,mot
ch2_p228_s0_c0,blague
ch2_p228_s0_c0,peintre
ch2_p228_s0_c0,succès
ch2_p228_s0_c0,air
ch2_p228_s0_c0,boniment
ch2_p228_s0_c0,chiqué
ch2_p228_s0_c0,billet
ch2_p229_s0_c0,mari
ch2_p229_s0_c0,sole
ch2_p229_s0_c0,monsieur
ch2_p229_s1_c0,feu
ch2_p229_s1_c0,salade
ch2_p230_s0_c0,mme
ch2_p230_s0_c0,cottard
ch2_p230_s0_c0,assurance
ch2_p230_s0_c0,inspiration
ch2_p230_s0_c0,mot
ch2_p230_s1_c0,succès
ch2_p230_s1_c0,confiance
ch2_p230_s1_c0,carrière
ch2_p230_s1_c0,mari
ch2_p230_s2_c0,mot
ch2_p230_s2_c0,salade
ch2_p230_s2_c0,mme
ch2_p230_s2_c0,verdurin
ch2_p231_s0_c0,salade
ch2_p231_s1_c0,odette
ch2_p232_s0_c0,hardiesse
ch2_p232_s0_c0,allusion
ch2_p232_s0_c0,pièce
ch2_p232_s0_c0,dumas
ch2_p232_s0_c0,rire
ch2_p232_s0_c0,ingénue
ch2_p232_s0_c0,instant
ch2_p232_s1_c0,dame
ch2_p232_s2_c0,esprit
ch2_p232_s2_c0,forcheville
ch2_p233_s0_c0,dîner
ch2_p233_s0_c0,vendredi
ch2_p234_s0_c0,monsieur
ch2_p234_s0_c0,mme
ch2_p234_s0_c0,cottard
ch2_p234_s0_c0,swann
ch2_p234_s0_c0,francillon
ch2_p234_s0_c0,monde
ch2_p234_s1_c0,docteur
ch2_p234_s1_c0,plaisir
ch2_p234_s1_c0,soirée
ch2_p234_s1_c0,place
ch2_p234_s2_c0,théâtre
ch2_p234_s2_c0,français
ch2_p234_s2_c0,soirée
ch2_p234_s2_c0,ami
ch2_p234_s2_c0,mme
ch2_p234_s2_c0,cottard
ch2_p234_s2_c0,nom
ch2_p234_s2_c0,ami
ch2_p234_s2_c0,amie
ch2_p234_s2_c0,distinction
ch2_p234_s2_c0,factice
ch2_p234_s2_c1,air
ch2_p234_s2_c1,importance
ch2_p234_s2_c1,loge
ch2_p234_s2_c1,idée
ch2_p234_s2_c1,nouveauté
ch2_p234_s2_c1,peine
ch2_p234_s2_c1,francillon
ch2_p234_s2_c1,opinion
ch2_p234_s3_c0,salon
ch2_p234_s3_c0,visite
ch2_p234_s3_c0,salade
ch2_p234_s4_c0,swann
ch2_p234_s4_c0,air
ch2_p234_s4_c0,actualité
ch2_p234_s5_c0,prétexte
ch2_p234_s5_c0,idée
ch2_p234_s6_c0,amie
ch2_p234_s6_c0,femme
ch2_p234_s6_c0,salade
ch2_p234_s6_c0,alexandre
ch2_p234_s6_c0,dumas
ch2_p234_s6_c0,pièce
ch2_p234_s7_c0,amie
ch2_p234_s8_c0,élu
ch2_p234_s9_c0,jour
ch2_p234_s9_c0,larme
ch2_p234_s10_c0,manière
ch2_p234_s10_c0,swann
ch2_p234_s10_c0,air
ch2_p235_s0_c0,francillon
ch2_p236_s0_c0,déception
ch2_p236_s1_c0,serge
ch2_p236_s1_c0,panine
ch2_p236_s1_c0,idole
ch2_p236_s1_c0,mme
ch2_p236_s1_c0,crécy
ch2_p236_s2_c0,sujet
ch2_p236_s2_c0,fond
ch2_p236_s2_c0,recette
ch2_p236_s2_c0,salade
ch2_p236_s2_c0,scène
ch2_p236_s2_c0,théâtre
ch2_p236_s2_c0,français
ch2_p236_s3_c0,serge
ch2_p236_s3_c0,panine
ch2_p236_s4_c0,plume
ch2_p236_s4_c0,georges
ch2_p236_s4_c0,ohnet
ch2_p236_s5_c0,maître
ch2_p236_s5_c0,forges
ch2_p236_s5_c0,serge
ch2_p236_s5_c0,panine
ch2_p237_s0_c0,swann
ch2_p237_s0_c0,air
ch2_p237_s0_c0,manque
ch2_p237_s0_c0,admiration
ch2_p237_s0_c0,chef
ch2_p237_s0_c0,œuvre
ch2_p238_s1_c0,parti
ch2_p238_s3_c0,roman
ch2_p238_s3_c0,pièce
ch2_p238_s3_c0,théâtre
ch2_p238_s4_c0,manière
ch2_p238_s4_c0,mieux
ch2_p239_s0_c0,forcheville
ch2_p239_s0_c0,swann
ch2_p239_s1_c0,mme
ch2_p239_s1_c0,cottard
ch2_p239_s1_c0,francillon
ch2_p239_s1_c0,forcheville
ch2_p239_s1_c0,mme
ch2_p239_s1_c0,verdurin
ch2_p239_s1_c0,admiration
ch2_p239_s1_c0,speech
ch2_p239_s1_c0,peintre
ch2_p240_s0_c0,monsieur
ch2_p240_s0_c0,facilité
ch2_p240_s0_c0,parole
ch2_p240_s0_c0,mémoire
ch2_p240_s1_c0,mme
ch2_p240_s1_c0,verdurin
ch2_p240_s1_c0,peintre
ch2_p240_s2_c0,bigre
ch2_p240_s4_c0,prédicateur
ch2_p240_s5_c0,bréchot
ch2_p240_s5_c0,numéro
ch2_p240_s5_c0,platine
ch2_p240_s5_c0,pion
ch2_p240_s5_c0,professeur
ch2_p240_s7_c0,chemin
ch2_p240_s7_c0,mot
ch2_p240_s7_c0,goût
ch2_p240_s7_c0,jour
ch2_p240_s7_c0,crachoir
ch2_p240_s7_c0,dextérité
ch2_p240_s7_c0,dision
ch2_p240_s7_c0,régiment
ch2_p240_s7_c0,camarade
ch2_p240_s7_c0,monsieur
ch2_p240_s8_c0,propos
ch2_p240_s8_c0,verre
ch2_p240_s8_c0,exemple
ch2_p240_s8_c0,heure
ch2_p240_s8_c0,propos
ch2_p240_s8_c0,verre
ch2_p240_s8_c0,propos
ch2_p240_s8_c0,bataille
ch2_p240_s8_c0,waterloo
ch2_p240_s8_c0,chemin
ch2_p240_s8_c0,chose
ch2_p240_s9_c0,swann
ch2_p240_s9_c0,régiment
ch2_p241_s0_c0,swann
ch2_p241_s1_c0,mme
ch2_p241_s1_c0,verdurin
ch2_p242_s0_c0,forcheville
ch2_p242_s0_c0,odette
ch2_p242_s0_c0,swann
ch2_p242_s0_c0,occasion
ch2_p242_s0_c0,relation
ch2_p242_s0_c0,homme
ch2_p242_s0_c0,monde
ch2_p242_s0_c0,critique
ch2_p242_s0_c0,air
ch2_p242_s0_c0,succès
ch2_p242_s0_c0,swann
ch2_p242_s3_c0,animal
ch2_p242_s3_c0,temps
ch2_p242_s3_c0,trémoïlle
ch2_p242_s3_c0,laume
ch2_p242_s4_c0,imputation
ch2_p242_s4_c0,an
ch2_p242_s4_c0,swann
ch2_p242_s4_c0,verdurin
ch2_p242_s5_c0,nom
ch2_p242_s5_c0,personne
ch2_p242_s5_c0,silence
ch2_p242_s6_c0,verdurin
ch2_p242_s6_c0,impression
ch2_p242_s6_c0,nom
ch2_p242_s6_c0,tact
ch2_p242_s6_c0,face
ch2_p242_s6_c0,fidèle
ch2_p242_s6_c0,femme
ch2_p242_s6_c0,dérobée
ch2_p242_s6_c0,regard
ch2_p242_s6_c0,inquiète
ch2_p242_s6_c0,sollicitude
ch2_p242_s7_c0,résolution
ch2_p242_s7_c0,acte
ch2_p242_s7_c0,ami
ch2_p242_s7_c0,conversation
ch2_p242_s7_c0,excuse
ch2_p242_s7_c0,air
ch2_p242_s7_c0,nom
ch2_p242_s7_c0,ingrat
ch2_p242_s7_c0,mme
ch2_p242_s7_c0,verdurin
ch2_p242_s7_c1,silence
ch2_p242_s7_c1,air
ch2_p242_s7_c1,consentement
ch2_p242_s7_c1,silence
ch2_p242_s7_c1,chose
ch2_p242_s7_c1,visage
ch2_p242_s7_c1,vie
ch2_p242_s7_c1,motilité
ch2_p242_s7_c1,front
ch2_p242_s7_c1,étude
ch2_p242_s7_c1,bosse
ch2_p242_s7_c1,nom
ch2_p242_s7_c1,trémoïlle
ch2_p242_s7_c1,swann
ch2_p242_s7_c1,nez
ch2_p242_s7_c1,échancrure
ch2_p242_s7_c1,vie
ch2_p242_s8_c0,bouche
ch2_p242_s9_c0,cire
ch2_p242_s9_c0,masque
ch2_p242_s9_c0,plâtre
ch2_p242_s9_c0,maquette
ch2_p242_s9_c0,monument
ch2_p242_s9_c0,buste
ch2_p242_s9_c0,palais
ch2_p242_s9_c0,industrie
ch2_p242_s9_c0,public
ch2_p242_s9_c0,sculpteur
ch2_p242_s9_c0,dignité
ch2_p242_s9_c0,verdurin
ch2_p242_s9_c0,trémoïlle
ch2_p242_s9_c0,laume
ch2_p242_s9_c0,ennuyeu
ch2_p242_s9_c0,terre
ch2_p242_s9_c1,majesté
ch2_p242_s9_c1,blancheur
ch2_p242_s9_c1,rigidité
ch2_p242_s9_c1,pierre
ch2_p242_s10_c0,marbre
ch2_p242_s10_c0,femme
ch2_p242_s10_c0,mari
ch2_p242_s10_c0,collidor
ch2_p242_s10_c0,corridor
ch2_p243_s0_c0,mme
ch2_p243_s0_c0,verdurin
ch2_p243_s0_c0,swann
ch2_p243_s0_c0,air
ch2_p244_s0_c0,doute
ch2_p244_s0_c0,simplicité
ch2_p244_s0_c0,tante
ch2_p244_s0_c0,pianiste
ch2_p245_s1_c0,personne
ch2_p245_s1_c0,peur
ch2_p245_s1_c0,coup
ch2_p245_s2_c0,peuple
ch2_p246_s0_c0,forcheville
ch2_p246_s0_c0,dame
ch2_p246_s0_c0,duchesse
ch2_p246_s0_c0,mme
ch2_p246_s0_c0,verdurin
ch2_p246_s1_c0,lieu
ch2_p246_s1_c0,swann
ch2_p246_s1_c0,rire
ch2_p246_s1_c0,air
ch2_p246_s1_c0,sérieux
ch2_p246_s2_c0,verdurin
ch2_p246_s2_c0,femme
ch2_p246_s2_c0,regard
ch2_p246_s2_c0,tristesse
ch2_p246_s2_c0,colère
ch2_p246_s2_c0,inquisiteur
ch2_p246_s2_c0,hérésie
ch2_p246_s2_c0,swann
ch2_p246_s2_c0,rétractation
ch2_p246_s2_c0,courage
ch2_p246_s2_c0,opinion
ch2_p246_s2_c0,calcul
ch2_p246_s2_c0,lâcheté
ch2_p246_s2_c0,oeil
ch2_p246_s2_c0,encontre
ch2_p246_s2_c0,verdurin
ch2_p247_s0_c0,pensée
ch2_p248_s0_c0,swann
ch2_p249_s0_c0,peur
ch2_p249_s0_c0,duchesse
ch2_p249_s0_c0,trémoïlle
ch2_p249_s1_c0,monde
ch2_p249_s2_c0,mot
ch2_p249_s2_c0,langage
ch2_p249_s2_c0,trace
ch2_p249_s2_c0,habitude
ch2_p249_s2_c0,esprit
ch2_p249_s2_c0,rénovation
ch2_p249_s2_c0,amour
ch2_p249_s2_c0,musique
ch2_p249_s2_c0,opinion
ch2_p249_s2_c0,chaleur
ch2_p249_s2_c0,mari
ch2_p250_s0_c0,mme
ch2_p250_s0_c0,verdurin
ch2_p250_s0_c0,infidèle
ch2_p250_s0_c0,unité
ch2_p250_s0_c0,noyau
ch2_p250_s0_c0,rage
ch2_p250_s0_c0,parole
ch2_p250_s0_c0,fond
ch2_p250_s0_c0,cœur
ch2_p251_s0_c0,trouvez
ch2_p252_s0_c0,intelligence
ch2_p252_s0_c0,forcheville
ch2_p252_s0_c0,tour
ch2_p252_s1_c0,voyons
ch2_p252_s1_c0,swann
ch2_p252_s1_c0,intelligence
ch2_p253_s1_c0,odette
ch2_p253_s1_c0,chose
ch2_p254_s0_c0,protester
ch2_p254_s0_c0,swann
ch2_p255_s0_c0,blague
ch2_p255_s1_c0,odette
ch2_p256_s0_c0,blague
ch2_p256_s0_c0,tabac
ch2_p256_s1_c0,docteur
ch2_p257_s0_c0,forcheville
ch2_p257_s0_c0,intelligence
ch2_p257_s0_c0,bagout
ch2_p257_s0_c0,monde
ch2_p257_s0_c0,personne
ch2_p258_s0_c0,entremets
ch2_p258_s0_c0,assiette
ch2_p258_s0_c0,mme
ch2_p258_s0_c0,verdurin
ch2_p258_s0_c0,aigre
ch2_p258_s0_c0,saniette
ch2_p258_s0_c0,réflexion
ch2_p258_s1_c0,temps
ch2_p258_s1_c0,di
ch2_p259_s0_c0,brichot
ch2_p259_s0_c0,syllabe
ch2_p259_s0_c0,définition
ch2_p259_s0_c0,intelligence
ch2_p259_s0_c0,fénelon
ch2_p260_s1_c0,forcheville
ch2_p260_s1_c0,docteur
ch2_p260_s1_c0,mme
ch2_p260_s1_c0,verdurin
ch2_p260_s1_c0,définition
ch2_p260_s1_c0,intelligence
ch2_p260_s1_c0,fénelon
ch2_p260_s1_c0,occasion
ch2_p261_s0_c0,brichot
ch2_p261_s0_c0,swann
ch2_p261_s1_c0,joute
ch2_p261_s1_c0,mme
ch2_p261_s1_c0,verdurin
ch2_p261_s1_c0,forcheville
ch2_p262_s0_c0,odette
ch2_p262_s0_c0,boudeur
ch2_p262_s0_c0,hauteur
ch2_p263_s0_c0,trémouaille
ch2_p263_s0_c0,mme
ch2_p263_s0_c0,verdurin
ch2_p263_s0_c0,brichot
ch2_p263_s0_c0,force
ch2_p263_s0_c0,snob
ch2_p263_s0_c0,mme
ch2_p263_s0_c0,sévigné
ch2_p263_s0_c0,paysan
ch2_p263_s1_c0,marquis
ch2_p263_s1_c0,raison
ch2_p263_s1_c0,âme
ch2_p263_s1_c0,copie
ch2_p263_s2_c0,journal
ch2_p263_s2_c0,fille
ch2_p263_s2_c0,mme
ch2_p263_s2_c0,trémouaille
ch2_p263_s2_c0,alliance
ch2_p263_s2_c0,politique
ch2_p264_s0_c0,famille
ch2_p264_s0_c0,hasard
ch2_p264_s0_c0,mme
ch2_p264_s0_c0,verdurin
ch2_p265_s0_c0,saniette
ch2_p265_s0_c0,maître
ch2_p265_s0_c0,hôtel
ch2_p265_s0_c0,assiette
ch2_p265_s0_c0,silence
ch2_p265_s0_c0,histoire
ch2_p265_s0_c0,dîner
ch2_p265_s0_c0,duc
ch2_p265_s0_c0,trémoïlle
ch2_p265_s0_c0,george
ch2_p265_s0_c0,sand
ch2_p265_s0_c0,pseudonyme
ch2_p265_s0_c0,femme
ch2_p265_s1_c0,swann
ch2_p265_s1_c0,sympathie
ch2_p265_s1_c0,saniette
ch2_p265_s1_c0,culture
ch2_p265_s1_c0,duc
ch2_p265_s1_c0,détail
ch2_p265_s1_c0,ignorance
ch2_p265_s1_c0,part
ch2_p265_s1_c0,coup
ch2_p265_s1_c0,saniette
ch2_p265_s1_c0,besoin
ch2_p265_s1_c0,preuve
ch2_p265_s1_c0,histoire
ch2_p265_s1_c0,raison
ch2_p265_s1_c0,moment
ch2_p265_s2_c0,homme
ch2_p265_s2_c0,verdurin
ch2_p265_s2_c0,conscience
ch2_p265_s2_c0,dîner
ch2_p265_s2_c0,habitude
ch2_p265_s3_c0,air
ch2_p265_s3_c0,swann
ch2_p265_s3_c0,acharner
ch2_p265_s3_c0,réfutation
ch2_p265_s3_c0,cas
ch2_p265_s3_c0,crime
ch2_p265_s3_c0,swann
ch2_p265_s3_c0,histoire
ch2_p265_s4_c0,docteur
ch2_p265_s4_c0,idée
ch2_p265_s4_c0,cas
ch2_p265_s4_c0,vero
ch2_p265_s4_c0,mot
ch2_p266_s0_c0,dîner
ch2_p266_s0_c0,forcheville
ch2_p266_s0_c0,docteur
ch2_p267_s0_c0,mme
ch2_p267_s0_c0,verdurin
ch2_p267_s0_c0,femme
ch2_p267_s1_c0,bouteille
ch2_p267_s2_c0,mme
ch2_p267_s2_c0,crécy
ch2_p267_s2_c0,femme
ch2_p267_s2_c0,air
ch2_p267_s3_c0,saperlipopette
ch2_p267_s3_c0,suite
ch2_p267_s3_c0,œil
ch2_p267_s4_c0,mme
ch2_p267_s4_c0,crécy
ch2_p267_s4_c0,verdurin
ch2_p267_s4_c0,pipe
ch2_p267_s4_c0,bouche
ch2_p267_s5_c0,corps
ch2_p267_s5_c0,femme
ch2_p268_s0_c0,lit
ch2_p268_s0_c0,tonnerre
ch2_p268_s0_c0,cottard
ch2_p268_s0_c0,instant
ch2_p268_s0_c0,forcheville
ch2_p268_s0_c0,haleine
ch2_p268_s0_c0,plaisanterie
ch2_p268_s0_c0,conversation
ch2_p268_s0_c0,cours
ch2_p268_s0_c0,excès
ch2_p268_s0_c0,spontanéité
ch2_p268_s0_c0,assurance
ch2_p268_s0_c0,froideur
ch2_p268_s0_c0,émoi
ch2_p268_s0_c0,récitation
ch2_p268_s1_c0,forcheville
ch2_p268_s2_c0,verdurin
ch2_p268_s2_c0,gaieté
ch2_p268_s2_c0,symbole
ch2_p268_s2_c0,femme
ch2_p268_s3_c0,peine
ch2_p268_s3_c0,mouvement
ch2_p268_s3_c0,tête
ch2_p268_s3_c0,épaule
ch2_p268_s3_c0,fumée
ch2_p268_s3_c0,pipe
ch2_p268_s4_c0,coin
ch2_p268_s4_c0,bouche
ch2_p268_s4_c0,simulacre
ch2_p268_s4_c0,suffocation
ch2_p268_s4_c0,hilarité
ch2_p268_s5_c0,mme
ch2_p268_s5_c0,verdurin
ch2_p268_s5_c0,face
ch2_p268_s5_c0,peintre
ch2_p268_s5_c0,histoire
ch2_p268_s5_c0,oeil
ch2_p268_s5_c0,visage
ch2_p268_s5_c0,main
ch2_p268_s5_c0,air
ch2_p268_s5_c0,masque
ch2_p268_s5_c0,théâtre
ch2_p268_s5_c0,gaieté
ch2_p269_s0_c0,verdurin
ch2_p269_s0_c0,pipe
ch2_p269_s0_c0,bouche
ch2_p269_s0_c0,cottard
ch2_p269_s0_c0,besoin
ch2_p269_s0_c0,instant
ch2_p269_s0_c0,plaisanterie
ch2_p269_s0_c0,fois
ch2_p269_s0_c0,endroit
ch2_p269_s0_c0,instant
ch2_p269_s0_c0,duc
ch2_p269_s0_c0,aumale
ch2_p269_s0_c0,sorte
ch2_p269_s0_c0,quinte
ch2_p269_s0_c0,verdurin
ch2_p270_s0_c0,voyons
ch2_p270_s0_c0,pipe
ch2_p270_s0_c0,bouche
ch2_p270_s0_c0,rire
ch2_p270_s0_c0,mme
ch2_p270_s0_c0,verdurin
ch2_p270_s0_c0,liqueur
ch2_p271_s0_c0,homme
ch2_p271_s0_c0,mari
ch2_p271_s0_c0,esprit
ch2_p271_s0_c0,forcheville
ch2_p271_s0_c0,mme
ch2_p271_s0_c0,cottard
ch2_p271_s1_c0,monsieur
ch2_p271_s2_c0,troupier
ch2_p271_s2_c0,goutte
ch2_p272_s0_c0,forcheville
ch2_p272_s0_c0,odette
ch2_p272_s0_c0,verdurin
ch2_p272_s0_c0,femme
ch2_p273_s0_c0,déjeuner
ch2_p273_s0_c0,fois
ch2_p273_s1_c0,swann
ch2_p273_s2_c0,froid
ch2_p273_s3_c0,dîner
ch2_p273_s4_c0,saison
ch2_p273_s4_c0,air
ch2_p273_s5_c0,dîner
ch2_p273_s5_c0,bois
ch2_p273_s6_c0,gentil
ch2_p273_s7_c0,métier
ch2_p273_s8_c0,pianiste
ch2_p273_s8_c0,importance
ch2_p273_s8_c0,forcheville
ch2_p273_s8_c0,fois
ch2_p273_s8_c0,esprit
ch2_p273_s8_c0,pouvoir
ch2_p273_s8_c0,fidèle
ch2_p274_s0_c0,forcheville
ch2_p274_s0_c0,train
ch2_p274_s0_c0,mal
ch2_p274_s0_c0,mme
ch2_p274_s0_c0,cottard
ch2_p274_s0_c0,mari
ch2_p274_s0_c0,salon
ch2_p275_s0_c0,idée
ch2_p275_s0_c0,noblesse
ch2_p275_s0_c0,forcheville
ch2_p275_s0_c0,commencement
ch2_p275_s0_c0,dîner
ch2_p276_s0_c0,moment
ch2_p276_s0_c0,baronne
ch2_p276_s0_c0,baronne
ch2_p276_s0_c0,putbu
ch2_p276_s0_c0,putbu
ch2_p276_s0_c0,croisades
ch2_p276_s1_c0,poméranie
ch2_p276_s1_c0,lac
ch2_p276_s1_c0,fois
ch2_p276_s1_c0,place
ch2_p276_s1_c0,concorde
ch2_p276_s2_c0,soigne
ch2_p276_s2_c0,arthrite
ch2_p276_s2_c0,femme
ch2_p276_s3_c0,mme
ch2_p276_s3_c0,verdurin
ch2_p277_s0_c0,forcheville
ch2_p277_s0_c0,moment
ch2_p277_s0_c0,mme
ch2_p277_s0_c0,cottard
ch2_p277_s0_c0,jugement
ch2_p277_s0_c0,mari
ch2_p278_s0_c0,monde
ch2_p278_s1_c0,dame
ch2_p278_s1_c0,chose
ch2_p278_s1_c0,médecin
ch2_p279_s0_c0,phrase
ch2_p279_s0_c0,sonate
ch2_p279_s0_c0,swann
ch2_p279_s1_c0,pianiste
ch2_p280_s1_c0,bigre
ch2_p280_s2_c0,serpent
ch2_p280_s2_c0,sonates
ch2_p280_s3_c0,forcheville
ch2_p281_s0_c0,docteur
ch2_p281_s0_c0,cottard
ch2_p281_s0_c0,calembour
ch2_p281_s0_c0,erreur
ch2_p281_s0_c0,forcheville
ch2_p282_s0_c0,sonate
ch2_p282_s0_c0,sonnette
ch2_p282_s0_c0,impatient
ch2_p283_s0_c0,forcheville
ch2_p283_s0_c0,calembour
ch2_p283_s1_c0,docteur
ch2_p284_s0_c0,avouez
ch2_p284_s0_c0,docteur
ch2_p285_s1_c0,connai
ch2_p285_s1_c0,cottard
ch2_p286_s0_c0,agitation
ch2_p286_s0_c0,trémolo
ch2_p286_s0_c0,violon
ch2_p286_s0_c0,protégeaient
ch2_p286_s0_c0,tenue
ch2_p286_s0_c0,octave
ch2_p286_s0_c0,pays
ch2_p286_s0_c0,montagne
ch2_p286_s0_c0,immobilité
ch2_p286_s0_c0,cascade
ch2_p286_s0_c0,pied
ch2_p286_s0_c0,forme
ch2_p286_s0_c0,promeneuse
ch2_p286_s0_c0,phrase
ch2_p286_s0_c0,lointaine
ch2_p286_s0_c0,déferlement
ch2_p286_s0_c0,rideau
ch2_p286_s1_c0,swann
ch2_p286_s1_c0,cœur
ch2_p286_s1_c0,confident
ch2_p286_s1_c0,amour
ch2_p286_s1_c0,amie
ch2_p286_s1_c0,odette
ch2_p286_s1_c0,attention
ch2_p286_s1_c0,forcheville
ch2_p287_s1_c0,mme
ch2_p287_s1_c0,verdurin
ch2_p287_s1_c0,fidèle
ch2_p287_s1_c0,cure
ch2_p287_s1_c0,dent
ch2_p287_s1_c0,brichot
ch2_p287_s1_c0,éloquence
ch2_p287_s3_c0,monsieur
ch2_p287_s3_c0,swann
ch2_p287_s4_c0,fois
ch2_p287_s5_c0,brichot
ch2_p288_s0_c0,swann
ch2_p289_s2_c0,mme
ch2_p289_s2_c0,verdurin
ch2_p290_s0_c0,monsieur
ch2_p290_s1_c0,goût
ch2_p290_s2_c0,hésitation
ch2_p290_s2_c0,douceur
ch2_p290_s2_c0,chose
ch2_p290_s2_c0,air
ch2_p290_s2_c0,brave
ch2_p291_s0_c0,tour
ch2_p291_s0_c0,monde
ch2_p291_s1_c0,mot
ch2_p291_s1_c0,cottard
ch2_p291_s1_c0,femme
ch2_p292_s0_c0,mme
ch2_p292_s0_c0,verdurin
ch2_p292_s0_c0,verve
ch2_p292_s0_c0,soir
ch2_p293_s0_c0,mme
ch2_p293_s0_c0,verdurin
ch2_p293_s1_c0,forcheville
ch2_p293_s1_c0,peintre
ch2_p294_s0_c0,odette
ch2_p294_s0_c0,regret
ch2_p294_s0_c0,swann
ch2_p294_s0_c0,humeur
ch2_p294_s0_c0,voiture
ch2_p294_s0_c0,épaule
ch2_p294_s0_c0,impatience
ch2_p294_s1_c0,invité
ch2_p294_s1_c0,parti
ch2_p294_s1_c0,mme
ch2_p294_s1_c0,verdurin
ch2_p294_s1_c0,mari
ch2_p295_s0_c0,swann
ch2_p295_s0_c0,rire
ch2_p295_s0_c0,mme
ch2_p295_s0_c0,trémoïlle
ch2_p296_s0_c0,nom
ch2_p296_s0_c0,swann
ch2_p296_s0_c0,forcheville
ch2_p296_s0_c0,fois
ch2_p296_s0_c0,particule
ch2_p296_s1_c0,titre
ch2_p296_s1_c0,fierté
ch2_p296_s1_c0,forme
ch2_p296_s2_c0,intransigeance
ch2_p296_s2_c0,trémoïlle
ch2_p296_s2_c0,abréviation
ch2_p296_s2_c0,usage
ch2_p296_s2_c0,parole
ch2_p296_s2_c0,chanson
ch2_p296_s2_c0,café
ch2_p296_s2_c0,concert
ch2_p296_s2_c0,légende
ch2_p296_s2_c0,caricaturiste
ch2_p296_s2_c0,trémoïlle
ch2_p296_s2_c0,monsieur
ch2_p296_s2_c0,trémoïlle
ch2_p296_s3_c0,duchesse
ch2_p296_s3_c0,swann
ch2_p296_s3_c0,sourire
ch2_p296_s3_c0,compte
ch2_p296_s3_c0,dénomination
ch2_p298_s0_c0,verdurin
ch2_p299_s0_c0,monsieur
ch2_p299_s0_c0,zist
ch2_p299_s0_c0,zest
ch2_p299_s1_c0,chèvre
ch2_p299_s1_c0,chou
ch2_p299_s2_c0,différence
ch2_p299_s2_c0,forcheville
ch2_p299_s3_c0,homme
ch2_p299_s5_c0,figue
ch2_p299_s5_c0,raisin
ch2_p299_s6_c0,odette
ch2_p299_s6_c0,air
ch2_p299_s6_c0,forcheville
ch2_p299_s6_c0,raison
ch2_p299_s7_c0,swann
ch2_p299_s7_c0,homme
ch2_p299_s7_c0,monde
ch2_p299_s7_c0,champion
ch2_p299_s7_c0,duchesse
ch2_p299_s7_c0,titre
ch2_p299_s7_c0,comte
ch2_p299_s7_c0,forcheville
ch2_p299_s7_c0,air
ch2_p299_s7_c0,courant
ch2_p299_s7_c0,histoire
ch2_p299_s7_c0,comté
ch2_p299_s7_c0,valeur
ch2_p300_s0_c0,mme
ch2_p300_s0_c0,verdurin
ch2_p300_s0_c0,brichot
ch2_p300_s0_c0,insinuation
ch2_p300_s1_c0,brichot
ch2_p300_s1_c0,maison
ch2_p300_s1_c0,manière
ch2_p300_s1_c0,dîner
ch2_p300_s2_c0,camarade
ch2_p301_s0_c0,verdurin
ch2_p301_s0_c0,raté
ch2_p301_s0_c0,individu
ch2_p302_s0_c0,réalité
ch2_p302_s0_c0,fidèle
ch2_p302_s0_c0,swann
ch2_p302_s0_c0,précaution
ch2_p302_s0_c0,médisance
ch2_p302_s0_c0,plaisanterie
ch2_p302_s0_c0,pointe
ch2_p302_s0_c0,émotion
ch2_p302_s0_c0,cordialité
ch2_p302_s0_c0,réserve
ch2_p302_s0_c0,swann
ch2_p302_s0_c0,formule
ch2_p302_s0_c0,convention
ch2_p302_s0_c0,mal
ch2_p302_s0_c0,perfidie
ch2_p302_s1_c0,auteur
ch2_p302_s1_c0,hardiesse
ch2_p302_s1_c0,goût
ch2_p302_s1_c0,public
ch2_p302_s1_c0,lieu
ch2_p302_s1_c0,manière
ch2_p302_s1_c0,swann
ch2_p302_s1_c0,verdurin
ch2_p302_s2_c0,swann
ch2_p302_s2_c0,nouveauté
ch2_p302_s2_c0,langage
ch2_p302_s2_c0,noirceur
ch2_p302_s2_c0,intention
ch2_p303_s0_c0,swann
ch2_p303_s0_c0,disgrâce
ch2_p303_s0_c0,verdurin
ch2_p303_s0_c0,travers
ch2_p303_s0_c0,amour
ch2_p304_s0_c0,odette
ch2_p304_s0_c0,soir
ch2_p304_s0_c0,jour
ch2_p304_s0_c0,peur
ch2_p304_s0_c0,pensée
ch2_p304_s0_c0,moment
ch2_p304_s0_c0,occasion
ch2_p304_s1_c0,devanture
ch2_p304_s1_c0,fleuriste
ch2_p304_s1_c0,joaillier
ch2_p304_s1_c0,vue
ch2_p304_s1_c0,arbuste
ch2_p304_s1_c0,bijou
ch2_p304_s1_c0,odette
ch2_p304_s1_c0,plaisir
ch2_p304_s1_c0,tendresse
ch2_p304_s1_c0,rue
ch2_p304_s1_c0,pérouse
ch2_p304_s1_c0,instant
ch2_p304_s1_c0,chose
ch2_p304_s1_c0,sorte
ch2_p304_s2_c0,reçût
ch2_p304_s2_c0,reconnaissance
ch2_p304_s2_c0,valût
ch2_p304_s2_c0,accueil
ch2_p304_s2_c0,verdurin
ch2_p304_s2_c0,fournisseur
ch2_p304_s2_c0,diligence
ch2_p304_s2_c0,lettre
ch2_p304_s2_c0,dîner
ch2_p304_s2_c0,venue
ch2_p304_s2_c0,visite
ch2_p304_s3_c0,jadi
ch2_p304_s3_c0,nature
ch2_p304_s3_c0,odette
ch2_p304_s3_c0,réaction
ch2_p304_s3_c0,dépit
ch2_p304_s3_c0,gratitude
ch2_p304_s3_c0,parcelle
ch2_p304_s3_c0,sentiment
ch2_p305_s0_c0,embarras
ch2_p305_s0_c0,argent
ch2_p305_s0_c0,dette
ch2_p305_s0_c0,prier
ch2_p305_s0_c0,aide
ch2_p305_s1_c0,odette
ch2_p305_s1_c0,idée
ch2_p305_s1_c0,amour
ch2_p305_s1_c0,idée
ch2_p305_s1_c0,influence
ch2_p305_s1_c0,utilité
ch2_p305_s2_c0,doute
ch2_p305_s2_c0,début
ch2_p305_s2_c0,situation
ch2_p305_s2_c0,fortune
ch2_p305_s2_c0,figurer
ch2_p305_s2_c0,sentît
ch2_p305_s2_c0,chose
ch2_p305_s2_c0,snobisme
ch2_p305_s2_c0,argent
ch2_p305_s3_c0,amour
ch2_p305_s3_c0,odette
ch2_p305_s3_c0,état
ch2_p305_s3_c0,agrément
ch2_p305_s3_c0,qualité
ch2_p305_s3_c0,intérêt
ch2_p305_s3_c0,intérêt
ch2_p305_s3_c0,jour
ch2_p305_s4_c0,instant
ch2_p305_s4_c0,comblant
ch2_p305_s4_c0,service
ch2_p305_s4_c0,avantage
ch2_p305_s4_c0,intelligence
ch2_p305_s4_c0,soin
ch2_p305_s5_c0,volupté
ch2_p305_s5_c0,amour
ch2_p305_s5_c0,réalité
ch2_p305_s5_c0,prix
ch2_p305_s5_c0,somme
ch2_p305_s5_c0,dilettante
ch2_p305_s5_c0,sensation
ch2_p305_s5_c0,valeur
ch2_p305_s5_c0,spectacle
ch2_p305_s5_c0,mer
ch2_p305_s5_c0,bruit
ch2_p305_s5_c0,vague
ch2_p305_s5_c0,qualité
ch2_p305_s5_c0,goût
ch2_p305_s5_c1,franc
ch2_p305_s5_c1,jour
ch2_p305_s5_c1,chambre
ch2_p305_s5_c1,hôtel
ch2_p305_s5_c1,goûter
ch2_p306_s0_c0,jour
ch2_p306_s0_c0,réflexion
ch2_p306_s0_c0,genre
ch2_p306_s0_c0,souvenir
ch2_p306_s0_c0,temps
ch2_p306_s0_c0,odette
ch2_p306_s0_c0,femme
ch2_p306_s0_c0,fois
ch2_p306_s0_c0,personnification
ch2_p306_s0_c0,femme
ch2_p306_s0_c0,amalgame
ch2_p306_s0_c0,élément
ch2_p306_s0_c0,apparition
ch2_p306_s0_c0,gustave
ch2_p306_s0_c0,moreau
ch2_p306_s0_c0,fleur
ch2_p306_s0_c0,joyau
ch2_p306_s0_c1,odette
ch2_p306_s0_c1,visage
ch2_p306_s0_c1,sentiment
ch2_p306_s0_c1,pitié
ch2_p306_s0_c1,malheureux
ch2_p306_s0_c1,révolte
ch2_p306_s0_c1,injustice
ch2_p306_s0_c1,gratitude
ch2_p306_s0_c1,bienfait
ch2_p306_s0_c1,mère
ch2_p306_s0_c1,ami
ch2_p306_s0_c1,odette
ch2_p306_s0_c1,propos
ch2_p306_s0_c1,chose
ch2_p306_s0_c1,mieux
ch2_p306_s0_c1,collection
ch2_p306_s0_c1,chambre
ch2_p306_s0_c1,banquier
ch2_p306_s0_c1,titre
ch2_p306_s0_c2,image
ch2_p306_s0_c2,banquier
ch2_p306_s0_c2,argent
ch2_p306_s1_c0,mois
ch2_p306_s1_c0,aide
ch2_p306_s1_c0,odette
ch2_p306_s1_c0,difficulté
ch2_p306_s1_c0,mois
ch2_p306_s1_c0,franc
ch2_p306_s1_c0,rivière
ch2_p306_s1_c0,diamant
ch2_p306_s1_c0,admiration
ch2_p306_s1_c0,générosité
ch2_p306_s1_c0,reconnaissance
ch2_p306_s1_c0,amour
ch2_p306_s1_c1,manifestation
ch2_p306_s2_c0,coup
ch2_p306_s2_c0,notion
ch2_p306_s2_c0,élément
ch2_p306_s2_c0,pervers
ch2_p306_s2_c0,fond
ch2_p306_s2_c0,vie
ch2_p306_s2_c0,billet
ch2_p306_s2_c0,franc
ch2_p306_s2_c0,recollé
ch2_p306_s2_c0,valet
ch2_p306_s2_c0,chambre
ch2_p306_s2_c0,compte
ch2_p306_s2_c0,mois
ch2_p306_s2_c0,terme
ch2_p306_s2_c1,tiroir
ch2_p306_s2_c1,bureau
ch2_p306_s2_c1,swann
ch2_p306_s2_c1,odette
ch2_p306_s2_c1,odette
ch2_p306_s2_c1,instant
ch2_p306_s2_c1,argent
ch2_p306_s2_c1,mot
ch2_p306_s2_c1,femme
ch2_p306_s3_c0,idée
ch2_p306_s3_c0,accès
ch2_p306_s3_c0,paresse
ch2_p306_s3_c0,esprit
ch2_p306_s3_c0,intermittent
ch2_p306_s3_c0,moment
ch2_p306_s3_c0,lumière
ch2_p306_s3_c0,intelligence
ch2_p306_s3_c0,éclairage
ch2_p306_s3_c0,électricité
ch2_p306_s3_c0,maison
ch2_p306_s4_c0,pensée
ch2_p306_s4_c0,instant
ch2_p306_s4_c0,obscurité
ch2_p306_s4_c0,lunette
ch2_p306_s4_c0,verre
ch2_p306_s4_c0,main
ch2_p306_s4_c0,oeil
ch2_p306_s4_c0,lumière
ch2_p306_s4_c0,présence
ch2_p306_s4_c0,idée
ch2_p306_s4_c0,mois
ch2_p306_s4_c0,franc
ch2_p306_s4_c0,odette
ch2_p306_s4_c0,lieu
ch2_p306_s4_c0,cause
ch2_p306_s4_c0,surprise
ch2_p306_s4_c0,joie
ch2_p307_s0_c0,soir
ch2_p307_s0_c0,heure
ch2_p307_s0_c0,odette
ch2_p307_s0_c0,verdurin
ch2_p307_s0_c0,restaurant
ch2_p307_s0_c0,bois
ch2_p307_s0_c0,dîner
ch2_p307_s0_c0,maison
ch2_p307_s0_c0,jadis
ch2_p307_s0_c0,convive
ch2_p307_s1_c0,contact
ch2_p307_s2_c0,jour
ch2_p307_s2_c0,odette
ch2_p307_s2_c0,grâce
ch2_p307_s3_c0,habitude
ch2_p307_s3_c0,monde
ch2_p307_s3_c0,luxe
ch2_p307_s3_c0,temps
ch2_p307_s3_c0,dédain
ch2_p307_s3_c0,besoin
ch2_p307_s3_c0,sorte
ch2_p307_s3_c0,moment
ch2_p307_s3_c0,pied
ch2_p307_s3_c0,demeure
ch2_p307_s3_c0,sens
ch2_p307_s3_c0,seconde
ch2_p307_s3_c0,malaise
ch2_p307_s4_c0,considération
ch2_p307_s4_c0,degré
ch2_p307_s4_c0,identité
ch2_p307_s4_c0,bourgeois
ch2_p307_s4_c0,étage
ch2_p307_s4_c0,escalier
ch2_p307_s4_c0,d
ch2_p307_s4_c0,palier
ch2_p307_s4_c0,gauche
ch2_p307_s4_c0,princesse
ch2_p307_s4_c0,parme
ch2_p307_s4_c0,fête
ch2_p307_s4_c0,paris
ch2_p307_s4_c0,sensation
ch2_p307_s4_c0,bal
ch2_p307_s4_c0,père
ch2_p307_s4_c0,chambre
ch2_p307_s4_c0,maîtresse
ch2_p307_s4_c0,maison
ch2_p307_s4_c0,vue
ch2_p307_s4_c0,lavabo
ch2_p307_s4_c0,serviette
ch2_p307_s4_c1,lit
ch2_p307_s4_c1,vestiaire
ch2_p307_s4_c1,pardessus
ch2_p307_s4_c1,chapeau
ch2_p307_s4_c1,sensation
ch2_p307_s4_c1,étouffement
ch2_p307_s4_c1,an
ch2_p307_s4_c1,électricité
ch2_p307_s4_c1,odeur
ch2_p307_s4_c1,lampe
ch2_p307_s4_c1,charbonner
ch2_p308_s0_c0,jour
ch2_p308_s0_c0,ville
ch2_p308_s0_c0,heure
ch2_p308_s0_c0,demie
ch2_p308_s0_c0,odette
ch2_p308_s0_c0,pensée
ch2_p308_s0_c0,odette
ch2_p308_s0_c0,moment
ch2_p308_s0_c0,charme
ch2_p308_s1_c0,voiture
ch2_p308_s1_c0,pensée
ch2_p308_s1_c0,temps
ch2_p308_s1_c0,genou
ch2_p308_s1_c0,bête
ch2_p308_s1_c0,table
ch2_p308_s1_c0,insu
ch2_p308_s1_c0,convive
ch2_p308_s2_c0,sorte
ch2_p308_s2_c0,langueur
ch2_p308_s2_c0,frémissement
ch2_p308_s2_c0,cou
ch2_p308_s2_c0,nez
ch2_p308_s2_c0,boutonnière
ch2_p308_s2_c0,bouquet
ch2_p308_s2_c0,ancolie
ch2_p308_s3_c0,temps
ch2_p308_s3_c0,odette
ch2_p308_s3_c0,forcheville
ch2_p308_s3_c0,verdurin
ch2_p308_s3_c0,swann
ch2_p308_s3_c0,campagne
ch2_p308_s4_c0,courage
ch2_p308_s4_c0,paris
ch2_p308_s4_c0,jour
ch2_p308_s4_c0,odette
ch2_p308_s5_c0,air
ch2_p308_s5_c0,jour
ch2_p308_s5_c0,printemps
ch2_p308_s6_c0,ville
ch2_p308_s6_c0,pierre
ch2_p308_s6_c0,hôtel
ch2_p308_s6_c0,cesse
ch2_p308_s6_c0,oeil
ch2_p308_s6_c0,parc
ch2_p308_s6_c0,combray
ch2_p308_s6_c0,heure
ch2_p308_s6_c0,plant
ch2_p308_s6_c0,asperge
ch2_p308_s6_c0,grâce
ch2_p308_s6_c0,vent
ch2_p308_s6_c0,champ
ch2_p308_s6_c0,méséglise
ch2_p308_s6_c0,charmille
ch2_p308_s6_c0,fraîcheur
ch2_p308_s6_c0,bord
ch2_p308_s6_c0,étang
ch2_p308_s6_c0,myosotis
ch2_p308_s6_c0,glaïeul
ch2_p308_s6_c1,jardinier
ch2_p308_s6_c1,table
ch2_p308_s6_c1,groseille
ch2_p308_s6_c1,rose
ch2_p309_s0_c0,dîner
ch2_p309_s0_c0,bois
ch2_p309_s0_c0,heure
ch2_p309_s0_c0,table
ch2_p309_s0_c0,pluie
ch2_p309_s0_c0,fidèle
ch2_p309_s0_c0,fois
ch2_p309_s0_c0,princesse
ch2_p309_s0_c0,laume
ch2_p309_s0_c0,swann
ch2_p309_s0_c0,café
ch2_p309_s0_c0,verdurin
ch2_p309_s0_c0,île
ch2_p309_s0_c0,bois
ch2_p310_s0_c0,swann
ch2_p310_s0_c0,an
ch2_p310_s0_c0,maladie
ch2_p310_s0_c0,vessie
ch2_p310_s1_c0,monde
ch2_p311_s0_c0,charme
ch2_p311_s0_c0,printemps
ch2_p311_s0_c0,goûter
ch2_p311_s0_c0,combray
ch2_p311_s0_c0,île
ch2_p311_s0_c0,cygne
ch2_p311_s1_c0,odette
ch2_p311_s1_c0,odeur
ch2_p311_s1_c0,feuille
ch2_p311_s1_c0,clair
ch2_p311_s1_c0,lune
ch2_p311_s2_c0,phrase
ch2_p311_s2_c0,sonate
ch2_p311_s2_c0,jardin
ch2_p311_s2_c0,piano
ch2_p311_s2_c0,restaurant
ch2_p311_s3_c0,verdurin
ch2_p311_s3_c0,peine
ch2_p311_s3_c0,chambre
ch2_p311_s3_c0,salle
ch2_p311_s3_c0,swann
ch2_p311_s3_c0,faveur
ch2_p311_s3_c0,contraire
ch2_p311_s4_c0,idée
ch2_p311_s4_c0,plaisir
ch2_p311_s4_c0,moment
ch2_p311_s4_c0,préparatif
ch2_p311_s4_c0,sentiment
ch2_p311_s4_c0,sympathie
ch2_p311_s4_c0,cordialité
ch2_p311_s5_c0,soir
ch2_p311_s5_c0,printemps
ch2_p311_s5_c0,attention
ch2_p311_s5_c0,arbre
ch2_p311_s5_c0,ciel
ch2_p311_s6_c0,agitation
ch2_p311_s6_c0,présence
ch2_p311_s6_c0,odette
ch2_p311_s6_c0,malaise
ch2_p311_s6_c0,temps
ch2_p311_s6_c0,calme
ch2_p311_s6_c0,fond
ch2_p311_s6_c0,impression
ch2_p311_s6_c0,nature
ch2_p312_s0_c0,soir
ch2_p312_s0_c0,swann
ch2_p312_s0_c0,dîner
ch2_p312_s0_c0,verdurin
ch2_p312_s0_c0,dîner
ch2_p312_s0_c0,lendemain
ch2_p312_s0_c0,banquet
ch2_p312_s0_c0,camarade
ch2_p312_s0_c0,odette
ch2_p312_s0_c0,table
ch2_p312_s0_c0,forcheville
ch2_p312_s0_c0,fidèle
ch2_p312_s0_c0,peintre
ch2_p312_s0_c0,cottard
ch2_p313_s0_c0,banquet
ch2_p314_s0_c0,swann
ch2_p314_s0_c0,amitié
ch2_p314_s0_c0,odette
ch2_p314_s0_c0,douceur
ch2_p314_s0_c0,tranquille
ch2_p314_s0_c0,impudeur
ch2_p314_s0_c0,soir
ch2_p314_s0_c0,situation
ch2_p314_s0_c0,préférence
ch2_p314_s1_c0,swann
ch2_p314_s1_c0,odette
ch2_p314_s1_c0,degré
ch2_p314_s1_c0,femme
ch2_p314_s1_c0,suprématie
ch2_p314_s1_c0,flatteur
ch2_p314_s1_c0,face
ch2_p314_s1_c0,fidèle
ch2_p314_s1_c0,homme
ch2_p314_s1_c0,odette
ch2_p314_s1_c0,femme
ch2_p314_s1_c1,charme
ch2_p314_s1_c1,corps
ch2_p314_s1_c1,besoin
ch2_p314_s1_c1,party
ch2_p314_s1_c1,cœur
ch2_p314_s2_c0,prix
ch2_p314_s2_c0,moment
ch2_p314_s2_c0,soir
ch2_p314_s2_c0,genou
ch2_p314_s2_c0,chose
ch2_p314_s2_c0,bien
ch2_p314_s2_c0,possession
ch2_p314_s2_c0,terre
ch2_p314_s3_c0,dîner
ch2_p314_s3_c0,part
ch2_p314_s3_c0,effusion
ch2_p314_s3_c0,degré
ch2_p314_s3_c0,reconnaissance
ch2_p314_s3_c0,échelle
ch2_p314_s3_c0,plaisir
ch2_p314_s3_c0,temps
ch2_p314_s3_c0,amour
ch2_p314_s3_c0,atteinte
ch2_p314_s3_c0,jalousie
ch2_p315_s0_c0,lendemain
ch2_p315_s0_c0,banquet
ch2_p315_s0_c0,disposition
ch2_p315_s0_c0,victoria
ch2_p315_s0_c0,ami
ch2_p315_s0_c0,odette
ch2_p315_s0_c0,certitude
ch2_p315_s0_c0,esprit
ch2_p315_s0_c0,cœur
ch2_p315_s0_c0,pluie
ch2_p315_s1_c0,air
ch2_p315_s1_c0,exception
ch2_p315_s1_c0,fin
ch2_p315_s1_c0,soirée
ch2_p315_s1_c0,fois
ch2_p316_s0_c0,heure
ch2_p316_s0_c0,orage
ch2_p316_s0_c0,mal
ch2_p316_s0_c0,tête
ch2_p316_s0_c0,minuit
ch2_p316_s0_c0,fatiguée
ch2_p317_s0_c0,catleya
ch2_p317_s0_c0,soir
ch2_p317_s1_c0,catleya
ch2_p318_s0_c0,air
ch2_p319_s0_c0,catleya
ch2_p319_s0_c0,soir
ch2_p321_s0_c0,lumière
ch2_p321_s0_c0,rideau
ch2_p321_s0_c0,lit
ch2_p321_s1_c0,idée
ch2_p321_s1_c0,odette
ch2_p321_s1_c0,soir
ch2_p321_s1_c0,fatigue
ch2_p321_s1_c0,nuit
ch2_p321_s2_c0,heure
ch2_p321_s3_c0,heure
ch2_p321_s3_c0,demie
ch2_p321_s3_c0,fiacre
ch2_p321_s3_c0,rue
ch2_p321_s3_c0,hôtel
ch2_p321_s3_c0,fenêtre
ch2_p321_s3_c0,chambre
ch2_p321_s3_c0,voiture
ch2_p321_s3_c0,désert
ch2_p321_s3_c0,quartier
ch2_p321_s3_c0,pied
ch2_p321_s4_c0,obscurité
ch2_p321_s4_c0,fenêtre
ch2_p321_s4_c0,rue
ch2_p321_s4_c0,volet
ch2_p321_s4_c0,pulpe
ch2_p321_s4_c0,lumière
ch2_p321_s4_c0,chambre
ch2_p321_s4_c0,soir
ch2_p321_s4_c0,rue
ch2_p321_s5_c0,long
ch2_p321_s5_c0,mur
ch2_p321_s5_c0,fenêtre
ch2_p321_s5_c0,lame
ch2_p321_s5_c0,volet
ch2_p321_s5_c0,silence
ch2_p321_s5_c0,nuit
ch2_p321_s5_c0,murmure
ch2_p321_s5_c0,conversation
ch2_p321_s6_c0,lumière
ch2_p321_s6_c0,atmosphère
ch2_p321_s6_c0,châssis
ch2_p321_s6_c0,couple
ch2_p321_s6_c0,murmure
ch2_p321_s6_c0,présence
ch2_p321_s6_c0,départ
ch2_p321_s6_c0,fausseté
ch2_p321_s6_c0,odette
ch2_p321_s6_c0,bonheur
ch2_p321_s6_c0,train
ch2_p321_s6_c0,goûter
ch2_p322_s0_c0,tourment
ch2_p322_s0_c0,acuité
ch2_p322_s0_c0,vague
ch2_p322_s0_c0,vie
ch2_p322_s0_c0,odette
ch2_p322_s0_c0,moment
ch2_p322_s0_c0,brusque
ch2_p322_s0_c0,soupçon
ch2_p322_s0_c0,lampe
ch2_p322_s0_c0,prisonnier
ch2_p322_s0_c0,chambre
ch2_p322_s0_c1,volet
ch2_p322_s0_c1,odette
ch2_p322_s0_c1,lumière
ch2_p322_s0_c1,causerie
ch2_p322_s0_c1,heure
ch2_p322_s0_c1,illusion
ch2_p322_s0_c1,erreur
ch2_p322_s0_c2,somme
ch2_p322_s0_c2,volet
ch2_p322_s1_c0,moment
ch2_p322_s1_c0,chose
ch2_p322_s1_c0,apaisement
ch2_p322_s1_c0,doute
ch2_p322_s1_c0,douleur
ch2_p322_s1_c0,plaisir
ch2_p322_s1_c0,intelligence
ch2_p322_s2_c0,chose
ch2_p322_s2_c0,intérêt
ch2_p322_s2_c0,souvenir
ch2_p322_s2_c0,odette
ch2_p322_s2_c0,faculté
ch2_p322_s2_c0,jeunesse
ch2_p322_s2_c0,jalousie
ch2_p322_s2_c0,ranimer
ch2_p322_s2_c0,passion
ch2_p322_s2_c0,vérité
ch2_p322_s2_c0,vérité
ch2_p322_s2_c0,maîtresse
ch2_p322_s2_c0,lumière
ch2_p322_s2_c0,vérité
ch2_p322_s2_c0,objet
ch2_p322_s2_c1,prix
ch2_p322_s2_c1,beauté
ch2_p322_s2_c1,action
ch2_p322_s2_c1,odette
ch2_p322_s2_c1,relation
ch2_p322_s2_c1,projet
ch2_p322_s2_c1,passé
ch2_p322_s3_c0,époque
ch2_p322_s3_c0,vie
ch2_p322_s3_c0,fait
ch2_p322_s3_c0,geste
ch2_p322_s3_c0,valeur
ch2_p322_s3_c0,swann
ch2_p322_s3_c0,commérage
ch2_p322_s3_c0,attention
ch2_p322_s3_c0,moment
ch2_p322_s4_c0,période
ch2_p322_s4_c0,amour
ch2_p322_s4_c0,individuel
ch2_p322_s4_c0,chose
ch2_p322_s4_c0,curiosité
ch2_p322_s4_c0,égard
ch2_p322_s4_c0,occupation
ch2_p322_s4_c0,femme
ch2_p322_s4_c0,histoire
ch2_p322_s5_c0,honte
ch2_p322_s5_c0,fenêtre
ch2_p322_s5_c0,indifférent
ch2_p322_s5_c0,domestique
ch2_p322_s5_c0,porte
ch2_p322_s5_c0,déchiffrement
ch2_p322_s5_c0,texte
ch2_p322_s5_c0,comparaison
ch2_p322_s5_c0,témoignage
ch2_p322_s5_c0,interprétation
ch2_p322_s5_c0,monument
ch2_p322_s5_c0,méthode
ch2_p322_s5_c0,investigation
ch2_p322_s5_c0,valeur
ch2_p322_s5_c0,recherche
ch2_p322_s5_c0,vérité
ch2_p323_s0_c0,point
ch2_p323_s0_c0,volet
ch2_p323_s0_c0,moment
ch2_p323_s0_c0,honte
ch2_p323_s0_c0,odette
ch2_p323_s0_c0,soupçon
ch2_p323_s0_c0,revenu
ch2_p323_s0_c0,rue
ch2_p323_s1_c0,horreur
ch2_p323_s1_c0,jaloux
ch2_p323_s1_c0,amant
ch2_p323_s2_c0,moment
ch2_p323_s3_c0,bonheur
ch2_p323_s3_c0,réalisation
ch2_p323_s3_c0,impatience
ch2_p323_s3_c0,plaisir
ch2_p323_s4_c0,désir
ch2_p323_s4_c0,vérité
ch2_p323_s5_c0,réalité
ch2_p323_s5_c0,circonstance
ch2_p323_s5_c0,vie
ch2_p323_s5_c0,fenêtre
ch2_p323_s5_c0,lumière
ch2_p323_s5_c0,couverture
ch2_p323_s5_c0,manuscrit
ch2_p323_s5_c0,richesse
ch2_p323_s6_c0,volupté
ch2_p323_s6_c0,vérité
ch2_p323_s6_c0,exemplaire
ch2_p323_s6_c0,éphémère
ch2_p323_s6_c0,matière
ch2_p323_s7_c0,avantage
ch2_p323_s7_c0,besoin
ch2_p323_s8_c0,pointe
ch2_p323_s8_c0,pied
ch2_p323_s10_c0,conversation
ch2_p323_s11_c0,voix
ch2_p323_s11_c0,homme
ch2_p323_s11_c0,ami
ch2_p323_s11_c0,odette
ch2_p325_s1_c0,fois
ch2_p325_s2_c0,fenêtre
ch2_p325_s2_c0,volet
ch2_p325_s3_c0,moyen
ch2_p325_s3_c0,air
ch2_p325_s3_c0,air
ch2_p326_s0_c0,lumière
ch2_p327_s1_c0,monsieur
ch2_p327_s1_c0,fenêtre
ch2_p327_s1_c0,lampe
ch2_p327_s1_c0,chambre
ch2_p327_s1_c0,chambre
ch2_p327_s2_c0,habitude
ch2_p327_s2_c0,odette
ch2_p327_s2_c0,fenêtre
ch2_p327_s2_c0,fenêtre
ch2_p327_s2_c0,fenêtre
ch2_p327_s2_c0,maison
ch2_p327_s3_c0,satisfaction
ch2_p327_s3_c0,curiosité
ch2_p327_s3_c0,amour
ch2_p327_s3_c0,odette
ch2_p327_s3_c0,sorte
ch2_p327_s3_c0,indifférence
ch2_p327_s3_c0,jalousie
ch2_p327_s3_c0,preuve
ch2_p327_s3_c0,amant
ch2_p327_s3_c0,dispense
ch2_p327_s4_c0,mésaventure
ch2_p327_s5_c0,moment
ch2_p327_s5_c0,mouvement
ch2_p327_s5_c0,pensée
ch2_p327_s5_c0,souvenir
ch2_p327_s5_c0,swann
ch2_p327_s5_c0,douleur
ch2_p327_s6_c0,douleur
ch2_p327_s6_c0,pensée
ch2_p327_s6_c0,swann
ch2_p327_s6_c0,douleur
ch2_p327_s6_c0,pensée
ch2_p327_s6_c0,pensée
ch2_p327_s7_c0,douleur
ch2_p327_s7_c0,pensée
ch2_p327_s9_c0,ami
ch2_p327_s9_c0,mal
ch2_p327_s9_c0,coup
ch2_p327_s9_c0,mot
ch2_p327_s9_c0,visage
ch2_p327_s9_c0,blessé
ch2_p327_s9_c0,maladroit
ch2_p327_s9_c0,précaution
ch2_p327_s9_c0,membre
ch2_p327_s10_c0,odette
ch2_p327_s10_c0,sourire
ch2_p327_s10_c0,railleur
ch2_p327_s10_c0,lourdeur
ch2_p327_s10_c0,tête
ch2_p327_s10_c0,axe
ch2_p327_s10_c0,lèvre
ch2_p327_s10_c0,fois
ch2_p327_s10_c0,voiture
ch2_p327_s10_c0,regard
ch2_p327_s10_c0,bras
ch2_p327_s10_c1,contractant
ch2_p327_s10_c1,épaule
ch2_p327_s10_c1,tête
ch2_p328_s0_c0,jalousie
ch2_p328_s0_c0,ombre
ch2_p328_s0_c0,amour
ch2_p328_s0_c0,double
ch2_p328_s0_c0,soir
ch2_p328_s0_c0,swann
ch2_p328_s0_c0,amour
ch2_p328_s0_c0,inclinaison
ch2_p328_s0_c0,tête
ch2_p328_s0_c0,lèvre
ch2_p328_s0_c0,donnée
ch2_p328_s0_c0,marque
ch2_p328_s0_c0,tendresse
ch2_p328_s1_c0,souvenir
ch2_p328_s1_c0,esquisse
ch2_p328_s1_c0,projet
ch2_p328_s1_c0,décorateur
ch2_p328_s1_c0,swann
ch2_p328_s1_c0,idée
ch2_p328_s1_c0,attitude
ch2_p328_s1_c0,pâmer
ch2_p328_s2_c0,sorte
ch2_p328_s2_c0,plaisir
ch2_p328_s2_c0,caresse
ch2_p328_s2_c0,imprudence
ch2_p328_s2_c0,douceur
ch2_p328_s2_c0,grâce
ch2_p328_s2_c0,instant
ch2_p328_s2_c0,instrument
ch2_p328_s2_c0,supplice
ch2_p329_s0_c0,swann
ch2_p329_s0_c0,souvenir
ch2_p329_s0_c0,bref
ch2_p329_s0_c0,regard
ch2_p329_s0_c0,jour
ch2_p329_s0_c0,fois
ch2_p329_s0_c0,oeil
ch2_p329_s0_c0,odette
ch2_p329_s1_c0,dîner
ch2_p329_s1_c0,verdurin
ch2_p329_s2_c0,forcheville
ch2_p329_s2_c0,saniette
ch2_p329_s2_c0,faveur
ch2_p329_s2_c0,tête
ch2_p329_s2_c0,turc
ch2_p329_s2_c0,dépens
ch2_p329_s2_c0,mot
ch2_p329_s2_c0,inaperçu
ch2_p329_s2_c0,assistant
ch2_p329_s2_c0,allusion
ch2_p329_s2_c0,gré
ch2_p329_s2_c0,malice
ch2_p329_s2_c1,temps
ch2_p329_s2_c1,occasion
ch2_p329_s2_c1,maison
ch2_p329_s2_c1,moment
ch2_p329_s2_c1,présence
ch2_p329_s2_c1,forcheville
ch2_p329_s2_c1,propos
ch2_p329_s2_c1,saniette
ch2_p329_s2_c1,fur
ch2_p329_s2_c1,mesure
ch2_p329_s2_c1,effroi
ch2_p329_s2_c1,douleur
ch2_p329_s2_c1,supplication
ch2_p329_s2_c2,malheureux
ch2_p329_s2_c2,mme
ch2_p329_s2_c2,verdurin
ch2_p329_s2_c2,réponse
ch2_p329_s2_c2,balbutiant
ch2_p329_s2_c2,larme
ch2_p329_s2_c2,oeil
ch2_p329_s3_c0,odette
ch2_p329_s3_c0,scène
ch2_p329_s3_c0,porte
ch2_p329_s3_c0,saniette
ch2_p329_s3_c0,sorte
ch2_p329_s3_c0,cran
ch2_p329_s3_c0,expression
ch2_p329_s3_c0,visage
ch2_p329_s3_c0,bassesse
ch2_p329_s3_c0,plain
ch2_p329_s3_c0,pied
ch2_p329_s3_c0,forcheville
ch2_p329_s3_c0,prunelle
ch2_p329_s3_c0,sourire
ch2_p329_s3_c0,félicitation
ch2_p329_s3_c0,audace
ch2_p329_s3_c0,ironie
ch2_p329_s3_c0,regard
ch2_p329_s3_c0,complicité
ch2_p329_s3_c0,mal
ch2_p329_s3_c1,exécution
ch2_p329_s4_c0,air
ch2_p329_s4_c0,forcheville
ch2_p329_s4_c0,oeil
ch2_p329_s4_c0,regard
ch2_p329_s4_c0,colère
ch2_p329_s4_c0,simulation
ch2_p329_s4_c0,colère
ch2_p330_s0_c0,correction
ch2_p330_s0_c0,âge
ch2_p331_s0_c0,jour
ch2_p331_s0_c0,swann
ch2_p331_s0_c0,milieu
ch2_p331_s0_c0,visite
ch2_p331_s0_c0,idée
ch2_p331_s0_c0,odette
ch2_p331_s0_c0,heure
ch2_p331_s0_c0,maison
ch2_p331_s0_c0,sieste
ch2_p331_s0_c0,lettre
ch2_p331_s0_c0,heure
ch2_p331_s0_c0,thé
ch2_p331_s0_c0,plaisir
ch2_p331_s1_c0,concierge
ch2_p331_s1_c0,bruit
ch2_p331_s2_c0,anxieux
ch2_p331_s2_c0,rue
ch2_p331_s2_c0,face
ch2_p331_s2_c0,hôtel
ch2_p331_s2_c0,fenêtre
ch2_p331_s2_c0,chambre
ch2_p331_s2_c0,odette
ch2_p331_s2_c0,rideau
ch2_p331_s2_c0,force
ch2_p331_s2_c0,carreau
ch2_p331_s3_c0,voisin
ch2_p331_s4_c0,croyant
ch2_p331_s4_c0,chose
ch2_p331_s5_c0,heure
ch2_p331_s6_c0,sonnette
ch2_p331_s6_c0,swann
ch2_p331_s7_c0,carreau
ch2_p331_s8_c0,swann
ch2_p331_s8_c0,suite
ch2_p331_s8_c0,fragment
ch2_p331_s8_c0,menteur
ch2_p331_s8_c0,composition
ch2_p331_s8_c0,part
ch2_p331_s8_c0,ressemblance
ch2_p331_s8_c0,vérité
ch2_p331_s9_c0,odette
ch2_p331_s9_c0,chose
ch2_p331_s9_c0,fond
ch2_p331_s10_c0,présence
ch2_p331_s10_c0,trouble
ch2_p331_s10_c0,idée
ch2_p331_s10_c0,faculté
ch2_p331_s10_c0,invention
ch2_p331_s10_c0,raisonnement
ch2_p331_s10_c0,tête
ch2_p331_s10_c0,vide
ch2_p331_s10_c0,chose
ch2_p331_s10_c0,portée
ch2_p331_s10_c0,chose
ch2_p331_s11_c0,morceau
ch2_p331_s11_c0,importance
ch2_p331_s11_c0,détail
ch2_p331_s11_c0,danger
ch2_p331_s11_c0,détail
ch2_p331_s13_c0,compte
ch2_p331_s13_c0,détail
ch2_p331_s13_c0,angle
ch2_p331_s13_c0,détail
ch2_p331_s13_c0,détail
ch2_p331_s13_c0,matière
ch2_p331_s14_c0,envie
ch2_p331_s14_c0,swann
ch2_p332_s0_c0,contradiction
ch2_p332_s0_c0,odette
ch2_p332_s0_c0,mensonge
ch2_p332_s0_c0,indice
ch2_p332_s0_c0,vérité
ch2_p332_s0_c0,piété
ch2_p332_s0_c0,mot
ch2_p332_s0_c0,voile
ch2_p332_s0_c0,empreinte
ch2_p332_s0_c1,réalité
ch2_p332_s0_c1,heure
ch2_p332_s0_c1,mensonge
ch2_p332_s0_c1,vestige
ch2_p332_s0_c1,souvenir
ch2_p332_s0_c1,receleur
ch2_p332_s1_c0,moment
ch2_p332_s1_c0,action
ch2_p332_s1_c0,odette
ch2_p332_s1_c0,relation
ch2_p332_s1_c0,homme
ch2_p332_s1_c0,tristesse
ch2_p332_s1_c0,fièvre
ch2_p332_s1_c0,suicide
ch2_p332_s2_c0,compte
ch2_p332_s2_c0,intérêt
ch2_p332_s2_c0,tristesse
ch2_p332_s2_c0,maladie
ch2_p332_s2_c0,guérie
ch2_p332_s2_c0,acte
ch2_p332_s2_c0,odette
ch2_p332_s2_c0,baiser
ch2_p332_s2_c0,redeviendraient
ch2_p332_s2_c0,femme
ch2_p332_s3_c0,curiosité
ch2_p332_s3_c0,swann
ch2_p332_s3_c0,cause
ch2_p332_s3_c0,curiosité
ch2_p332_s3_c0,œuvre
ch2_p332_s3_c0,satisfaction
ch2_p332_s4_c0,swann
ch2_p332_s4_c0,âge
ch2_p332_s4_c0,philosophie
ch2_p332_s4_c0,époque
ch2_p332_s4_c0,milieu
ch2_p332_s4_c0,swann
ch2_p332_s4_c0,coterie
ch2_p332_s4_c0,princesse
ch2_p332_s4_c0,laume
ch2_p332_s4_c0,mesure
ch2_p332_s4_c0,doute
ch2_p332_s4_c0,goût
ch2_p332_s4_c0,jeunesse
ch2_p332_s4_c0,philosophie
ch2_p332_s4_c1,homme
ch2_p332_s4_c1,lieu
ch2_p332_s4_c1,objet
ch2_p332_s4_c1,aspiration
ch2_p332_s4_c1,année
ch2_p332_s4_c1,résidu
ch2_p332_s4_c1,habitude
ch2_p332_s4_c1,passion
ch2_p332_s4_c1,caractéristique
ch2_p332_s4_c1,genre
ch2_p332_s4_c1,existence
ch2_p332_s4_c1,satisfaction
ch2_p332_s5_c0,swann
ch2_p332_s5_c0,sage
ch2_p332_s5_c0,vie
ch2_p332_s5_c0,part
ch2_p332_s5_c0,souffrance
ch2_p332_s5_c0,odette
ch2_p332_s5_c0,part
ch2_p332_s5_c0,recrudescence
ch2_p332_s5_c0,climat
ch2_p332_s5_c0,eczéma
ch2_p332_s5_c0,budget
ch2_p332_s5_c0,disponibilité
ch2_p332_s5_c0,emploi
ch2_p332_s5_c0,journée
ch2_p332_s5_c0,odette
ch2_p332_s5_c0,renseignement
ch2_p332_s5_c0,goût
ch2_p332_s5_c0,plaisir
ch2_p332_s5_c1,collection
ch2_p332_s5_c1,cuisine
ch2_p333_s0_c0,adieu
ch2_p333_s0_c0,odette
ch2_p333_s0_c0,bras
ch2_p333_s0_c0,moment
ch2_p333_s1_c0,garde
ch2_p333_s1_c0,multitude
ch2_p333_s1_c0,geste
ch2_p333_s1_c0,propos
ch2_p333_s1_c0,incident
ch2_p333_s1_c0,conversation
ch2_p333_s1_c0,passion
ch2_p333_s1_c0,attention
ch2_p333_s1_c0,vérité
ch2_p333_s1_c0,soupçon
ch2_p333_s1_c0,hasard
ch2_p333_s1_c0,contraire
ch2_p333_s2_c0,temps
ch2_p333_s2_c0,malheur
ch2_p333_s2_c0,fois
ch2_p333_s3_c0,regret
ch2_p333_s3_c0,vif
ch2_p333_s3_c0,visite
ch2_p333_s3_c0,plaisir
ch2_p333_s3_c0,fois
ch2_p333_s3_c0,plaisir
ch2_p333_s3_c0,heure
ch2_p333_s3_c0,ensemble
ch2_p333_s4_c0,chose
ch2_p333_s4_c0,air
ch2_p333_s5_c0,habitude
ch2_p333_s5_c0,figure
ch2_p333_s5_c0,femme
ch2_p333_s5_c0,peintre
ch2_p333_s5_c0,primavera
ch2_p333_s6_c0,moment
ch2_p333_s6_c0,visage
ch2_p333_s6_c0,poids
ch2_p333_s6_c0,douleur
ch2_p333_s6_c0,enfant
ch2_p333_s6_c0,jésus
ch2_p333_s6_c0,grenade
ch2_p333_s6_c0,moïse
ch2_p333_s6_c0,eau
ch2_p333_s6_c0,auge
ch2_p333_s7_c0,fois
ch2_p333_s7_c0,tristesse
ch2_p333_s8_c0,coup
ch2_p333_s8_c0,odette
ch2_p333_s8_c0,mme
ch2_p333_s8_c0,verdurin
ch2_p333_s8_c0,lendemain
ch2_p333_s8_c0,dîner
ch2_p333_s8_c0,prétexte
ch2_p333_s8_c0,réalité
ch2_p333_s8_c0,swann
ch2_p333_s9_c0,femme
ch2_p333_s9_c0,remords
ch2_p333_s9_c0,mensonge
ch2_p333_s10_c0,odette
ch2_p333_s10_c0,découverte
ch2_p333_s10_c0,difficulté
ch2_p333_s11_c0,prise
ch2_p333_s11_c0,peur
ch2_p333_s11_c0,armée
ch2_p333_s11_c0,succès
ch2_p333_s11_c0,envie
ch2_p333_s11_c0,fatigue
ch2_p333_s11_c0,enfant
ch2_p333_s12_c0,mensonge
ch2_p333_s12_c0,ordinaire
ch2_p333_s12_c0,homme
ch2_p333_s13_c0,fois
ch2_p333_s14_c0,mensonge
ch2_p333_s14_c0,association
ch2_p333_s14_c0,sensation
ch2_p333_s14_c0,souvenir
ch2_p333_s14_c0,malaise
ch2_p333_s14_c0,surmenage
ch2_p333_s14_c0,regret
ch2_p333_s14_c0,méchanceté
ch2_p334_s0_c0,mensonge
ch2_p334_s0_c0,train
ch2_p334_s0_c0,swann
ch2_p334_s0_c0,regard
ch2_p334_s0_c0,voix
ch2_p334_s0_c0,effort
ch2_p334_s0_c0,grâce
ch2_p334_s1_c0,idée
ch2_p334_s1_c0,vérité
ch2_p334_s1_c0,incident
ch2_p334_s1_c0,chose
ch2_p334_s1_c0,vérité
ch2_p334_s2_c0,moment
ch2_p334_s2_c0,coup
ch2_p334_s2_c0,sonnette
ch2_p334_s3_c0,odette
ch2_p334_s3_c0,parole
ch2_p334_s3_c0,gémissement
ch2_p334_s3_c0,regret
ch2_p334_s3_c0,swann
ch2_p334_s3_c0,désespoir
ch2_p335_s0_c0,porte
ch2_p335_s0_c0,entrée
ch2_p335_s0_c0,bruit
ch2_p335_s0_c0,voiture
ch2_p335_s0_c0,swann
ch2_p335_s0_c0,odette
ch2_p335_s1_c0,heure
ch2_p335_s1_c0,habitude
ch2_p335_s1_c0,chose
ch2_p335_s1_c0,sentiment
ch2_p335_s1_c0,découragement
ch2_p335_s1_c0,détresse
ch2_p335_s2_c0,odette
ch2_p335_s2_c0,habitude
ch2_p335_s2_c0,pensée
ch2_p335_s2_c0,pitié
ch2_p335_s2_c0,ressentit
ch2_p335_s2_c0,pauvre
ch2_p335_s2_c0,chéri
ch2_p335_s3_c0,lettre
ch2_p335_s3_c0,table
ch2_p335_s3_c0,poste
ch2_p335_s4_c0,fois
ch2_p335_s4_c0,lettre
ch2_p335_s5_c0,poste
ch2_p335_s5_c0,poche
ch2_p335_s5_c0,boîte
ch2_p335_s5_c0,adresse
ch2_p335_s6_c0,fournisseur
ch2_p335_s6_c0,forcheville
ch2_p335_s7_c0,main
ch2_p335_s8_c0,chose
ch2_p335_s9_c0,indélicatesse
ch2_p335_s9_c0,égard
ch2_p335_s9_c0,odette
ch2_p335_s9_c0,manière
ch2_p335_s9_c0,soupçon
ch2_p335_s9_c0,cas
ch2_p335_s9_c0,fois
ch2_p335_s9_c0,lettre
ch2_p335_s9_c0,partie
ch2_p336_s0_c0,poste
ch2_p336_s0_c0,lettre
ch2_p336_s1_c0,bougie
ch2_p336_s1_c0,enveloppe
ch2_p336_s2_c0,enveloppe
ch2_p336_s2_c0,carte
ch2_p336_s2_c0,travers
ch2_p336_s2_c0,transparence
ch2_p336_s2_c0,mot
ch2_p336_s3_c0,formule
ch2_p336_s4_c0,lieu
ch2_p336_s4_c0,lettre
ch2_p336_s4_c0,forcheville
ch2_p336_s4_c0,forcheville
ch2_p336_s4_c0,lettre
ch2_p336_s4_c0,swann
ch2_p336_s4_c0,mot
ch2_p336_s5_c0,carte
ch2_p336_s5_c0,enveloppe
ch2_p336_s5_c0,pouce
ch2_p336_s5_c0,ligne
ch2_p336_s5_c0,partie
ch2_p336_s5_c0,enveloppe
ch2_p336_s5_c0,travers
ch2_p337_s1_c0,compte
ch2_p337_s1_c0,événement
ch2_p337_s1_c0,importance
ch2_p337_s1_c0,relation
ch2_p337_s1_c0,chose
ch2_p337_s1_c0,oncle
ch2_p337_s1_c0,odette
ch2_p337_s2_c0,swann
ch2_p337_s2_c0,lire
ch2_p337_s2_c0,ligne
ch2_p337_s2_c0,raison
ch2_p337_s2_c0,odette
ch2_p337_s2_c0,raison
ch2_p337_s2_c0,mot
ch2_p337_s2_c0,sens
ch2_p337_s2_c0,phrase
ch2_p337_s2_c0,raison
ch2_p337_s2_c0,oncle
ch2_p337_s4_c0,forcheville
ch2_p337_s4_c0,swann
ch2_p337_s4_c0,bruit
ch2_p338_s0_c0,lettre
ch2_p338_s0_c0,fin
ch2_p338_s0_c0,cigarette
ch2_p338_s0_c0,phrase
ch2_p338_s0_c0,swann
ch2_p338_s0_c0,fois
ch2_p338_s1_c0,swann
ch2_p338_s1_c0,cœur
ch2_p338_s2_c0,forcheville
ch2_p338_s2_c0,allusion
ch2_p338_s2_c0,intrigue
ch2_p338_s3_c0,forcheville
ch2_p338_s3_c0,odette
ch2_p338_s3_c0,visiteur
ch2_p338_s3_c0,oncle
ch2_p338_s4_c0,somme
ch2_p338_s4_c0,swann
ch2_p338_s4_c0,homme
ch2_p338_s4_c0,importance
ch2_p338_s5_c0,odette
ch2_p338_s5_c0,forcheville
ch2_p338_s5_c0,suite
ch2_p338_s5_c0,oncle
ch2_p338_s5_c0,mal
ch2_p338_s5_c0,moment
ch2_p338_s5_c0,forcheville
ch2_p338_s6_c0,swann
ch2_p338_s6_c0,désolé
ch2_p338_s6_c0,confu
ch2_p338_s6_c0,enveloppe
ch2_p338_s6_c0,odette
ch2_p338_s6_c0,crainte
ch2_p338_s6_c0,confiance
ch2_p338_s6_c0,délicatesse
ch2_p338_s6_c0,travers
ch2_p338_s6_c0,vitrage
ch2_p338_s6_c0,secret
ch2_p338_s6_c0,incident
ch2_p338_s6_c0,vie
ch2_p338_s6_c0,odette
ch2_p338_s6_c0,section
ch2_p338_s6_c0,inconnu
ch2_p338_s7_c0,jalousie
ch2_p338_s7_c0,jalousie
ch2_p338_s7_c0,vitalité
ch2_p338_s7_c0,dépens
ch2_p338_s8_c0,aliment
ch2_p338_s8_c0,swann
ch2_p338_s8_c0,jour
ch2_p338_s8_c0,visite
ch2_p338_s8_c0,odette
ch2_p338_s8_c0,heure
ch2_p338_s8_c0,forcheville
ch2_p338_s8_c0,heure
ch2_p338_s9_c0,tendresse
ch2_p338_s9_c0,swann
ch2_p338_s9_c0,caractère
ch2_p338_s9_c0,début
ch2_p338_s9_c0,fois
ch2_p338_s9_c0,ignorance
ch2_p338_s9_c0,emploi
ch2_p338_s9_c0,journée
ch2_p338_s9_c0,odette
ch2_p338_s9_c0,paresse
ch2_p338_s9_c0,ignorance
ch2_p338_s9_c0,imagination
ch2_p338_s10_c0,vie
ch2_p338_s10_c0,odette
ch2_p338_s10_c0,moment
ch2_p338_s10_c0,circonstance
ch2_p338_s10_c0,odette
ch2_p338_s11_c0,jalousie
ch2_p338_s11_c0,pieuvre
ch2_p338_s11_c0,amarre
ch2_p338_s11_c0,moment
ch2_p338_s11_c0,heure
ch2_p338_s11_c0,soir
ch2_p338_s12_c0,swann
ch2_p338_s12_c0,souffrance
ch2_p338_s13_c0,souvenir
ch2_p338_s13_c0,perpétuation
ch2_p338_s13_c0,souffrance
ch2_p339_s1_c0,odette
ch2_p339_s1_c0,forcheville
ch2_p339_s1_c0,jour
ch2_p339_s1_c0,midi
ch2_p339_s2_c0,homme
ch2_p339_s2_c0,hôtel
ch2_p339_s3_c0,voyage
ch2_p339_s3_c0,assemblée
ch2_p339_s3_c0,société
ch2_p339_s3_c0,homme
ch2_p339_s4_c0,homme
ch2_p339_s4_c0,amant
ch2_p339_s4_c0,odette
ch2_p339_s5_c0,jalousie
ch2_p339_s5_c0,goût
ch2_p339_s5_c0,odette
ch2_p339_s5_c0,caractère
ch2_p339_s5_c0,swann
ch2_p339_s5_c0,oeil
ch2_p339_s5_c0,aspect
ch2_p339_s5_c0,signe
ch2_p339_s5_c0,caractère
ch2_p340_s0_c0,mois
ch2_p340_s0_c0,jour
ch2_p340_s0_c0,lettre
ch2_p340_s0_c0,odette
ch2_p340_s0_c0,forcheville
ch2_p340_s0_c0,swann
ch2_p340_s0_c0,dîner
ch2_p340_s0_c0,verdurin
ch2_p340_s0_c0,bois
ch2_p340_s1_c0,moment
ch2_p340_s1_c0,conciliabule
ch2_p340_s1_c0,mme
ch2_p340_s1_c0,verdurin
ch2_p340_s1_c0,invité
ch2_p340_s1_c0,pianiste
ch2_p340_s1_c0,lendemain
ch2_p340_s1_c0,partie
ch2_p340_s1_c0,chatou
ch2_p340_s1_c0,swann
ch2_p341_s0_c0,verdurin
ch2_p341_s0_c0,terme
ch2_p341_s0_c0,vague
ch2_p341_s0_c0,peintre
ch2_p341_s0_c0,doute
ch2_p342_s0_c0,lumière
ch2_p342_s0_c0,sonate
ch2_p342_s0_c0,clair
ch2_p342_s0_c0,lune
ch2_p342_s0_c0,obscurité
ch2_p342_s0_c0,chose
ch2_p343_s0_c0,mme
ch2_p343_s0_c0,verdurin
ch2_p343_s0_c0,swann
ch2_p343_s0_c0,expression
ch2_p343_s0_c0,désir
ch2_p343_s0_c0,air
ch2_p343_s0_c0,oeil
ch2_p343_s0_c0,nullité
ch2_p343_s0_c0,regard
ch2_p343_s0_c0,immobile
ch2_p343_s0_c0,signe
ch2_p343_s0_c0,intelligence
ch2_p343_s0_c0,complice
ch2_p343_s0_c0,sourire
ch2_p343_s0_c0,ingénu
ch2_p343_s0_c0,commune
ch2_p343_s0_c0,gaffe
ch2_p343_s0_c0,objet
ch2_p343_s1_c0,odette
ch2_p343_s1_c0,air
ch2_p343_s1_c0,difficulté
ch2_p343_s1_c0,vie
ch2_p343_s1_c0,swann
ch2_p343_s1_c0,minute
ch2_p343_s1_c0,moment
ch2_p343_s1_c0,restaurant
ch2_p343_s1_c0,explication
ch2_p343_s1_c0,lendemain
ch2_p343_s1_c0,chatou
ch2_p343_s1_c0,bras
ch2_p343_s1_c0,angoisse
ch2_p343_s2_c0,voiture
ch2_p343_s3_c0,mme
ch2_p343_s3_c0,verdurin
ch2_p343_s3_c0,swann
ch2_p344_s1_c0,amabilité
ch2_p344_s1_c0,regard
ch2_p344_s1_c0,contrainte
ch2_p345_s0_c0,chatou
ch2_p346_s0_c0,mme
ch2_p346_s0_c0,verdurin
ch2_p346_s0_c0,forcheville
ch2_p346_s0_c0,voiture
ch2_p346_s0_c0,swann
ch2_p346_s0_c0,départ
ch2_p346_s0_c0,odette
ch2_p347_s0_c0,odette
ch2_p347_s0_c0,mme
ch2_p347_s0_c0,verdurin
ch2_p347_s0_c0,place
ch2_p347_s0_c0,côté
ch2_p347_s0_c0,forcheville
ch2_p348_s0_c0,monsieur
ch2_p348_s0_c0,odette
ch2_p349_s0_c0,reconduire
ch2_p349_s0_c0,swann
ch2_p349_s0_c0,dissimulation
ch2_p349_s0_c0,mot
ch2_p349_s0_c0,portière
ch2_p349_s0_c0,seconde
ch2_p349_s0_c0,état
ch2_p350_s0_c0,mme
ch2_p350_s0_c0,verdurin
ch2_p351_s0_c0,voyons
ch2_p351_s0_c0,fois
ch2_p351_s0_c0,mme
ch2_p351_s0_c0,verdurin
ch2_p352_s0_c0,chose
ch2_p352_s0_c0,monsieur
ch2_p354_s0_c0,adieu
ch2_p354_s0_c0,odette
ch2_p354_s0_c0,main
ch2_p355_s0_c0,air
ch2_p356_s0_c0,façon
ch2_p356_s0_c0,swann
ch2_p356_s1_c0,mme
ch2_p356_s1_c0,verdurin
ch2_p356_s1_c0,mari
ch2_p356_s2_c0,ramenion
ch2_p356_s2_c0,odette
ch2_p356_s3_c0,inconvenance
ch2_p356_s4_c0,suite
ch2_p356_s4_c0,maison
ch2_p356_s5_c0,odette
ch2_p356_s5_c0,manière
ch2_p356_s6_c0,air
ch2_p356_s7_c0,manière
ch2_p356_s7_c0,odette
ch2_p357_s0_c0,instant
ch2_p357_s0_c0,colère
ch2_p358_s0_c0,bête
ch2_p358_s1_c0,compte
ch2_p358_s1_c0,besoin
ch2_p358_s1_c0,françoise
ch2_p358_s1_c0,combray
ch2_p358_s1_c0,poulet
ch2_p358_s1_c0,mot
ch2_p358_s1_c0,sursaut
ch2_p358_s1_c0,animal
ch2_p358_s1_c0,paysan
ch2_p358_s1_c0,train
ch2_p359_s0_c0,voiture
ch2_p359_s0_c0,mme
ch2_p359_s0_c0,verdurin
ch2_p359_s0_c0,partie
ch2_p359_s0_c0,swann
ch2_p359_s0_c0,regardant
ch2_p359_s0_c0,malheur
ch2_p360_s0_c0,swann
ch2_p360_s0_c0,pied
ch2_p360_s0_c0,bois
ch2_p360_s1_c0,voix
ch2_p360_s1_c0,charme
ch2_p360_s1_c0,noyau
ch2_p360_s1_c0,magnanimité
ch2_p360_s1_c0,verdurin
ch2_p360_s2_c0,propos
ch2_p360_s2_c0,sourire
ch2_p360_s2_c0,baiser
ch2_p360_s2_c0,odette
ch2_p360_s2_c0,salon
ch2_p360_s2_c0,verdurin
ch2_p360_s2_c0,heure
ch2_p360_s2_c0,goût
ch2_p360_s2_c0,art
ch2_p360_s2_c0,sorte
ch2_p360_s2_c0,noblesse
ch2_p360_s2_c0,odette
ch2_p360_s2_c1,sottise
ch2_p360_s2_c1,ignominie
ch2_p361_s0_c0,dégoût
ch2_p361_s0_c0,soirée
ch2_p361_s0_c0,lendemain
ch2_p361_s0_c0,chatou
ch2_p361_s1_c0,idée
ch2_p361_s1_c0,chatou
ch2_p361_s2_c0,mercier
ch2_p361_s2_c0,boutique
ch2_p361_s3_c0,bourgeoisisme
ch2_p361_s3_c0,théâtre
ch2_p361_s3_c0,labiche
ch2_p362_s0_c0,cottard
ch2_p362_s0_c0,brichot
ch2_p362_s1_c0,vie
ch2_p362_s1_c0,parole
ch2_p362_s1_c0,chatou
ch2_p362_s3_c0,peintre
ch2_p362_s3_c0,peintre
ch2_p362_s3_c0,mariage
ch2_p362_s3_c0,forcheville
ch2_p362_s3_c0,odette
ch2_p362_s3_c0,atelier
ch2_p362_s4_c0,odette
ch2_p362_s4_c0,toilette
ch2_p362_s4_c0,partie
ch2_p362_s4_c0,campagne
ch2_p362_s4_c0,pauvre
ch2_p363_s0_c0,plaisanterie
ch2_p363_s0_c0,mme
ch2_p363_s0_c0,verdurin
ch2_p363_s0_c0,dîner
ch2_p363_s0_c0,plaisanterie
ch2_p363_s0_c0,cible
ch2_p363_s0_c0,odette
ch2_p363_s0_c0,rire
ch2_p363_s0_c0,rire
ch2_p363_s1_c0,rire
ch2_p363_s1_c0,odette
ch2_p363_s2_c0,gaieté
ch2_p363_s3_c0,bouche
ch2_p363_s3_c0,expression
ch2_p363_s3_c0,dégoût
ch2_p363_s3_c0,sensation
ch2_p363_s3_c0,grimace
ch2_p363_s3_c0,cou
ch2_p363_s3_c0,col
ch2_p363_s3_c0,chemise
ch2_p363_s4_c0,créature
ch2_p363_s4_c0,visage
ch2_p363_s4_c0,image
ch2_p363_s4_c0,dieu
ch2_p363_s4_c0,matière
ch2_p363_s4_c0,rire
ch2_p363_s4_c0,plaisanterie
ch2_p363_s5_c0,narine
ch2_p363_s5_c0,horreur
ch2_p363_s5_c0,relent
ch2_p363_s6_c0,sourire
ch2_p363_s6_c0,égard
ch2_p363_s6_c0,main
ch2_p363_s6_c0,fange
ch2_p363_s6_c0,volonté
ch2_p363_s6_c0,monde
ch2_p363_s7_c0,millier
ch2_p363_s7_c0,mètre
ch2_p363_s7_c0,altitude
ch2_p363_s7_c0,clapotent
ch2_p363_s7_c0,clabaudent
ch2_p363_s7_c0,papotage
ch2_p363_s7_c0,plaisanterie
ch2_p363_s7_c0,verdurin
ch2_p363_s7_c0,tête
ch2_p363_s7_c0,corps
ch2_p363_s7_c0,arrière
ch2_p363_s8_c0,dieu
ch2_p363_s8_c0,témoin
ch2_p363_s8_c0,odette
ch2_p363_s8_c0,atmosphère
ch2_p363_s9_c0,patience
ch2_p363_s9_c0,borne
ch2_p363_s9_c0,bout
ch2_p363_s9_c0,mission
ch2_p363_s9_c0,odette
ch2_p363_s9_c0,atmosphère
ch2_p363_s9_c0,sarcasme
ch2_p363_s9_c0,minute
ch2_p363_s9_c0,sarcasme
ch2_p363_s9_c0,objet
ch2_p363_s9_c0,odette
ch2_p364_s0_c0,pianiste
ch2_p364_s0_c0,sonate
ch2_p364_s0_c0,clair
ch2_p364_s0_c0,lune
ch2_p364_s0_c0,mine
ch2_p364_s0_c0,mme
ch2_p364_s0_c0,verdurin
ch2_p364_s0_c0,mal
ch2_p364_s0_c0,musique
ch2_p364_s0_c0,beethoven
ch2_p364_s0_c0,nerf
ch2_p364_s0_c0,idiot
ch2_p364_s1_c0,art
ch2_p364_s2_c0,odette
ch2_p364_s2_c0,mot
ch2_p364_s2_c0,forcheville
ch2_p364_s2_c0,place
ch2_p364_s2_c0,côté
ch2_p364_s2_c0,forcheville
ch2_p364_s3_c0,obscurité
ch2_p364_s4_c0,maquerelle
ch2_p364_s5_c0,entremetteuse
ch2_p364_s5_c0,nom
ch2_p364_s5_c0,musique
ch2_p364_s5_c0,convierait
ch2_p364_s5_c0,ensemble
ch2_p364_s5_c0,main
ch2_p364_s6_c0,sévérité
ch2_p364_s6_c0,art
ch2_p364_s6_c0,platon
ch2_p364_s6_c0,bossuet
ch2_p364_s6_c0,éducation
ch2_p365_s0_c0,somme
ch2_p365_s0_c0,vie
ch2_p365_s0_c0,verdurin
ch2_p365_s0_c0,vie
ch2_p365_s0_c0,noyau
ch2_p365_s0_c0,milieu
ch2_p365_s1_c0,échelle
ch2_p365_s1_c0,cercle
ch2_p365_s1_c0,dante
ch2_p365_s2_c0,doute
ch2_p365_s2_c0,texte
ch2_p365_s2_c0,verdurin
ch2_p365_s3_c0,fond
ch2_p365_s3_c0,monde
ch2_p365_s3_c0,chose
ch2_p365_s3_c0,bande
ch2_p365_s3_c0,voyou
ch2_p365_s3_c0,bout
ch2_p365_s3_c0,doigt
ch2_p365_s4_c0,divination
ch2_p365_s4_c0,noli
ch2_p365_s4_c0,faubourg
ch2_p365_s5_c0,allée
ch2_p365_s5_c0,bois
ch2_p365_s5_c0,douleur
ch2_p365_s5_c0,verve
ch2_p365_s5_c0,insincérité
ch2_p365_s5_c0,intonation
ch2_p365_s5_c0,sonorité
ch2_p365_s5_c0,voix
ch2_p365_s5_c0,instant
ch2_p365_s5_c0,instant
ch2_p365_s5_c0,ivresse
ch2_p365_s5_c0,silence
ch2_p365_s5_c0,nuit
ch2_p365_s5_c0,monde
ch2_p365_s5_c0,défaut
ch2_p365_s5_c1,chose
ch2_p365_s6_c0,femme
ch2_p365_s6_c0,fond
ch2_p365_s6_c0,délicatesse
ch2_p365_s6_c0,loyauté
ch2_p365_s6_c0,procédé
ch2_p365_s6_c0,félonie
ch2_p365_s6_c0,abîme
ch2_p365_s6_c0,mégère
ch2_p365_s6_c0,verdurin
ch2_p365_s7_c0,verdurin
ch2_p365_s8_c0,nom
ch2_p365_s10_c0,genre
ch2_p365_s11_c0,dieu
ch2_p365_s11_c0,temps
ch2_p365_s11_c0,promiscuité
ch2_p365_s11_c0,infamie
ch2_p365_s11_c0,ordure
ch2_p366_s0_c0,vertu
ch2_p366_s0_c0,verdurin
ch2_p366_s0_c0,amour
ch2_p366_s0_c0,swann
ch2_p366_s0_c0,ivresse
ch2_p366_s0_c0,magnanimité
ch2_p366_s0_c0,travers
ch2_p366_s0_c0,personne
ch2_p366_s0_c0,odette
ch2_p366_s0_c0,immoralité
ch2_p366_s0_c1,verdurin
ch2_p366_s0_c1,odette
ch2_p366_s0_c1,forcheville
ch2_p366_s0_c1,indignation
ch2_p366_s0_c1,infamie
ch2_p366_s1_c0,doute
ch2_p366_s1_c0,voix
ch2_p366_s1_c0,swann
ch2_p366_s1_c0,mot
ch2_p366_s1_c0,dégoût
ch2_p366_s1_c0,milieu
ch2_p366_s1_c0,verdurin
ch2_p366_s1_c0,joie
ch2_p366_s1_c0,factice
ch2_p366_s1_c0,colère
ch2_p366_s1_c0,pensée
ch2_p366_s2_c0,invective
ch2_p366_s2_c0,objet
ch2_p366_s2_c0,fois
ch2_p366_s2_c0,peine
ch2_p366_s2_c0,porte
ch2_p366_s2_c0,cocher
ch2_p366_s2_c0,front
ch2_p366_s2_c1,voix
ch2_p366_s2_c1,fois
ch2_p366_s2_c1,moyen
ch2_p366_s2_c1,dîner
ch2_p366_s2_c1,chatou
ch2_p366_s3_c0,moyen
ch2_p366_s3_c0,swann
ch2_p366_s3_c0,docteur
ch2_p366_s3_c0,cottard
ch2_p366_s3_c0,province
ch2_p366_s3_c0,cas
ch2_p366_s3_c0,verdurin
ch2_p366_s3_c0,jour
ch2_p366_s3_c0,chatou
ch2_p366_s3_c0,lendemain
ch2_p366_s3_c0,dîner
ch2_p366_s3_c0,table
ch2_p367_s0_c0,swann
ch2_p367_s0_c0,soir
ch2_p367_s1_c0,ami
ch2_p368_s1_c0,mme
ch2_p368_s1_c0,verdurin
ch2_p368_s1_c0,dieu
ch2_p368_s1_c0,bête
ch2_p368_s1_c0,mal
ch2_p369_s0_c0,mot
ch2_p369_s0_c0,temps
ch2_p369_s0_c0,étonnement
ch2_p369_s0_c0,soumission
ch2_p369_s0_c0,vérité
ch2_p369_s0_c0,évidence
ch2_p369_s0_c0,air
ch2_p369_s0_c0,nez
ch2_p369_s0_c0,assiette
ch2_p369_s1_c0,retraite
ch2_p369_s1_c0,ordre
ch2_p369_s1_c0,fond
ch2_p369_s1_c0,long
ch2_p369_s1_c0,gamme
ch2_p369_s1_c0,registre
ch2_p369_s1_c0,voix
ch2_p369_s2_c0,question
ch2_p369_s2_c0,swann
ch2_p369_s2_c0,verdurin
ch2_p370_s0_c0,salon
ch2_p370_s0_c0,swann
ch2_p370_s0_c0,odette
ch2_p370_s0_c0,obstacle
ch2_p370_s1_c0,temps
ch2_p370_s1_c0,amour
ch2_p370_s1_c0,cas
ch2_p370_s1_c0,soir
ch2_p370_s1_c0,souper
ch2_p370_s1_c0,verdurin
ch2_p370_s2_c0,soir
ch2_p370_s2_c0,souper
ch2_p370_s2_c0,verdurin
ch2_p370_s3_c0,verdurin
ch2_p370_s3_c0,opéra
ch2_p370_s3_c0,comique
ch2_p370_s3_c0,nuit
ch2_p370_s3_c0,cléopâtre
ch2_p370_s3_c0,swann
ch2_p370_s3_c0,oeil
ch2_p370_s3_c0,odette
ch2_p370_s3_c0,effroi
ch2_p370_s3_c0,passage
ch2_p370_s3_c0,visage
ch2_p370_s3_c0,maîtresse
ch2_p370_s4_c0,colère
ch2_p370_s4_c0,envie
ch2_p370_s4_c0,musique
ch2_p370_s5_c0,chagrin
ch2_p370_s5_c0,chagrin
ch2_p370_s5_c0,mois
ch2_p370_s5_c0,contact
ch2_p370_s5_c0,victor
ch2_p370_s5_c0,massé
ch2_p370_s6_c0,soir
ch2_p370_s6_c0,essence
ch2_p370_s6_c0,plaisir
ch2_p370_s7_c0,intelligence
ch2_p370_s7_c0,réponse
ch2_p370_s7_c0,fois
ch2_p370_s7_c0,qualité
ch2_p370_s7_c0,âme
ch2_p370_s8_c0,jugement
ch2_p370_s8_c0,valeur
ch2_p370_s8_c0,odette
ch2_p370_s8_c0,soir
ch2_p370_s8_c0,lieu
ch2_p370_s8_c0,opéra
ch2_p370_s8_c0,comique
ch2_p370_s8_c0,raisonnement
ch2_p370_s8_c0,degré
ch2_p370_s8_c0,insincérité
ch2_p370_s8_c0,degré
ch2_p370_s8_c0,désir
ch2_p370_s8_c0,amour
ch2_p371_s0_c0,instant
ch2_p371_s0_c0,théâtre
ch2_p371_s0_c0,souhait
ch2_p371_s0_c0,chose
ch2_p371_s0_c0,soir
ch2_p371_s0_c0,piège
ch2_p371_s0_c0,attente
ch2_p371_s1_c0,occupation
ch2_p371_s1_c0,plaisir
ch2_p371_s2_c0,jour
ch2_p371_s2_c0,droit
ch2_p371_s2_c0,minute
ch2_p371_s2_c0,jugement
ch2_p371_s2_c0,amour
ch2_p371_s3_c0,vois
ch2_p371_s3_c0,nuit
ch2_p371_s3_c0,cléopâtre
ch2_p371_s3_c0,titre
ch2_p371_s4_c0,circonstance
ch2_p371_s5_c0,rang
ch2_p371_s5_c0,esprit
ch2_p371_s5_c0,charme
ch2_p371_s5_c0,plaisir
ch2_p371_s6_c0,créature
ch2_p371_s7_c0,eau
ch2_p371_s7_c0,pente
ch2_p371_s7_c0,poisson
ch2_p371_s7_c0,mémoire
ch2_p371_s7_c0,réflexion
ch2_p371_s7_c0,aquarium
ch2_p371_s7_c0,fois
ch2_p371_s7_c0,jour
ch2_p371_s7_c0,vitrage
ch2_p371_s7_c0,eau
ch2_p371_s8_c0,comprends
ch2_p371_s8_c0,réponse
ch2_p371_s8_c0,oeil
ch2_p371_s8_c0,chose
ch2_p371_s9_c0,chose
ch2_p371_s9_c0,importance
ch2_p371_s9_c0,nuit
ch2_p371_s9_c0,cléopâtre
ch2_p371_s9_c0,lèvre
ch2_p371_s9_c0,nom
ch2_p371_s9_c0,espoir
ch2_p371_s10_c0,compte
ch2_p371_s10_c0,conséquence
ch2_p371_s10_c0,réponse
ch2_p372_s0_c0,odette
ch2_p372_s0_c0,moment
ch2_p372_s0_c0,signe
ch2_p372_s0_c0,émotion
ch2_p372_s0_c0,incertitude
ch2_p372_s1_c0,défaut
ch2_p372_s1_c0,sens
ch2_p372_s1_c0,discours
ch2_p372_s1_c0,genre
ch2_p372_s1_c0,laïus
ch2_p372_s1_c0,scène
ch2_p372_s1_c0,reproche
ch2_p372_s1_c0,supplication
ch2_p372_s1_c0,habitude
ch2_p372_s1_c0,homme
ch2_p372_s1_c0,détail
ch2_p372_s1_c0,mot
ch2_p372_s1_c0,moment
ch2_p372_s2_c0,swann
ch2_p372_s2_c0,calme
ch2_p372_s2_c0,heure
ch2_p372_s2_c0,temps
ch2_p372_s2_c0,sourire
ch2_p372_s2_c0,ouverture
ch2_p373_s0_c0,fois
ch2_p373_s1_c0,point
ch2_p373_s1_c0,vue
ch2_p373_s1_c0,coquetterie
ch2_p373_s1_c0,séduction
ch2_p373_s2_c0,aveu
ch2_p373_s3_c0,faute
ch2_p373_s5_c0,swann
ch2_p373_s5_c0,raison
ch2_p373_s5_c0,odette
ch2_p373_s5_c0,système
ch2_p373_s5_c0,mensonge
ch2_p373_s5_c0,odette
ch2_p373_s5_c0,cas
ch2_p373_s5_c0,swann
ch2_p373_s5_c0,chose
ch2_p373_s6_c0,mensonge
ch2_p373_s6_c0,expédient
ch2_p373_s6_c0,ordre
ch2_p373_s6_c0,vérité
ch2_p373_s6_c0,raison
ch2_p373_s6_c0,ordre
ch2_p373_s6_c0,chance
ch2_p373_s6_c0,swann
ch2_p373_s6_c0,vérité
ch2_p374_s0_c0,phase
ch2_p374_s0_c0,charme
ch2_p374_s0_c0,regard
ch2_p374_s0_c0,jeunesse
ch2_p374_s1_c0,sorte
ch2_p374_s1_c0,swann
ch2_p374_s1_c0,moment
ch2_p374_s2_c0,charme
ch2_p374_s3_c0,chrysalide
ch2_p374_s3_c0,odette
ch2_p374_s3_c0,volonté
ch2_p374_s3_c0,swann
ch2_p374_s3_c0,passion
ch2_p374_s4_c0,photographie
ch2_p374_s4_c0,an
ch2_p374_s5_c0,mal
ch2_p375_s0_c0,verdurin
ch2_p375_s0_c0,chatou
ch2_p375_s0_c0,meulan
ch2_p375_s0_c0,saison
ch2_p375_s0_c0,place
ch2_p375_s0_c0,lendemain
ch2_p375_s1_c0,mme
ch2_p375_s1_c0,verdurin
ch2_p375_s1_c0,scrupule
ch2_p375_s1_c0,pianiste
ch2_p375_s1_c0,tante
ch2_p375_s1_c0,paris
ch2_p376_s0_c0,jour
ch2_p376_s2_c0,bonnet
ch2_p377_s0_c0,verdurin
ch2_p377_s0_c0,campagne
ch2_p377_s0_c0,bureau
ch2_p377_s0_c0,télégraphe
ch2_p377_s0_c0,messager
ch2_p377_s0_c0,fidèle
ch2_p377_s1_c0,odette
ch2_p377_s1_c0,dépêche
ch2_p377_s1_c0,swann
ch2_p377_s1_c0,fois
ch2_p377_s1_c0,oeil
ch2_p377_s2_c0,jour
ch2_p377_s2_c0,verdurin
ch2_p377_s2_c0,tombeau
ch2_p377_s2_c0,dreux
ch2_p377_s2_c0,compiègne
ch2_p377_s2_c0,conseil
ch2_p377_s2_c0,peintre
ch2_p377_s2_c0,coucher
ch2_p377_s2_c0,soleil
ch2_p377_s2_c0,forêt
ch2_p377_s2_c0,château
ch2_p377_s2_c0,pierrefonds
ch2_p378_s0_c0,monument
ch2_p378_s0_c0,architecture
ch2_p378_s0_c0,an
ch2_p378_s0_c0,temps
ch2_p378_s0_c0,beauvais
ch2_p378_s0_c0,valeur
ch2_p378_s0_c0,place
ch2_p378_s0_c0,dernier
ch2_p378_s0_c0,brute
ch2_p378_s0_c0,déjection
ch2_p378_s1_c0,besoin
ch2_p378_s1_c0,fin
ch2_p378_s1_c0,villégiaturer
ch2_p378_s1_c0,latrine
ch2_p378_s1_c0,portée
ch2_p378_s1_c0,excrément
ch2_p379_s0_c0,dreux
ch2_p379_s0_c0,pierrefonds
ch2_p379_s0_c0,hasard
ch2_p379_s0_c0,côté
ch2_p379_s0_c0,roman
ch2_p379_s0_c0,amour
ch2_p379_s0_c0,indicateur
ch2_p379_s0_c0,chemin
ch2_p379_s0_c0,fer
ch2_p379_s0_c0,moyen
ch2_p379_s0_c0,soir
ch2_p379_s0_c0,matin
ch2_p379_s1_c0,moyen
ch2_p379_s2_c0,autorisation
ch2_p379_s3_c0,indicateur
ch2_p379_s3_c0,train
ch2_p379_s3_c0,chien
ch2_p379_s4_c0,public
ch2_p379_s4_c0,voie
ch2_p379_s4_c0,imprimé
ch2_p379_s4_c0,heure
ch2_p379_s4_c0,matin
ch2_p379_s4_c0,train
ch2_p379_s4_c0,pierrefonds
ch2_p379_s4_c0,heure
ch2_p379_s4_c0,pierrefonds
ch2_p379_s4_c0,acte
ch2_p379_s4_c0,permission
ch2_p379_s4_c0,odette
ch2_p379_s4_c0,acte
ch2_p379_s4_c0,motif
ch2_p379_s4_c0,désir
ch2_p379_s4_c0,odette
ch2_p379_s4_c0,jour
ch2_p379_s4_c1,nombre
ch2_p379_s4_c1,valût
ch2_p379_s4_c1,peine
ch2_p379_s4_c1,locomotive
ch2_p380_s0_c0,somme
ch2_p380_s0_c0,pierrefonds
ch2_p380_s0_c0,envie
ch2_p380_s1_c0,envie
ch2_p380_s1_c0,odette
ch2_p380_s2_c0,idée
ch2_p380_s2_c0,travail
ch2_p380_s2_c0,restauration
ch2_p380_s3_c0,temps
ch2_p380_s3_c0,désir
ch2_p380_s3_c0,promenade
ch2_p380_s3_c0,forêt
ch2_p380_s3_c0,compiègne
ch2_p381_s0_c0,chance
ch2_p381_s0_c0,endroit
ch2_p381_s2_c0,interdiction
ch2_p381_s3_c0,pierrefonds
ch2_p381_s4_c0,hôtel
ch2_p381_s4_c0,verdurin
ch2_p381_s4_c0,contraire
ch2_p381_s4_c0,swann
ch2_p381_s4_c0,colère
ch2_p381_s5_c0,droit
ch2_p381_s6_c0,somme
ch2_p381_s6_c0,droit
ch2_p382_s0_c0,moment
ch2_p382_s0_c0,idée
ch2_p382_s0_c0,compiègne
ch2_p382_s0_c0,pierrefonds
ch2_p382_s0_c0,air
ch2_p382_s0_c0,odette
ch2_p382_s0_c0,ami
ch2_p382_s0_c0,marquis
ch2_p382_s0_c0,forestelle
ch2_p382_s0_c0,château
ch2_p382_s0_c0,voisinage
ch2_p382_s1_c0,part
ch2_p382_s1_c0,projet
ch2_p382_s1_c0,motif
ch2_p382_s1_c0,joie
ch2_p382_s1_c0,swann
ch2_p382_s1_c0,fois
ch2_p382_s1_c0,an
ch2_p382_s1_c0,consentît
ch2_p382_s1_c0,propriété
ch2_p382_s1_c0,promettre
ch2_p382_s1_c0,ensemble
ch2_p382_s1_c0,promenade
ch2_p382_s1_c0,excursion
ch2_p382_s1_c0,jour
ch2_p382_s2_c0,swann
ch2_p382_s2_c0,forestelle
ch2_p382_s3_c0,odette
ch2_p382_s3_c0,bonheur
ch2_p382_s3_c0,pied
ch2_p382_s3_c0,terre
ch2_p382_s3_c0,endroit
ch2_p382_s3_c0,moment
ch2_p382_s3_c0,présence
ch2_p382_s3_c0,possibilité
ch2_p382_s3_c0,brusque
ch2_p382_s3_c0,apparition
ch2_p382_s3_c0,cour
ch2_p382_s3_c0,château
ch2_p382_s3_c0,cause
ch2_p382_s3_c0,rue
ch2_p382_s3_c0,ville
ch2_p382_s3_c0,route
ch2_p382_s3_c0,forêt
ch2_p382_s3_c1,couchant
ch2_p382_s3_c1,asile
ch2_p382_s3_c1,ubiquité
ch2_p382_s3_c1,espérance
ch2_p382_s3_c1,cœur
ch2_p382_s3_c1,vagabond
ch2_p382_s4_c0,forestelle
ch2_p382_s4_c0,garde
ch2_p382_s4_c0,odette
ch2_p382_s4_c0,verdurin
ch2_p382_s4_c0,pierrefonds
ch2_p382_s5_c0,temps
ch2_p382_s5_c0,paris
ch2_p382_s5_c0,peine
ch2_p382_s6_c0,ami
ch2_p382_s6_c0,fois
ch2_p382_s6_c0,fois
ch2_p382_s6_c0,projet
ch2_p382_s6_c0,salle
ch2_p382_s6_c0,hôtel
ch2_p382_s6_c0,compiègne
ch2_p382_s6_c0,trace
ch2_p382_s6_c0,verdurin
ch2_p382_s6_c0,air
ch2_p382_s6_c0,fuyant
ch2_p382_s6_c0,groupe
ch2_p382_s6_c0,affectation
ch2_p382_s6_c1,odette
ch2_p382_s8_c0,forestelle
ch2_p382_s8_c0,hélas
ch2_p382_s9_c0,pierrefonds
ch2_p382_s9_c0,odette
ch2_p382_s10_c0,swann
ch2_p382_s10_c0,mortel
ch2_p382_s10_c0,droit
ch2_p382_s10_c0,jour
ch2_p382_s10_c0,pierrefonds
ch2_p382_s10_c0,odette
ch2_p382_s10_c0,amant
ch2_p382_s10_c0,restriction
ch2_p382_s10_c0,droit
ch2_p382_s10_c0,circulation
ch2_p382_s10_c0,forme
ch2_p382_s10_c0,esclavage
ch2_p382_s10_c0,amour
ch2_p382_s11_c0,décidément
ch2_p382_s12_c0,journée
ch2_p382_s12_c0,carte
ch2_p382_s12_c0,forêt
ch2_p382_s12_c0,compiègne
ch2_p382_s12_c0,carte
ch2_p382_s12_c0,tendre
ch2_p382_s12_c0,photographie
ch2_p382_s12_c0,château
ch2_p382_s12_c0,pierrefonds
ch2_p382_s13_c0,dés
ch2_p382_s13_c0,jour
ch2_p382_s13_c0,indicateur
ch2_p382_s13_c0,train
ch2_p382_s14_c0,peur
ch2_p382_s14_c0,dépêche
ch2_p382_s14_c0,cas
ch2_p382_s14_c0,train
ch2_p382_s14_c0,surprise
ch2_p382_s14_c0,milieu
ch2_p382_s14_c0,nuit
ch2_p382_s15_c0,porte
ch2_p382_s15_c0,cocher
ch2_p382_s15_c0,concierge
ch2_p382_s15_c0,fenêtre
ch2_p382_s15_c0,odette
ch2_p382_s15_c0,recommandation
ch2_p382_s15_c0,fois
ch2_p382_s17_c0,vol
ch2_p382_s17_c0,voiture
ch2_p382_s17_c0,attention
ch2_p382_s18_c0,porte
ch2_p382_s18_c0,message
ch2_p382_s19_c0,nuit
ch2_p382_s19_c0,verdurin
ch2_p382_s19_c0,odette
ch2_p382_s19_c0,paris
ch2_p382_s19_c0,midi
ch2_p382_s19_c0,idée
ch2_p382_s19_c0,soirée
ch2_p382_s19_c0,théâtre
ch2_p383_s1_c0,moment
ch2_p383_s1_c0,existence
ch2_p383_s1_c0,swann
ch2_p383_s1_c0,odette
ch2_p383_s1_c0,swann
ch2_p383_s1_c0,coquetterie
ch2_p383_s2_c0,swann
ch2_p383_s2_c0,agitation
ch2_p383_s2_c0,amour
ch2_p383_s2_c0,soir
ch2_p383_s2_c0,odette
ch2_p383_s2_c0,verdurin
ch2_p383_s2_c0,soirée
ch2_p383_s3_c0,combray
ch2_p383_s3_c0,enfance
ch2_p383_s3_c0,journée
ch2_p383_s3_c0,souffrance
ch2_p383_s3_c0,soir
ch2_p383_s4_c0,journée
ch2_p383_s4_c0,swann
ch2_p383_s4_c0,odette
ch2_p383_s4_c0,moment
ch2_p383_s4_c0,femme
ch2_p383_s4_c0,paris
ch2_p383_s4_c0,écrin
ch2_p383_s4_c0,bijou
ch2_p383_s4_c0,milieu
ch2_p383_s4_c0,rue
ch2_p383_s5_c0,passant
ch2_p383_s5_c0,voleur
ch2_p383_s6_c0,visage
ch2_p383_s6_c0,imagination
ch2_p383_s6_c0,jalousie
ch2_p383_s7_c0,pensée
ch2_p383_s7_c0,swann
ch2_p383_s7_c0,main
ch2_p383_s7_c0,oeil
ch2_p383_s7_c0,grâce
ch2_p383_s7_c0,dieu
ch2_p383_s7_c0,problème
ch2_p383_s7_c0,réalité
ch2_p383_s7_c0,monde
ch2_p383_s7_c0,immortalité
ch2_p383_s7_c0,âme
ch2_p383_s7_c0,détente
ch2_p383_s7_c0,acte
ch2_p383_s7_c0,foi
ch2_p383_s7_c0,cerveau
ch2_p383_s8_c0,pensée
ch2_p383_s8_c0,absent
ch2_p383_s8_c0,acte
ch2_p383_s8_c0,vie
ch2_p383_s8_c0,swann
ch2_p383_s8_c0,déjeuner
ch2_p383_s8_c0,courrier
ch2_p383_s8_c0,tristesse
ch2_p383_s8_c0,initiale
ch2_p383_s8_c0,philibert
ch2_p383_s8_c0,beau
ch2_p383_s8_c0,église
ch2_p383_s8_c0,brou
ch2_p383_s8_c0,cause
ch2_p383_s8_c0,regret
ch2_p383_s8_c0,marguerite
ch2_p383_s8_c0,autriche
ch2_p383_s9_c0,jour
ch2_p383_s9_c0,lieu
ch2_p383_s9_c0,déjeuner
ch2_p383_s9_c0,restaurant
ch2_p383_s9_c0,cuisine
ch2_p383_s9_c0,raison
ch2_p383_s9_c0,fois
ch2_p383_s9_c0,restaurant
ch2_p383_s9_c0,nom
ch2_p383_s9_c0,rue
ch2_p383_s9_c0,odette
ch2_p383_s9_c0,lapérouse
ch2_p383_s10_c0,déplacement
ch2_p383_s10_c0,jour
ch2_p383_s10_c0,paris
ch2_p383_s11_c0,précaution
ch2_p383_s11_c0,hasard
ch2_p383_s11_c0,morceau
ch2_p383_s11_c0,vérité
ch2_p383_s11_c0,instant
ch2_p383_s11_c0,train
ch2_p383_s11_c0,matin
ch2_p383_s12_c0,parole
ch2_p383_s12_c0,odette
ch2_p383_s12_c0,point
ch2_p383_s12_c0,appui
ch2_p383_s12_c0,souvenir
ch2_p383_s12_c0,arrivée
ch2_p383_s12_c0,gare
ch2_p383_s12_c0,moment
ch2_p383_s12_c0,image
ch2_p383_s12_c0,moment
ch2_p383_s12_c0,train
ch2_p383_s13_c0,esprit
ch2_p383_s13_c0,swann
ch2_p383_s13_c0,contraire
ch2_p383_s13_c0,parole
ch2_p383_s13_c0,obstacle
ch2_p383_s13_c0,inamovibilité
ch2_p383_s13_c0,vérité
ch2_p383_s13_c0,ami
ch2_p383_s13_c0,train
ch2_p383_s13_c0,odette
ch2_p383_s13_c0,ami
ch2_p383_s13_c0,jour
ch2_p383_s13_c0,heure
ch2_p383_s13_c0,parole
ch2_p383_s13_c0,odette
ch2_p383_s15_c0,soupçon
ch2_p383_s15_c0,condition
ch2_p383_s16_c0,condition
ch2_p383_s17_c0,odette
ch2_p383_s18_c0,nom
ch2_p383_s18_c0,amant
ch2_p383_s18_c0,fois
ch2_p383_s18_c0,supposition
ch2_p383_s18_c0,semaine
ch2_p383_s18_c0,fois
ch2_p383_s18_c0,agence
ch2_p383_s18_c0,renseignement
ch2_p383_s18_c0,adresse
ch2_p383_s18_c0,emploi
ch2_p383_s18_c0,temps
ch2_p383_s18_c0,inconnu
ch2_p383_s18_c0,voyage
ch2_p383_s18_c0,oncle
ch2_p383_s18_c0,odette
ch2_p383_s18_c0,an
ch2_p384_s0_c0,général
ch2_p384_s0_c0,lieu
ch2_p384_s0_c0,soirée
ch2_p384_s0_c0,forcheville
ch2_p384_s0_c0,peintre
ch2_p384_s0_c0,bal
ch2_p384_s0_c0,charité
ch2_p384_s0_c0,ministère
ch2_p384_s0_c0,temps
ch2_p384_s1_c0,peur
ch2_p384_s1_c0,air
ch2_p384_s1_c0,plaisir
ch2_p384_s1_c0,année
ch2_p384_s1_c0,soir
ch2_p384_s1_c0,dîner
ch2_p384_s1_c0,maison
ch2_p384_s1_c0,combray
ch2_p384_s1_c0,fin
ch2_p384_s2_c0,fois
ch2_p384_s2_c0,soir
ch2_p384_s2_c0,joie
ch2_p384_s2_c0,violence
ch2_p384_s2_c0,choc
ch2_p384_s2_c0,inquiétude
ch2_p384_s2_c0,joie
ch2_p384_s2_c0,apaisement
ch2_p384_s2_c0,instant
ch2_p384_s2_c0,raout
ch2_p384_s2_c0,peintre
ch2_p384_s2_c0,odette
ch2_p384_s2_c1,milieu
ch2_p384_s2_c1,homme
ch2_p384_s2_c1,regard
ch2_p384_s2_c1,gaieté
ch2_p384_s2_c1,volupté
ch2_p384_s2_c2,bal
ch2_p384_s2_c2,incohérents
ch2_p384_s2_c2,swann
ch2_p384_s2_c2,jalousie
ch2_p384_s2_c2,union
ch2_p384_s2_c2,porte
ch2_p384_s2_c2,atelier
ch2_p384_s2_c2,mot
ch2_p384_s2_c2,fête
ch2_p384_s2_c2,fin
ch2_p384_s2_c3,odette
ch2_p384_s2_c3,chose
ch2_p384_s2_c3,côté
ch2_p384_s2_c3,vie
ch2_p384_s2_c3,jour
ch2_p384_s2_c3,voiture
ch2_p384_s2_c3,odette
ch2_p384_s2_c3,apparence
ch2_p384_s2_c3,déguisement
ch2_p384_s2_c3,moment
ch2_p384_s2_c3,vue
ch2_p384_s2_c3,plaisir
ch2_p384_s2_c4,mot
ch2_p384_s2_c4,odette
ch2_p384_s2_c4,seuil
ch2_p384_s2_c4,minute
ch2_p384_s2_c4,ensemble
ch2_p385_s0_c0,jour
ch2_p385_s0_c0,forcheville
ch2_p385_s0_c0,temps
ch2_p385_s0_c0,porte
ch2_p385_s0_c0,odette
ch2_p385_s0_c0,permission
ch2_p385_s0_c0,odette
ch2_p385_s0_c0,swann
ch2_p385_s1_c0,monsieur
ch2_p385_s2_c0,moment
ch2_p385_s2_c0,visite
ch2_p385_s4_c0,connai
ch2_p386_s0_c0,swann
ch2_p386_s0_c0,présence
ch2_p386_s0_c0,forcheville
ch2_p386_s0_c0,parole
ch2_p386_s0_c0,tendresse
ch2_p386_s0_c0,prédilection
ch2_p386_s0_c0,critique
ch2_p386_s0_c0,ami
ch2_p386_s0_c0,dîner
ch2_p386_s0_c0,dimanche
ch2_p386_s1_c0,essai
ch2_p386_s1_c0,ver
ch2_p386_s1_c0,meer
ch2_p386_s4_c0,odette
ch2_p386_s4_c0,courant
ch2_p386_s4_c0,invitation
ch2_p386_s4_c0,monde
ch2_p386_s4_c0,étude
ch2_p386_s4_c0,art
ch2_p386_s4_c0,vie
ch2_p386_s5_c0,sourire
ch2_p386_s5_c0,fond
ch2_p387_s0_c0,moment
ch2_p387_s0_c0,orangeade
ch2_p387_s0_c0,coup
ch2_p387_s0_c0,réflecteur
ch2_p387_s0_c0,objet
ch2_p387_s0_c0,muraille
ch2_p387_s0_c0,ombre
ch2_p387_s0_c0,idée
ch2_p387_s0_c0,odette
ch2_p387_s0_c0,corps
ch2_p387_s0_c0,swann
ch2_p387_s1_c0,heure
ch2_p387_s1_c0,odette
ch2_p387_s1_c0,lampe
ch2_p387_s1_c0,heure
ch2_p387_s1_c0,factice
ch2_p387_s1_c0,usage
ch2_p387_s1_c0,chose
ch2_p387_s1_c0,cesse
ch2_p387_s1_c0,heure
ch2_p387_s1_c0,vie
ch2_p387_s1_c0,odette
ch2_p387_s1_c0,vie
ch2_p387_s1_c0,odette
ch2_p387_s1_c0,accessoire
ch2_p387_s1_c0,théâtre
ch2_p387_s1_c0,fruit
ch2_p387_s1_c0,carton
ch2_p387_s1_c0,heure
ch2_p387_s1_c0,vie
ch2_p387_s1_c0,odette
ch2_p387_s1_c1,forcheville
ch2_p387_s1_c1,fauteuil
ch2_p387_s1_c1,breuvage
ch2_p387_s1_c1,orangeade
ch2_p387_s1_c1,monde
ch2_p387_s1_c1,odette
ch2_p387_s1_c1,monde
ch2_p387_s1_c1,temps
ch2_p387_s1_c1,imagination
ch2_p387_s1_c1,univers
ch2_p387_s1_c1,tristesse
ch2_p387_s1_c2,table
ch2_p387_s1_c2,boisson
ch2_p387_s1_c2,goûter
ch2_p387_s1_c2,objet
ch2_p387_s1_c2,curiosité
ch2_p387_s1_c2,admiration
ch2_p387_s1_c2,gratitude
ch2_p387_s1_c2,rêve
ch2_p387_s1_c2,revanche
ch2_p387_s1_c2,réalisation
ch2_p387_s1_c2,esprit
ch2_p387_s1_c2,relief
ch2_p387_s1_c2,regard
ch2_p387_s1_c2,temps
ch2_p387_s1_c2,tranquillisaient
ch2_p387_s1_c2,cœur
ch2_p387_s3_c0,destin
ch2_p387_s3_c0,demeure
ch2_p387_s3_c0,odette
ch2_p387_s3_c0,déjeuner
ch2_p387_s3_c0,menu
ch2_p387_s3_c0,odette
ch2_p387_s3_c0,réponse
ch2_p387_s3_c0,odette
ch2_p387_s3_c0,matin
ch2_p387_s3_c0,avenue
ch2_p387_s3_c0,devoir
ch2_p387_s3_c0,mari
ch2_p387_s3_c0,envie
ch2_p387_s3_c1,manteau
ch2_p387_s3_c1,soir
ch2_p387_s3_c1,dîner
ch2_p387_s3_c1,envie
ch2_p387_s3_c1,déshabillé
ch2_p387_s3_c1,rien
ch2_p387_s3_c1,vie
ch2_p387_s3_c1,swann
ch2_p387_s3_c1,contraire
ch2_p387_s3_c1,temps
ch2_p387_s3_c1,partie
ch2_p387_s3_c1,vie
ch2_p387_s3_c1,odette
ch2_p387_s3_c1,lampe
ch2_p387_s3_c1,orangeade
ch2_p387_s3_c2,fauteuil
ch2_p387_s3_c2,rêve
ch2_p387_s3_c2,désir
ch2_p387_s3_c2,sorte
ch2_p387_s3_c2,douceur
ch2_p387_s3_c2,densité
ch2_p388_s0_c0,calme
ch2_p388_s0_c0,paix
ch2_p388_s0_c0,amour
ch2_p388_s0_c0,atmosphère
ch2_p388_s1_c0,odette
ch2_p388_s1_c0,créature
ch2_p388_s1_c0,regretter
ch2_p388_s1_c0,imaginaire
ch2_p388_s1_c0,sentiment
ch2_p388_s1_c0,trouble
ch2_p388_s1_c0,phrase
ch2_p388_s1_c0,sonate
ch2_p388_s1_c0,affection
ch2_p388_s1_c0,reconnaissance
ch2_p388_s1_c0,rapport
ch2_p388_s1_c0,fin
ch2_p388_s1_c0,folie
ch2_p388_s1_c0,tristesse
ch2_p388_s1_c1,doute
ch2_p388_s1_c1,acte
ch2_p388_s1_c1,vie
ch2_p388_s1_c1,odette
ch2_p388_s1_c1,fois
ch2_p388_s1_c1,soupçon
ch2_p388_s1_c1,exemple
ch2_p388_s1_c1,jour
ch2_p388_s1_c1,travers
ch2_p388_s1_c1,enveloppe
ch2_p388_s1_c1,lettre
ch2_p388_s1_c1,forcheville
ch2_p388_s2_c0,mal
ch2_p388_s2_c0,sagacité
ch2_p388_s2_c0,étude
ch2_p388_s2_c0,odette
ch2_p388_s3_c0,sein
ch2_p388_s3_c0,état
ch2_p388_s3_c0,mort
ch2_p388_s3_c0,guérison
ch2_p388_s3_c0,mort
ch2_p389_s0_c0,soirée
ch2_p389_s0_c0,soupçon
ch2_p389_s0_c0,swann
ch2_p389_s0_c0,odette
ch2_p389_s0_c0,lendemain
ch2_p389_s0_c0,matin
ch2_p389_s0_c0,bijou
ch2_p389_s0_c0,bonté
ch2_p389_s0_c0,veille
ch2_p389_s0_c0,gratitude
ch2_p389_s0_c0,désir
ch2_p389_s0_c0,paroxysme
ch2_p389_s0_c0,amour
ch2_p389_s0_c0,besoin
ch2_p390_s0_c0,moment
ch2_p390_s0_c0,douleur
ch2_p390_s0_c0,odette
ch2_p390_s0_c0,maîtresse
ch2_p390_s0_c0,forcheville
ch2_p390_s0_c0,fond
ch2_p390_s0_c0,landau
ch2_p390_s0_c0,verdurin
ch2_p390_s0_c0,bois
ch2_p390_s0_c0,veille
ch2_p390_s0_c0,fête
ch2_p390_s0_c0,chatou
ch2_p390_s0_c0,air
ch2_p390_s0_c0,cocher
ch2_p390_s0_c0,côté
ch2_p390_s0_c1,forcheville
ch2_p390_s0_c1,hein
ch2_p390_s1_c0,rage
ch2_p390_s2_c0,regard
ch2_p390_s2_c0,sournois
ch2_p390_s2_c0,jour
ch2_p390_s2_c0,saniette
ch2_p390_s2_c0,verdurin
ch2_p391_s0_c0,swann
ch2_p391_s1_c0,argent
ch2_p391_s1_c0,plaisir
ch2_p391_s2_c0,attention
ch2_p391_s2_c0,corde
ch2_p391_s3_c0,cas
ch2_p391_s3_c0,gentillesse
ch2_p391_s4_c0,envie
ch2_p391_s4_c0,saison
ch2_p391_s4_c0,bayreuth
ch2_p391_s4_c0,bêtise
ch2_p391_s4_c0,château
ch2_p391_s4_c0,roi
ch2_p391_s4_c0,bavière
ch2_p391_s4_c0,environ
ch2_p391_s5_c0,oui
ch2_p391_s5_c0,dieu
ch2_p391_s6_c0,wagner
ch2_p391_s6_c0,jour
ch2_p391_s6_c0,poisson
ch2_p391_s6_c0,pomme
ch2_p391_s7_c0,haine
ch2_p391_s7_c0,amour
ch2_p391_s7_c0,besoin
ch2_p391_s7_c0,imagination
ch2_p391_s7_c0,grâce
ch2_p391_s7_c0,perfidie
ch2_p391_s7_c0,odette
ch2_p391_s7_c0,occasion
ch2_p391_s7_c0,rage
ch2_p391_s8_c0,lettre
ch2_p391_s8_c0,argent
ch2_p391_s8_c0,château
ch2_p391_s8_c0,bayreuth
ch2_p391_s8_c0,forcheville
ch2_p391_s8_c0,verdurin
ch2_p391_s10_c0,audace
ch2_p391_s11_c0,joie
ch2_p391_s11_c0,réponse
ch2_p391_s11_c0,terme
ch2_p391_s11_c0,lettre
ch2_p391_s11_c0,réalité
ch2_p392_s0_c0,lendemain
ch2_p392_s1_c0,verdurin
ch2_p392_s1_c0,ami
ch2_p392_s1_c0,désir
ch2_p392_s1_c0,représentation
ch2_p392_s1_c0,wagner
ch2_p392_s1_c0,argent
ch2_p392_s1_c0,plaisir
ch2_p392_s1_c0,tour
ch2_p392_s2_c0,mot
ch2_p392_s2_c0,présence
ch2_p393_s0_c0,réponse
ch2_p393_s0_c0,mot
ch2_p393_s0_c0,veille
ch2_p393_s0_c0,joie
ch2_p393_s2_c0,argent
ch2_p393_s2_c0,bayreuth
ch2_p393_s2_c0,envie
ch2_p393_s2_c0,différence
ch2_p393_s2_c0,bach
ch2_p393_s2_c0,clapisson
ch2_p393_s3_c0,chichement
ch2_p393_s4_c0,fois
ch2_p393_s4_c0,billet
ch2_p393_s4_c0,franc
ch2_p393_s4_c0,soir
ch2_p393_s4_c0,château
ch2_p393_s4_c0,souper
ch2_p393_s4_c0,fantaisie
ch2_p393_s4_c0,bras
ch2_p393_s4_c0,forcheville
ch2_p393_s5_c0,voyage
ch2_p393_s5_c0,swann
ch2_p393_s7_c0,pied
ch2_p393_s7_c0,voiture
ch2_p393_s7_c0,gare
ch2_p393_s7_c0,prix
ch2_p393_s7_c0,lieu
ch2_p393_s7_c0,temps
ch2_p393_s7_c0,femme
ch2_p393_s7_c0,oeil
ch2_p393_s7_c0,sourire
ch2_p393_s7_c0,complicité
ch2_p393_s7_c0,forcheville
ch2_p393_s7_c0,odette
ch2_p393_s7_c0,swann
ch2_p393_s7_c0,heure
ch2_p394_s0_c0,bout
ch2_p394_s0_c0,jour
ch2_p394_s0_c0,regard
ch2_p394_s0_c0,éclat
ch2_p394_s0_c0,duplicité
ch2_p394_s0_c0,image
ch2_p394_s0_c0,odette
ch2_p394_s0_c0,forcheville
ch2_p394_s0_c0,rage
ch2_p394_s2_c0,visage
ch2_p394_s2_c0,odette
ch2_p394_s2_c0,sourire
ch2_p394_s2_c0,forcheville
ch2_p394_s2_c0,sourire
ch2_p394_s2_c0,swann
ch2_p394_s2_c0,tendresse
ch2_p394_s2_c0,monsieur
ch2_p394_s2_c0,visite
ch2_p394_s2_c0,envie
ch2_p394_s4_c0,connai
ch2_p394_s5_c0,swann
ch2_p394_s5_c0,trait
ch2_p394_s5_c0,délicatesse
ch2_p394_s5_c0,conseil
ch2_p394_s5_c0,circonstance
ch2_p394_s5_c0,confiance
ch2_p395_s0_c0,odette
ch2_p395_s0_c0,lettre
ch2_p395_s0_c0,doute
ch2_p395_s0_c0,rang
ch2_p395_s0_c0,bonté
ch2_p395_s0_c0,loyauté
ch2_p395_s1_c0,qualité
ch2_p395_s1_c0,forcheville
ch2_p395_s2_c0,cause
ch2_p395_s2_c0,odette
ch2_p395_s2_c0,gentillesse
ch2_p395_s2_c0,moment
ch2_p395_s2_c0,marque
ch2_p395_s2_c0,désir
ch2_p395_s2_c0,affection
ch2_p395_s2_c0,amour
ch2_p395_s2_c0,importance
ch2_p395_s2_c0,fur
ch2_p395_s2_c0,mesure
ch2_p395_s2_c0,détente
ch2_p395_s2_c0,soupçon
ch2_p395_s2_c0,distraction
ch2_p395_s2_c0,lecture
ch2_p395_s2_c0,art
ch2_p395_s2_c0,conversation
ch2_p395_s2_c0,ami
ch2_p395_s2_c1,passion
ch2_p395_s2_c1,réciprocité
ch2_p396_s0_c0,oscillation
ch2_p396_s0_c0,odette
ch2_p396_s0_c0,place
ch2_p396_s0_c0,jalousie
ch2_p396_s0_c0,swann
ch2_p396_s0_c0,moment
ch2_p396_s0_c0,angle
ch2_p396_s0_c0,tendresse
ch2_p396_s0_c0,regard
ch2_p396_s0_c0,consentement
ch2_p396_s0_c1,lèvre
ch2_p396_s0_c1,regard
ch2_p396_s0_c1,reconnaissance
ch2_p396_s0_c1,imagination
ch2_p396_s0_c1,satisfaction
ch2_p396_s0_c1,désir
ch2_p397_s0_c0,peine
ch2_p397_s1_c0,raison
ch2_p397_s1_c0,ressentiment
ch2_p397_s2_c0,grief
ch2_p397_s2_c0,femme
ch2_p397_s2_c0,volontiers
ch2_p397_s2_c0,service
ch2_p397_s2_c0,colère
ch2_p397_s3_c0,jour
ch2_p397_s3_c0,état
ch2_p397_s3_c0,indifférence
ch2_p397_s3_c0,odette
ch2_p397_s3_c0,jalousie
ch2_p397_s3_c0,chose
ch2_p397_s3_c0,atroce
ch2_p397_s3_c0,désir
ch2_p397_s3_c0,fond
ch2_p397_s3_c0,enfantillage
ch2_p397_s3_c0,tour
ch2_p397_s3_c0,occasion
ch2_p397_s3_c0,politesse
ch2_p397_s3_c0,verdurin
ch2_p397_s3_c1,maîtresse
ch2_p397_s3_c1,maison
ch2_p398_s0_c0,point
ch2_p398_s0_c0,vue
ch2_p398_s0_c0,amour
ch2_p398_s0_c0,jalousie
ch2_p398_s0_c0,sorte
ch2_p398_s0_c0,équité
ch2_p398_s0_c0,part
ch2_p398_s0_c0,probabilité
ch2_p398_s0_c0,odette
ch2_p398_s0_c0,femme
ch2_p398_s0_c0,vie
ch2_p398_s0_c0,odette
ch2_p398_s0_c0,tramée
ch2_p398_s0_c0,cachette
ch2_p399_s0_c0,forcheville
ch2_p399_s0_c0,plaisir
ch2_p399_s0_c0,jalousie
ch2_p399_s0_c0,pièce
ch2_p399_s1_c0,bayreuth
ch2_p399_s1_c0,paris
ch2_p399_s1_c0,forcheville
ch2_p399_s1_c0,vie
ch2_p399_s1_c0,odette
ch2_p399_s1_c0,place
ch2_p399_s2_c0,forcheville
ch2_p399_s2_c0,projet
ch2_p399_s2_c0,air
ch2_p399_s2_c0,avis
ch2_p399_s2_c0,plaisir
ch2_p399_s2_c1,swann
ch2_p400_s0_c0,lieu
ch2_p400_s0_c0,argent
ch2_p400_s0_c0,voyage
ch2_p400_s0_c0,joie
ch2_p400_s0_c0,semaine
ch2_p400_s1_c0,swann
ch2_p400_s1_c0,horreur
ch2_p400_s1_c0,bonté
ch2_p400_s1_c0,sourire
ch2_p400_s1_c0,désir
ch2_p400_s1_c0,jalousie
ch2_p400_s1_c0,amour
ch2_p400_s1_c0,amour
ch2_p400_s1_c0,goût
ch2_p400_s1_c0,sensation
ch2_p400_s1_c0,odette
ch2_p400_s1_c0,plaisir
ch2_p400_s1_c0,spectacle
ch2_p400_s1_c0,phénomène
ch2_p400_s1_c0,regard
ch2_p400_s1_c0,formation
ch2_p400_s1_c0,sourire
ch2_p400_s1_c1,émission
ch2_p400_s1_c1,intonation
ch2_p400_s1_c1,voix
ch2_p400_s2_c0,plaisir
ch2_p400_s2_c0,besoin
ch2_p400_s2_c0,présence
ch2_p400_s2_c0,lettre
ch2_p400_s2_c0,besoin
ch2_p400_s2_c0,période
ch2_p400_s2_c0,vie
ch2_p400_s2_c0,swann
ch2_p400_s2_c0,sécheresse
ch2_p400_s2_c0,dépression
ch2_p400_s2_c0,année
ch2_p400_s2_c0,sorte
ch2_p400_s2_c1,enrichissement
ch2_p400_s2_c1,vie
ch2_p400_s2_c1,santé
ch2_p400_s2_c1,moment
ch2_p400_s2_c1,temps
ch2_p400_s2_c1,guérison
ch2_p400_s2_c1,besoin
ch2_p400_s2_c1,monde
ch2_p400_s2_c1,musique
ch2_p401_s0_c0,chimisme
ch2_p401_s0_c0,mal
ch2_p401_s0_c0,jalousie
ch2_p401_s0_c0,amour
ch2_p401_s0_c0,tendresse
ch2_p401_s0_c0,pitié
ch2_p401_s0_c0,odette
ch2_p401_s1_c0,odette
ch2_p401_s2_c0,remords
ch2_p401_s3_c0,plaisir
ch2_p401_s3_c0,reconnaissance
ch2_p401_s3_c0,visage
ch2_p401_s3_c0,sourire
ch2_p402_s0_c0,odette
ch2_p402_s0_c0,jour
ch2_p402_s0_c0,réconciliation
ch2_p402_s0_c0,habitude
ch2_p402_s0_c0,faveur
ch2_p403_s0_c0,brouille
ch2_p403_s0_c0,argent
ch2_p403_s0_c0,mal
ch2_p403_s1_c0,cas
ch2_p403_s1_c0,intérêt
ch2_p403_s1_c0,avenir
ch2_p403_s1_c0,liaison
ch2_p403_s1_c0,odette
ch2_p403_s1_c0,rupture
ch2_p403_s1_c0,temps
ch2_p404_s0_c0,jour
ch2_p404_s0_c0,souci
ch2_p404_s0_c0,visite
ch2_p404_s0_c0,joie
ch2_p404_s0_c0,chagrin
ch2_p404_s0_c0,fin
ch2_p404_s0_c0,calme
ch2_p404_s0_c0,jour
ch2_p404_s1_c0,lettre
ch2_p404_s2_c0,soupçon
ch2_p404_s2_c0,douleur
ch2_p404_s3_c0,état
ch2_p404_s3_c0,agitation
ch2_p404_s3_c0,engagement
ch2_p404_s3_c0,état
ch2_p404_s3_c0,calme
ch2_p404_s3_c0,jour
ch2_p404_s5_c0,calcul
ch2_p404_s5_c0,swann
ch2_p404_s5_c0,consentement
ch2_p404_s5_c0,odette
ch2_p404_s6_c0,chose
ch2_p404_s6_c0,moment
ch2_p404_s6_c0,chose
ch2_p404_s6_c0,esprit
ch2_p404_s6_c0,état
ch2_p404_s7_c0,absence
ch2_p404_s7_c0,chose
ch2_p404_s7_c0,manque
ch2_p404_s7_c0,bouleversement
ch2_p404_s7_c0,état
ch2_p405_s0_c0,fois
ch2_p405_s0_c0,contraire
ch2_p405_s0_c0,odette
ch2_p405_s0_c0,point
ch2_p405_s0_c0,voyage
ch2_p405_s0_c0,querelle
ch2_p405_s0_c0,prétexte
ch2_p405_s0_c0,apparence
ch2_p405_s0_c0,bénéfice
ch2_p405_s0_c0,brouille
ch2_p405_s0_c0,séparation
ch2_p405_s0_c0,part
ch2_p405_s0_c0,voyage
ch2_p405_s1_c0,odette
ch2_p405_s1_c0,visite
ch2_p405_s1_c0,lettre
ch2_p405_s1_c0,image
ch2_p405_s1_c0,jalousie
ch2_p405_s2_c0,doute
ch2_p405_s2_c0,moment
ch2_p405_s2_c0,bout
ch2_p405_s2_c0,esprit
ch2_p405_s2_c0,résolution
ch2_p405_s2_c0,grâce
ch2_p405_s2_c0,longueur
ch2_p405_s2_c0,semaine
ch2_p405_s2_c0,séparation
ch2_p405_s2_c0,plaisir
ch2_p405_s2_c0,idée
ch2_p405_s2_c0,odette
ch2_p405_s2_c0,impatience
ch2_p405_s2_c0,durée
ch2_p405_s2_c0,abstinence
ch2_p405_s3_c0,jour
ch2_p405_s3_c0,odette
ch2_p405_s4_c0,contrariété
ch2_p405_s4_c0,malaise
ch2_p405_s4_c0,moment
ch2_p405_s4_c0,moment
ch2_p405_s4_c0,règle
ch2_p405_s4_c0,sagesse
ch2_p405_s4_c0,apaisement
ch2_p405_s4_c0,plaisir
ch2_p405_s4_c0,congé
ch2_p405_s4_c0,reprise
ch2_p405_s4_c0,effort
ch2_p405_s4_c0,volonté
ch2_p405_s4_c0,action
ch2_p405_s4_c0,compression
ch2_p405_s4_c1,souvenir
ch2_p405_s4_c1,renseignement
ch2_p405_s4_c1,odette
ch2_p405_s4_c1,couleur
ch2_p405_s4_c1,voiture
ch2_p405_s4_c1,valeur
ch2_p405_s4_c1,bourse
ch2_p405_s4_c1,action
ch2_p405_s4_c1,peinture
ch2_p405_s4_c1,action
ch2_p405_s4_c1,dividende
ch2_p405_s4_c2,caoutchouc
ch2_p405_s4_c2,air
ch2_p405_s4_c2,machine
ch2_p405_s4_c2,idée
ch2_p405_s4_c2,bond
ch2_p405_s4_c2,champ
ch2_p405_s4_c2,présent
ch2_p405_s4_c2,possibilité
ch2_p406_s0_c0,résistance
ch2_p406_s0_c0,swann
ch2_p406_s0_c0,peine
ch2_p406_s0_c0,jour
ch2_p406_s0_c0,odette
ch2_p406_s0_c0,minute
ch2_p406_s0_c0,cocher
ch2_p406_s0_c0,voiture
ch2_p406_s0_c0,transport
ch2_p406_s0_c0,impatience
ch2_p406_s0_c0,joie
ch2_p406_s0_c0,fois
ch2_p406_s0_c0,tendresse
ch2_p406_s0_c0,idée
ch2_p406_s0_c1,moment
ch2_p406_s0_c1,conscience
ch2_p406_s1_c0,obstacle
ch2_p406_s1_c0,désir
ch2_p406_s1_c0,swann
ch2_p406_s1_c0,inconvénient
ch2_p406_s1_c0,essai
ch2_p406_s1_c0,séparation
ch2_p406_s1_c0,exécution
ch2_p406_s2_c0,idée
ch2_p406_s2_c0,nouveauté
ch2_p406_s2_c0,séduction
ch2_p406_s2_c0,virulence
ch2_p406_s2_c0,habitude
ch2_p406_s2_c0,privation
ch2_p406_s2_c0,jour
ch2_p406_s2_c0,durée
ch2_p406_s2_c0,renoncement
ch2_p406_s2_c0,anticipation
ch2_p406_s2_c0,terme
ch2_p406_s2_c0,plaisir
ch2_p406_s2_c1,bonheur
ch2_p406_s2_c1,force
ch2_p406_s3_c0,ignorance
ch2_p406_s3_c0,swann
ch2_p406_s3_c0,odette
ch2_p406_s3_c0,signe
ch2_p406_s3_c0,vie
ch2_p406_s3_c0,révélation
ch2_p406_s3_c0,odette
ch2_p407_s0_c0,refus
ch2_p407_s0_c0,argent
ch2_p407_s0_c0,feinte
ch2_p407_s0_c0,prétexte
ch2_p407_s0_c0,renseignement
ch2_p407_s0_c0,swann
ch2_p407_s0_c0,voiture
ch2_p407_s0_c0,valeur
ch2_p407_s1_c0,phase
ch2_p407_s1_c0,crise
ch2_p407_s1_c0,idée
ch2_p407_s1_c0,mécanisme
ch2_p407_s1_c0,avance
ch2_p407_s1_c0,terminaison
ch2_p407_s2_c0,idée
ch2_p407_s2_c0,point
ch2_p407_s2_c0,vue
ch2_p407_s2_c0,swann
ch2_p407_s2_c0,doute
ch2_p407_s2_c0,odette
ch2_p407_s2_c0,morphinomane
ch2_p407_s2_c0,tuberculeux
ch2_p407_s2_c0,événement
ch2_p407_s2_c0,moment
ch2_p407_s2_c0,habitude
ch2_p407_s2_c0,indisposition
ch2_p407_s2_c0,moment
ch2_p407_s2_c1,médecin
ch2_p407_s2_c1,importance
ch2_p407_s2_c1,contingence
ch2_p407_s2_c1,déguisement
ch2_p407_s2_c1,malade
ch2_p407_s2_c1,vice
ch2_p407_s2_c1,état
ch2_p407_s2_c1,réalité
ch2_p407_s2_c1,rêve
ch2_p407_s2_c1,sagesse
ch2_p407_s2_c1,guérison
ch2_p407_s3_c0,amour
ch2_p407_s3_c0,swann
ch2_p407_s3_c0,degré
ch2_p407_s3_c0,médecin
ch2_p407_s3_c0,affection
ch2_p407_s3_c0,chirurgien
ch2_p407_s3_c0,malade
ch2_p407_s3_c0,vice
ch2_p407_s3_c0,mal
ch2_p408_s0_c0,étendue
ch2_p408_s0_c0,amour
ch2_p408_s0_c0,swann
ch2_p408_s0_c0,conscience
ch2_p408_s1_c0,exemple
ch2_p408_s1_c0,goût
ch2_p408_s1_c0,dégoût
ch2_p408_s1_c0,odette
ch2_p408_s1_c0,trait
ch2_p408_s1_c0,teint
ch2_p408_s1_c0,fraîcheur
ch2_p408_s1_c0,jour
ch2_p408_s2_c0,progrès
ch2_p408_s2_c0,lendemain
ch2_p408_s2_c0,chose
ch2_p408_s2_c0,plaisir
ch2_p408_s2_c0,lit
ch2_p408_s3_c0,amour
ch2_p408_s3_c0,région
ch2_p408_s3_c0,désir
ch2_p408_s4_c0,odette
ch2_p408_s4_c0,place
ch2_p408_s5_c0,regard
ch2_p408_s5_c0,table
ch2_p408_s5_c0,photographie
ch2_p408_s5_c0,odette
ch2_p408_s5_c0,peine
ch2_p408_s5_c0,figure
ch2_p408_s5_c0,chair
ch2_p408_s5_c0,bristol
ch2_p408_s5_c0,trouble
ch2_p408_s6_c0,étonnement
ch2_p408_s6_c0,coup
ch2_p408_s6_c0,maladie
ch2_p408_s6_c0,trouvion
ch2_p408_s7_c0,ressemblance
ch2_p408_s7_c0,amour
ch2_p408_s7_c0,mort
ch2_p408_s7_c0,vague
ch2_p408_s7_c0,peur
ch2_p408_s7_c0,réalité
ch2_p408_s7_c0,mystère
ch2_p408_s7_c0,personnalité
ch2_p408_s8_c0,maladie
ch2_p408_s8_c0,amour
ch2_p408_s8_c0,swann
ch2_p408_s8_c0,habitude
ch2_p408_s8_c0,swann
ch2_p408_s8_c0,acte
ch2_p408_s8_c0,pensée
ch2_p408_s8_c0,santé
ch2_p408_s8_c0,sommeil
ch2_p408_s8_c0,vie
ch2_p408_s8_c0,mort
ch2_p408_s8_c0,chirurgie
ch2_p408_s8_c1,amour
ch2_p409_s0_c0,amour
ch2_p409_s0_c0,swann
ch2_p409_s0_c0,intérêt
ch2_p409_s0_c0,hasard
ch2_p409_s0_c0,monde
ch2_p409_s0_c0,relation
ch2_p409_s0_c0,monture
ch2_p409_s0_c0,prix
ch2_p409_s0_c0,oeil
ch2_p409_s0_c0,odette
ch2_p409_s0_c0,amour
ch2_p409_s0_c1,odette
ch2_p409_s0_c1,chose
ch2_p409_s0_c1,côté
ch2_p409_s0_c1,détresse
ch2_p409_s0_c1,lieu
ch2_p409_s0_c1,milieu
ch2_p409_s0_c1,plaisir
ch2_p409_s0_c1,roman
ch2_p409_s0_c1,tableau
ch2_p409_s0_c1,divertissement
ch2_p409_s0_c1,classe
ch2_p409_s0_c1,fonctionnement
ch2_p409_s0_c1,vie
ch2_p409_s0_c2,élégance
ch2_p409_s0_c2,livrée
ch2_p409_s0_c2,placement
ch2_p409_s0_c2,valeur
ch2_p409_s0_c2,auteur
ch2_p409_s0_c2,mécanique
ch2_p409_s0_c2,journée
ch2_p409_s0_c2,menu
ch2_p409_s0_c2,repas
ch2_p409_s0_c2,mme
ch2_p409_s0_c2,maintenon
ch2_p409_s0_c2,avarice
ch2_p409_s0_c2,train
ch2_p409_s0_c2,lulli
ch2_p409_s1_c0,mesure
ch2_p409_s1_c0,détachement
ch2_p409_s1_c0,raison
ch2_p409_s1_c0,plaisir
ch2_p409_s1_c0,swann
ch2_p409_s1_c0,moment
ch2_p409_s1_c0,party
ch2_p409_s1_c0,amour
ch2_p409_s1_c0,chagrin
ch2_p409_s2_c0,égard
ch2_p409_s2_c0,personnalité
ch2_p409_s2_c0,fils
ch2_p409_s2_c0,swann
ch2_p409_s2_c0,personnalité
ch2_p409_s2_c0,charles
ch2_p409_s2_c0,swann
ch2_p409_s2_c0,mieux
ch2_p409_s3_c0,jour
ch2_p409_s3_c0,anniversaire
ch2_p409_s3_c0,princesse
ch2_p409_s3_c0,parme
ch2_p409_s3_c0,odette
ch2_p409_s3_c0,place
ch2_p409_s3_c0,gala
ch2_p409_s3_c0,jubilé
ch2_p409_s3_c0,fruit
ch2_p409_s3_c0,cousin
ch2_p409_s3_c0,mère
ch2_p409_s3_c0,commission
ch2_p409_s3_c0,compte
ch2_p409_s3_c0,fruit
ch2_p409_s3_c0,endroit
ch2_p409_s3_c0,raisin
ch2_p409_s3_c0,crapote
ch2_p409_s3_c0,spécialité
ch2_p409_s3_c1,fraise
ch2_p409_s3_c1,jauret
ch2_p409_s3_c1,poire
ch2_p409_s3_c1,chevet
ch2_p409_s3_c1,fruit
ch2_p409_s4_c0,remerciement
ch2_p409_s4_c0,princesse
ch2_p409_s4_c0,parfum
ch2_p409_s4_c0,fraise
ch2_p409_s4_c0,moelleu
ch2_p409_s4_c0,poire
ch2_p409_s5_c0,fruit
ch2_p409_s5_c0,apaisement
ch2_p409_s5_c0,souffrance
ch2_p409_s5_c0,conscience
ch2_p409_s5_c0,région
ch2_p409_s5_c0,héritier
ch2_p409_s5_c0,famille
ch2_p409_s5_c0,riche
ch2_p409_s5_c0,bourgeoisie
ch2_p409_s5_c0,service
ch2_p409_s5_c0,connaissance
ch2_p409_s5_c0,adresse
ch2_p409_s5_c0,art
ch2_p409_s5_c0,commande
ch2_p410_s0_c0,fils
ch2_p410_s0_c0,swann
ch2_p410_s0_c0,moment
ch2_p410_s0_c0,plaisir
ch2_p410_s0_c0,temps
ch2_p410_s0_c0,amabilité
ch2_p410_s0_c0,bourgeois
ch2_p410_s0_c0,aristocratie
ch2_p410_s0_c0,considération
ch2_p410_s0_c0,lettre
ch2_p410_s0_c0,altesse
ch2_p410_s0_c1,divertissement
ch2_p410_s0_c1,proposât
ch2_p410_s0_c1,témoin
ch2_p410_s0_c1,mariage
ch2_p410_s0_c1,famille
ch2_p410_s0_c1,ami
ch2_p410_s0_c1,parent
ch2_p410_s0_c1,année
ch2_p410_s0_c1,mariage
ch2_p410_s0_c1,mère
ch2_p410_s0_c1,peine
ch2_p410_s0_c1,devoir
ch2_p410_s0_c1,politesse
ch2_p410_s0_c1,fils
ch2_p410_s0_c2,successeur
ch2_p410_s0_c2,feu
ch2_p410_s0_c2,swann
ch2_p411_s0_c0,intimité
ch2_p411_s0_c0,monde
ch2_p411_s0_c0,mesure
ch2_p411_s0_c0,partie
ch2_p411_s0_c0,maison
ch2_p411_s0_c0,domestique
ch2_p411_s0_c0,famille
ch2_p411_s1_c0,amitié
ch2_p411_s1_c0,appui
ch2_p411_s1_c0,confort
ch2_p411_s1_c0,terre
ch2_p411_s1_c0,argenterie
ch2_p411_s1_c0,linge
ch2_p411_s1_c0,table
ch2_p411_s2_c0,pensée
ch2_p411_s2_c0,attaque
ch2_p411_s2_c0,duc
ch2_p411_s2_c0,chartres
ch2_p411_s2_c0,prince
ch2_p411_s2_c0,reuss
ch2_p411_s2_c0,duc
ch2_p411_s2_c0,luxembourg
ch2_p411_s2_c0,baron
ch2_p411_s2_c0,charlus
ch2_p411_s2_c0,valet
ch2_p411_s2_c0,chambre
ch2_p411_s2_c0,consolation
ch2_p411_s2_c0,françoise
ch2_p411_s2_c0,drap
ch2_p411_s2_c0,idée
ch2_p411_s2_c0,soin
ch2_p411_s2_c0,ouvrière
ch2_p411_s2_c1,linceul
ch2_p411_s2_c1,image
ch2_p411_s2_c1,satisfaction
ch2_p411_s2_c1,amour
ch2_p411_s3_c0,action
ch2_p411_s3_c0,pensée
ch2_p411_s3_c0,odette
ch2_p411_s3_c0,swann
ch2_p411_s3_c0,sentiment
ch2_p411_s3_c0,verdurin
ch2_p411_s3_c0,monde
ch2_p411_s3_c0,homme
ch2_p411_s3_c0,excellence
ch2_p411_s3_c1,existence
ch2_p411_s3_c1,vie
ch2_p411_s3_c1,appétit
ch2_p411_s3_c1,alité
ch2_p411_s3_c1,mois
ch2_p411_s3_c1,diète
ch2_p411_s3_c1,journal
ch2_p411_s3_c1,menu
ch2_p411_s3_c1,déjeuner
ch2_p411_s3_c1,annonce
ch2_p411_s3_c1,croisière
ch2_p411_s3_c1,sicile
ch2_p412_s0_c0,excuse
ch2_p412_s0_c0,monde
ch2_p412_s0_c0,visite
ch2_p412_s0_c0,odette
ch2_p412_s1_c0,fin
ch2_p412_s1_c0,mois
ch2_p412_s1_c0,patience
ch2_p412_s1_c0,franc
ch2_p412_s1_c0,prétexte
ch2_p412_s1_c0,présent
ch2_p412_s1_c0,renseignement
ch2_p412_s1_c0,besoin
ch2_p412_s1_c0,charlus
ch2_p412_s1_c0,accompagnât
ch2_p412_s2_c0,défaut
ch2_p412_s2_c0,charlu
ch2_p412_s2_c0,cours
ch2_p412_s2_c0,conversation
ch2_p412_s2_c0,swann
ch2_p412_s2_c0,suite
ch2_p412_s2_c0,swann
ch2_p412_s2_c0,charlus
ch2_p412_s2_c0,soir
ch2_p412_s2_c0,moyen
ch2_p412_s3_c0,sorte
ch2_p412_s3_c0,absence
ch2_p412_s3_c0,paris
ch2_p412_s3_c0,opinion
ch2_p412_s4_c0,fois
ch2_p412_s4_c0,convenance
ch2_p412_s4_c0,occupation
ch2_p412_s5_c0,fête
ch2_p412_s5_c0,charité
ch2_p412_s5_c0,vernissage
ch2_p412_s5_c0,liaison
ch2_p412_s5_c0,fille
ch2_p412_s6_c0,point
ch2_p412_s6_c0,swann
ch2_p412_s6_c0,adolphe
ch2_p412_s6_c0,ami
ch2_p412_s6_c0,jour
ch2_p412_s6_c0,appartement
ch2_p412_s6_c0,rue
ch2_p412_s6_c0,bellechasse
ch2_p412_s6_c0,influence
ch2_p412_s6_c0,odette
ch2_p412_s7_c0,swann
ch2_p412_s7_c0,oncle
ch2_p412_s7_c0,air
ch2_p412_s8_c0,chose
ch2_p412_s8_c0,amitié
ch2_p412_s9_c0,lieu
ch2_p412_s9_c0,swann
ch2_p412_s9_c0,oncle
ch2_p412_s10_c0,excellence
ch2_p412_s10_c0,odette
ch2_p412_s10_c0,axiome
ch2_p412_s10_c0,supra
ch2_p412_s10_c0,humanité
ch2_p412_s10_c0,révélation
ch2_p412_s10_c0,vertu
ch2_p412_s10_c0,notion
ch2_p412_s10_c0,expérience
ch2_p412_s12_c0,femme
ch2_p412_s12_c0,femme
ch2_p412_s12_c0,ange
ch2_p412_s12_c0,odette
ch2_p412_s13_c0,vie
ch2_p412_s13_c0,paris
ch2_p412_s14_c0,monde
ch2_p412_s14_c0,odette
ch2_p412_s14_c0,jour
ch2_p412_s15_c0,rôle
ch2_p412_s15_c0,rencontre
ch2_p412_s15_c0,théâtre
ch2_p412_s16_c0,confiance
ch2_p412_s16_c0,mot
ch2_p412_s16_c0,tort
ch2_p412_s16_c0,salut
ch2_p412_s16_c0,cause
ch2_p413_s0_c0,oncle
ch2_p413_s0_c0,swann
ch2_p413_s0_c0,odette
ch2_p413_s0_c0,odette
ch2_p413_s0_c0,swann
ch2_p413_s1_c0,jour
ch2_p413_s1_c0,odette
ch2_p413_s1_c0,swann
ch2_p413_s1_c0,déception
ch2_p413_s1_c0,oncle
ch2_p413_s1_c0,homme
ch2_p413_s1_c0,force
ch2_p413_s2_c0,swann
ch2_p413_s2_c0,moment
ch2_p413_s2_c0,oncle
ch2_p413_s2_c0,main
ch2_p413_s3_c0,brouille
ch2_p413_s3_c0,oncle
ch2_p413_s3_c0,adolphe
ch2_p413_s3_c0,confiance
ch2_p413_s3_c0,bruit
ch2_p413_s3_c0,vie
ch2_p413_s3_c0,odette
ch2_p413_s3_c0,nice
ch2_p413_s4_c0,oncle
ch2_p413_s4_c0,adolphe
ch2_p413_s4_c0,hiver
ch2_p413_s5_c0,swann
ch2_p413_s5_c0,odette
ch2_p413_s6_c0,homme
ch2_p413_s6_c0,amant
ch2_p413_s6_c0,odette
ch2_p413_s6_c0,swann
ch2_p413_s7_c0,chose
ch2_p413_s7_c0,fois
ch2_p413_s7_c0,tristesse
ch2_p413_s8_c0,idée
ch2_p413_s8_c0,maîtresse
ch2_p413_s8_c0,retouche
ch2_p413_s9_c0,fois
ch2_p413_s9_c0,légèreté
ch2_p413_s9_c0,mœur
ch2_p413_s9_c0,odette
ch2_p413_s9_c0,bade
ch2_p413_s9_c0,nice
ch2_p413_s9_c0,mois
ch2_p413_s9_c0,sorte
ch2_p413_s9_c0,notoriété
ch2_p413_s10_c0,viveur
ch2_p413_s10_c0,odette
ch2_p413_s10_c0,peur
ch2_p413_s10_c0,trace
ch2_p413_s11_c0,vie
ch2_p413_s11_c0,bade
ch2_p413_s11_c0,nice
ch2_p413_s11_c0,odette
ch2_p413_s11_c0,fête
ch2_p413_s11_c0,ville
ch2_p413_s11_c0,plaisir
ch2_p413_s11_c0,besoin
ch2_p413_s11_c0,argent
ch2_p413_s11_c0,grâce
ch2_p413_s11_c0,caprice
ch2_p413_s11_c0,angoisse
ch2_p413_s11_c1,abîme
ch2_p413_s11_c1,fond
ch2_p413_s11_c1,année
ch2_p413_s11_c1,début
ch2_p413_s11_c1,septennat
ch2_p413_s11_c1,hiver
ch2_p413_s11_c1,promenade
ch2_p413_s11_c1,anglais
ch2_p413_s11_c1,tilleul
ch2_p413_s11_c1,bade
ch2_p413_s11_c1,profondeur
ch2_p413_s11_c1,poète
ch2_p413_s11_c1,fait
ch2_p413_s11_c1,chronique
ch2_p413_s11_c1,côte
ch2_p413_s11_c1,azur
ch2_p413_s11_c2,chose
ch2_p413_s11_c2,sourire
ch2_p413_s11_c2,regard
ch2_p413_s11_c2,odette
ch2_p413_s11_c2,passion
ch2_p413_s11_c2,esthéticien
ch2_p413_s11_c2,document
ch2_p413_s11_c2,florence
ch2_p413_s11_c2,siècle
ch2_p413_s11_c2,âme
ch2_p413_s11_c2,primavera
ch2_p413_s11_c2,bella
ch2_p413_s11_c2,vanna
ch2_p413_s11_c2,vénus
ch2_p413_s11_c2,botticelli
ch2_p413_s12_c0,air
ch2_p413_s13_c0,idée
ch2_p413_s13_c0,créature
ch2_p413_s13_c0,idée
ch2_p413_s13_c0,femme
ch2_p413_s13_c0,inversement
ch2_p413_s13_c0,odette
ch2_p413_s13_c0,crécy
ch2_p413_s13_c0,fêtard
ch2_p413_s13_c0,homme
ch2_p413_s13_c0,femme
ch2_p413_s13_c0,visage
ch2_p413_s13_c0,expression
ch2_p413_s13_c0,nature
ch2_p413_s14_c0,nice
ch2_p413_s14_c0,monde
ch2_p413_s14_c0,odette
ch2_p413_s14_c0,crécy
ch2_p413_s15_c0,réputation
ch2_p413_s15_c0,idée
ch2_p413_s15_c0,légende
ch2_p413_s15_c0,odette
ch2_p413_s15_c0,personnalité
ch2_p413_s15_c0,créature
ch2_p413_s15_c0,mal
ch2_p413_s15_c0,femme
ch2_p413_s15_c0,oeil
ch2_p413_s15_c0,cœur
ch2_p413_s15_c0,pitié
ch2_p413_s15_c0,souffrance
ch2_p413_s15_c0,corps
ch2_p413_s15_c0,bras
ch2_p413_s15_c1,femme
ch2_p413_s15_c1,jour
ch2_p413_s16_c0,fatiguée
ch2_p413_s16_c0,visage
ch2_p413_s16_c0,instant
ch2_p413_s16_c0,préoccupation
ch2_p413_s16_c0,chose
ch2_p413_s16_c0,swann
ch2_p413_s16_c0,cheveu
ch2_p413_s16_c0,main
ch2_p413_s16_c0,front
ch2_p413_s16_c0,figure
ch2_p413_s16_c0,coup
ch2_p413_s16_c0,pensée
ch2_p413_s16_c0,sentiment
ch2_p413_s16_c0,créature
ch2_p413_s16_c0,moment
ch2_p413_s16_c0,repos
ch2_p413_s16_c0,repliement
ch2_p413_s16_c0,oeil
ch2_p413_s16_c0,rayon
ch2_p413_s17_c0,visage
ch2_p413_s17_c0,campagne
ch2_p413_s17_c0,couverte
ch2_p413_s17_c0,nuage
ch2_p413_s17_c0,transfiguration
ch2_p413_s17_c0,moment
ch2_p413_s17_c0,soleil
ch2_p413_s18_c0,vie
ch2_p413_s18_c0,odette
ch2_p413_s18_c0,moment
ch2_p413_s18_c0,avenir
ch2_p413_s18_c0,swann
ch2_p413_s18_c0,agitation
ch2_p413_s18_c0,résidu
ch2_p413_s19_c0,moment
ch2_p413_s20_c0,souvenir
ch2_p413_s20_c0,swann
ch2_p413_s20_c0,parcelle
ch2_p413_s20_c0,intervalle
ch2_p413_s20_c0,odette
ch2_p413_s20_c0,bonté
ch2_p413_s20_c0,calme
ch2_p413_s20_c0,partie
ch2_p413_s20_c0,ouvrage
ch2_p413_s20_c0,sacrifice
ch2_p413_s20_c0,odette
ch2_p413_s21_c0,moment
ch2_p413_s22_c0,soir
ch2_p413_s22_c0,minute
ch2_p413_s23_c0,réponse
ch2_p413_s23_c0,importance
ch2_p413_s23_c0,swann
ch2_p413_s23_c0,ami
ch2_p413_s23_c0,odette
ch2_p413_s23_c0,soirée
ch2_p413_s23_c0,théâtre
ch2_p413_s23_c0,bond
ch2_p413_s23_c0,hâte
ch2_p413_s24_c0,fur
ch2_p413_s24_c0,mesure
ch2_p413_s24_c0,toilette
ch2_p413_s24_c0,mouvement
ch2_p413_s24_c0,swann
ch2_p413_s24_c0,moment
ch2_p413_s24_c0,élan
ch2_p413_s24_c0,fois
ch2_p413_s24_c0,miroir
ch2_p413_s24_c0,regard
ch2_p413_s24_c0,attention
ch2_p413_s24_c0,rouge
ch2_p413_s24_c0,lèvre
ch2_p413_s24_c0,mèche
ch2_p413_s24_c0,front
ch2_p413_s24_c0,manteau
ch2_p413_s24_c0,soirée
ch2_p413_s24_c0,gland
ch2_p413_s24_c1,swann
ch2_p413_s24_c1,air
ch2_p413_s24_c1,geste
ch2_p413_s24_c1,impatience
ch2_p413_s24_c1,minute
ch2_p413_s25_c0,chose
ch2_p413_s25_c0,gentil
ch2_p413_s26_c0,fois
ch2_p413_s27_c0,risque
ch2_p413_s27_c0,alliance
ch2_p413_s27_c0,forcheville
ch2_p413_s28_c0,soirée
ch2_p413_s28_c0,relation
ch2_p413_s28_c0,homme
ch2_p413_s28_c0,renseignement
ch2_p413_s29_c0,ami
ch2_p413_s29_c0,point
ch2_p413_s29_c0,repos
ch2_p413_s29_c0,question
ch2_p413_s29_c0,réponse
ch2_p413_s29_c0,fatigue
ch2_p413_s30_c0,swann
ch2_p413_s30_c0,renseignement
ch2_p413_s31_c0,chose
ch2_p413_s31_c0,main
ch2_p413_s31_c0,pensée
ch2_p413_s31_c0,gré
ch2_p413_s31_c0,illusion
ch2_p413_s31_c0,sorte
ch2_p413_s32_c0,fois
ch2_p413_s32_c0,charlus
ch2_p413_s32_c0,odette
ch2_p413_s33_c0,charlus
ch2_p413_s33_c0,swann
ch2_p413_s33_c0,charlus
ch2_p413_s33_c0,amitié
ch2_p413_s33_c0,difficulté
ch2_p413_s34_c0,swann
ch2_p413_s34_c0,soir
ch2_p413_s34_c0,air
ch2_p413_s34_c0,sortie
ch2_p413_s34_c0,swann
ch2_p413_s34_c0,importance
ch2_p413_s34_c0,charlus
ch2_p413_s35_c0,lendemain
ch2_p413_s35_c0,question
ch2_p413_s35_c0,charlus
ch2_p413_s35_c0,air
ch2_p413_s35_c0,réponse
ch2_p413_s35_c0,odette
ch2_p413_s35_c0,soirée
ch2_p413_s35_c0,plaisir
ch2_p413_s36_c0,mémé
ch2_p413_s36_c0,musée
ch2_p413_s36_c0,grévin
ch2_p413_s41_c0,mémé
ch2_p413_s42_c0,drôle
ch2_p413_s42_c0,idée
ch2_p413_s42_c0,chat
ch2_p413_s42_c0,noir
ch2_p413_s42_c0,idée
ch2_p413_s45_c0,idée
ch2_p413_s45_c0,monde
ch2_p413_s50_c0,scène
ch2_p413_s51_c0,gentil
ch2_p413_s51_c0,mémé
ch2_p413_s52_c0,swann
ch2_p413_s53_c0,indifférent
ch2_p413_s53_c0,peine
ch2_p413_s53_c0,phrase
ch2_p413_s53_c0,exemple
ch2_p413_s53_c0,mme
ch2_p413_s53_c0,crécy
ch2_p413_s53_c0,monsieur
ch2_p413_s53_c0,phrase
ch2_p413_s53_c0,cœur
ch2_p413_s53_c0,swann
ch2_p413_s53_c0,état
ch2_p413_s53_c0,incrustation
ch2_p413_s53_c1,contraire
ch2_p413_s53_c1,mot
ch2_p413_s54_c0,bout
ch2_p413_s54_c0,instant
ch2_p413_s54_c0,odette
ch2_p413_s54_c0,plaisir
ch2_p413_s54_c0,compagnie
ch2_p413_s55_c0,insignifiance
ch2_p413_s55_c0,peine
ch2_p413_s55_c0,trahison
ch2_p414_s0_c0,angoisse
ch2_p414_s0_c0,présence
ch2_p414_s0_c0,odette
ch2_p414_s0_c0,douceur
ch2_p414_s0_c0,mal
ch2_p414_s0_c0,remède
ch2_p414_s0_c0,souffrance
ch2_p414_s0_c0,odette
ch2_p414_s0_c1,heure
ch2_p414_s0_c1,apaisement
ch2_p414_s0_c1,heure
ch2_p414_s0_c1,prestige
ch2_p414_s0_c1,maléfice
ch2_p414_s1_c0,chemin
ch2_p414_s1_c0,projet
ch2_p414_s1_c0,odette
ch2_p414_s1_c0,pensée
ch2_p414_s1_c0,cœur
ch2_p414_s1_c0,espoir
ch2_p414_s1_c0,lendemain
ch2_p414_s1_c0,chef
ch2_p414_s1_c0,œuvre
ch2_p414_s1_c0,lit
ch2_p414_s1_c0,lumière
ch2_p414_s1_c1,contrainte
ch2_p414_s1_c1,conscience
ch2_p414_s1_c1,instant
ch2_p414_s1_c1,frisson
ch2_p414_s1_c1,refluer
ch2_p414_s2_c0,oeil
ch2_p414_s3_c0,lassitude
ch2_p414_s3_c0,lendemain
ch2_p414_s3_c0,odette
ch2_p414_s3_c0,jeu
ch2_p414_s3_c0,influence
ch2_p414_s4_c0,nécessité
ch2_p414_s4_c0,activité
ch2_p414_s4_c0,trêve
ch2_p414_s4_c0,variété
ch2_p414_s4_c0,résultat
ch2_p414_s4_c0,jour
ch2_p414_s4_c0,grosseur
ch2_p414_s4_c0,ventre
ch2_p414_s4_c0,joie
ch2_p414_s4_c0,pensée
ch2_p414_s4_c0,tumeur
ch2_p414_s4_c0,maladie
ch2_p414_s4_c0,jouet
ch2_p414_s4_c0,fin
ch2_p414_s5_c0,époque
ch2_p414_s5_c0,mort
ch2_p414_s5_c0,acuité
ch2_p414_s5_c0,souffrance
ch2_p414_s5_c0,monotonie
ch2_p414_s5_c0,effort
ch2_p415_s0_c0,époque
ch2_p415_s0_c0,raison
ch2_p415_s0_c0,jour
ch2_p415_s0_c0,forcheville
ch2_p415_s1_c0,jour
ch2_p415_s1_c0,soupçon
ch2_p415_s1_c0,question
ch2_p415_s1_c0,forcheville
ch2_p415_s1_c0,forme
ch2_p415_s1_c0,état
ch2_p415_s1_c0,précédente
ch2_p415_s2_c0,jour
ch2_p415_s2_c0,soupçon
ch2_p415_s4_c0,lendemain
ch2_p415_s4_c0,matin
ch2_p415_s4_c0,réveil
ch2_p415_s4_c0,place
ch2_p415_s4_c0,douleur
ch2_p415_s4_c0,veille
ch2_p415_s4_c0,journée
ch2_p415_s4_c0,sensation
ch2_p415_s4_c0,torrent
ch2_p415_s4_c0,impression
ch2_p415_s5_c0,place
ch2_p415_s6_c0,acuité
ch2_p415_s6_c0,douleur
ch2_p415_s6_c0,swann
ch2_p416_s0_c0,odette
ch2_p416_s0_c0,renseignement
ch2_p416_s0_c0,chose
ch2_p416_s0_c0,jour
ch2_p416_s0_c0,plaisir
ch2_p416_s0_c0,suite
ch2_p416_s0_c0,cerveau
ch2_p416_s0_c0,vide
ch2_p416_s0_c0,doigt
ch2_p416_s0_c0,paupière
ch2_p416_s0_c0,verre
ch2_p416_s0_c0,lorgnon
ch2_p416_s1_c0,inconnu
ch2_p416_s1_c0,occupation
ch2_p416_s1_c0,temps
ch2_p416_s1_c0,temps
ch2_p416_s1_c0,obligation
ch2_p416_s1_c0,parent
ch2_p416_s1_c0,ami
ch2_p416_s1_c0,autrefoi
ch2_p416_s1_c0,swann
ch2_p416_s1_c0,cadre
ch2_p416_s1_c0,vie
ch2_p416_s1_c0,odette
ch2_p416_s2_c0,cause
ch2_p416_s2_c0,temps
ch2_p416_s2_c0,jour
ch2_p416_s2_c0,amie
ch2_p416_s2_c0,hippodrome
ch2_p416_s2_c0,odette
ch2_p416_s2_c0,jour
ch2_p416_s3_c0,peine
ch2_p416_s3_c0,jour
ch2_p416_s3_c0,amie
ch2_p416_s3_c0,hippodrome
ch2_p416_s4_c0,réservons
ch2_p416_s4_c0,chose
ch2_p416_s4_c0,avance
ch2_p416_s5_c0,devoir
ch2_p416_s5_c0,odette
ch2_p416_s5_c0,hippodrome
ch2_p416_s5_c0,swann
ch2_p416_s5_c0,caractère
ch2_p416_s5_c0,nécessité
ch2_p416_s6_c0,odette
ch2_p416_s6_c0,rue
ch2_p416_s6_c0,salut
ch2_p416_s6_c0,jalousie
ch2_p416_s6_c0,swann
ch2_p416_s6_c0,question
ch2_p416_s6_c0,existence
ch2_p416_s6_c0,inconnu
ch2_p416_s6_c0,devoir
ch2_p416_s6_c0,exemple
ch2_p416_s6_c0,monsieur
ch2_p416_s6_c0,loge
ch2_p416_s6_c0,amie
ch2_p416_s6_c0,hippodrome
ch2_p416_s6_c0,explication
ch2_p416_s6_c0,soupçon
ch2_p416_s6_c0,swann
ch2_p416_s6_c1,amie
ch2_p416_s6_c1,invité
ch2_p416_s6_c1,odette
ch2_p416_s6_c1,loge
ch2_p416_s6_c1,hippodrome
ch2_p416_s8_c0,amie
ch2_p416_s8_c0,hippodrome
ch2_p416_s8_c0,emmenât
ch2_p416_s8_c0,odette
ch2_p416_s9_c0,relation
ch2_p416_s9_c0,habitude
ch2_p416_s9_c0,odette
ch2_p416_s9_c0,manucure
ch2_p416_s9_c0,demoiselle
ch2_p416_s9_c0,magasin
ch2_p416_s10_c0,frais
ch2_p416_s10_c0,reine
ch2_p416_s11_c0,vie
ch2_p416_s11_c0,odette
ch2_p416_s11_c0,calmant
ch2_p416_s11_c0,souffrance
ch2_p416_s12_c0,joie
ch2_p416_s12_c0,journée
ch2_p416_s12_c0,odette
ch2_p416_s12_c0,relation
ch2_p416_s12_c0,intérêt
ch2_p416_s12_c0,simplicité
ch2_p416_s13_c0,volontiers
ch2_p416_s13_c0,domicile
ch2_p416_s13_c0,étage
ch2_p416_s13_c0,maison
ch2_p416_s13_c0,odette
ch2_p416_s13_c0,couturière
ch2_p416_s13_c0,amant
ch2_p416_s13_c0,jour
ch2_p416_s13_c0,visite
ch2_p416_s14_c0,quartier
ch2_p416_s14_c0,existence
ch2_p416_s14_c0,nourrie
ch2_p416_s14_c0,calme
ch2_p416_s14_c0,bonheur
ch2_p416_s14_c0,indéfiniment
ch2_p417_s0_c0,swann
ch2_p417_s0_c0,visage
ch2_p417_s0_c0,odette
ch2_p417_s0_c0,tristesse
ch2_p417_s0_c0,jour
ch2_p417_s0_c0,forcheville
ch2_p417_s1_c0,jour
ch2_p417_s1_c0,crainte
ch2_p417_s1_c0,monde
ch2_p417_s1_c0,swann
ch2_p417_s1_c0,attitude
ch2_p417_s1_c0,assurance
ch2_p417_s1_c0,contraste
ch2_p417_s1_c0,revanche
ch2_p417_s1_c0,réaction
ch2_p417_s1_c0,émotion
ch2_p417_s1_c0,temps
ch2_p417_s1_c0,lettre
ch2_p417_s1_c0,mot
ch2_p417_s1_c0,ami
ch2_p417_s1_c1,main
ch2_p417_s1_c1,peine
ch2_p417_s1_c1,émoi
ch2_p417_s2_c0,swann
ch2_p417_s4_c0,bonheur
ch2_p417_s4_c0,main
ch2_p417_s4_c0,calme
ch2_p417_s4_c0,aisance
ch2_p417_s4_c0,hardiesse
ch2_p417_s5_c0,mot
ch2_p417_s5_c0,illusion
ch2_p417_s5_c0,occasion
ch2_p417_s5_c0,parfum
ch2_p417_s5_c0,amitié
ch2_p417_s5_c0,garde
ch2_p417_s5_c0,avenir
ch2_p417_s5_c0,mort
ch2_p417_s5_c0,chose
ch2_p417_s6_c0,temps
ch2_p417_s6_c0,admiration
ch2_p417_s6_c0,monde
ch2_p417_s6_c0,tête
ch2_p417_s6_c0,succès
ch2_p417_s6_c0,swann
ch2_p417_s6_c0,toupet
ch2_p417_s6_c0,monocle
ch2_p417_s7_c0,maîtresse
ch2_p418_s0_c0,tête
ch2_p419_s0_c0,parole
ch2_p419_s0_c0,swann
ch2_p420_s1_c0,monde
ch2_p421_s0_c0,tête
ch2_p421_s0_c0,souci
ch2_p421_s0_c0,vertu
ch2_p421_s0_c0,aptitude
ch2_p421_s0_c0,intention
ch2_p421_s0_c0,morceau
ch2_p421_s0_c0,programme
ch2_p421_s0_c0,ressemblance
ch2_p421_s0_c0,enfant
ch2_p421_s0_c0,parenté
ch2_p421_s0_c0,monocle
ch2_p421_s0_c0,toupet
ch2_p421_s1_c0,imagination
ch2_p421_s1_c0,démarcation
ch2_p421_s1_c0,mois
ch2_p421_s1_c0,distance
ch2_p421_s1_c0,tête
ch2_p421_s1_c0,amant
ch2_p421_s1_c0,cœur
ch2_p421_s1_c0,tête
ch2_p421_s1_c0,cocu
ch2_p422_s1_c0,tête
ch2_p423_s0_c0,manière
ch2_p423_s0_c0,odette
ch2_p423_s0_c0,place
ch2_p423_s0_c0,doute
ch2_p423_s0_c0,parole
ch2_p424_s0_c0,veu
ch2_p425_s0_c0,tâche
ch2_p425_s0_c0,femme
ch2_p425_s0_c0,main
ch2_p425_s0_c0,tâche
ch2_p425_s0_c0,indiscrète
ch2_p425_s0_c0,usurpation
ch2_p425_s0_c0,liberté
ch2_p425_s2_c0,voie
ch2_p425_s3_c0,reproche
ch2_p425_s3_c0,preuve
ch2_p425_s3_c0,intérêt
ch2_p425_s3_c0,amour
ch2_p425_s3_c0,défense
ch2_p425_s3_c0,chose
ch2_p425_s4_c0,jour
ch2_p425_s4_c0,cocher
ch2_p425_s4_c0,tête
ch2_p425_s4_c0,cas
ch2_p425_s4_c0,exactitude
ch2_p425_s4_c0,déférence
ch2_p425_s5_c0,baiser
ch2_p425_s6_c0,humeur
ch2_p425_s7_c0,soir
ch2_p425_s7_c0,charlus
ch2_p425_s7_c0,douceur
ch2_p425_s7_c0,propos
ch2_p425_s7_c0,personne
ch2_p425_s7_c0,manière
ch2_p427_s0_c0,moment
ch2_p427_s0_c0,montant
ch2_p427_s0_c0,voiture
ch2_p427_s0_c0,ami
ch2_p427_s0_c0,route
ch2_p428_s0_c0,lorédan
ch2_p428_s0_c0,siège
ch2_p428_s1_c0,joie
ch2_p428_s1_c0,swann
ch2_p429_s1_c0,sapristi
ch2_p429_s2_c0,lorédan
ch2_p429_s2_c0,rue
ch2_p429_s2_c0,pérouse
ch2_p429_s3_c0,odette
ch2_p429_s3_c0,lorédan
ch2_p429_s3_c0,femme
ch2_p429_s6_c0,rémi
ch2_p429_s7_c0,histoire
ch2_p430_s0_c0,façon
ch2_p430_s0_c0,distrait
ch2_p430_s0_c0,odette
ch2_p430_s0_c0,swann
ch2_p430_s0_c0,souffrance
ch2_p430_s0_c0,jour
ch2_p430_s0_c0,jour
ch2_p430_s0_c0,odette
ch2_p430_s0_c0,égard
ch2_p430_s0_c0,regard
ch2_p430_s0_c0,début
ch2_p430_s0_c0,profondeur
ch2_p430_s0_c0,changement
ch2_p430_s1_c0,changement
ch2_p430_s1_c0,blessure
ch2_p430_s1_c0,jour
ch2_p430_s1_c0,nuit
ch2_p430_s1_c0,pensée
ch2_p430_s1_c0,côté
ch2_p430_s1_c0,peur
ch2_p430_s2_c0,abstraite
ch2_p430_s2_c0,temps
ch2_p430_s2_c0,odette
ch2_p430_s2_c0,temps
ch2_p430_s3_c0,cabinet
ch2_p430_s3_c0,crochet
ch2_p430_s3_c0,sortant
ch2_p430_s3_c0,tiroir
ch2_p430_s3_c0,chrysanthème
ch2_p430_s3_c0,soir
ch2_p430_s3_c0,lettre
ch2_p430_s3_c0,cœur
ch2_p430_s3_c0,heure
ch2_p430_s3_c0,jour
ch2_p430_s3_c0,nuit
ch2_p430_s3_c0,besoin
ch2_p430_s3_c1,signe
ch2_p430_s3_c1,vie
ch2_p430_s3_c1,place
ch2_p430_s3_c1,esprit
ch2_p430_s3_c1,détour
ch2_p430_s3_c1,raisonnement
ch2_p430_s3_c1,souvenir
ch2_p430_s3_c1,jour
ch2_p431_s0_c0,prudence
ch2_p431_s0_c0,soir
ch2_p431_s0_c0,monde
ch2_p432_s0_c0,marquis
ch2_p432_s0_c0,année
ch2_p432_s0_c0,soirée
ch2_p432_s0_c0,artiste
ch2_p432_s0_c0,concert
ch2_p432_s0_c0,charité
ch2_p432_s1_c0,swann
ch2_p432_s1_c0,précédente
ch2_p432_s1_c0,visite
ch2_p432_s1_c0,baron
ch2_p432_s1_c0,charlus
ch2_p432_s1_c0,marquis
ch2_p432_s1_c0,compagnie
ch2_p432_s2_c0,swann
ch2_p433_s0_c0,plaisir
ch2_p433_s1_c0,plaisir
ch2_p433_s1_c0,odette
ch2_p433_s2_c0,influence
ch2_p433_s3_c0,soir
ch2_p433_s3_c0,couturière
ch2_p433_s4_c0,cas
ch2_p433_s5_c0,distraire
ch2_p433_s5_c0,raison
ch2_p433_s6_c0,chose
ch2_p433_s6_c0,ensemble
ch2_p433_s7_c0,jalon
ch2_p433_s7_c0,été
ch2_p433_s7_c0,envie
ch2_p433_s7_c0,chose
ch2_p433_s7_c0,croisière
ch2_p433_s8_c0,soir
ch2_p433_s8_c0,joint
ch2_p433_s8_c0,mot
ch2_p433_s8_c0,mme
ch2_p433_s8_c0,minuit
ch2_p434_s0_c0,baron
ch2_p434_s0_c0,visite
ch2_p434_s0_c0,porte
ch2_p434_s0_c0,hôtel
ch2_p434_s0_c0,swann
ch2_p434_s0_c0,pensée
ch2_p434_s0_c0,charlus
ch2_p434_s0_c0,soirée
ch2_p434_s0_c0,rue
ch2_p434_s0_c0,pérouse
ch2_p434_s0_c0,état
ch2_p434_s0_c0,mélancolique
ch2_p434_s0_c0,indifférence
ch2_p434_s0_c0,chose
ch2_p434_s0_c0,odette
ch2_p434_s0_c0,chose
ch2_p434_s0_c0,charme
ch2_p434_s0_c0,but
ch2_p434_s0_c0,volonté
ch2_p434_s1_c0,descente
ch2_p434_s1_c0,voiture
ch2_p434_s1_c0,plan
ch2_p434_s1_c0,résumé
ch2_p434_s1_c0,vie
ch2_p434_s1_c0,maîtresse
ch2_p434_s1_c0,maison
ch2_p434_s1_c0,invité
ch2_p434_s1_c0,jour
ch2_p434_s1_c0,cérémonie
ch2_p434_s1_c0,vérité
ch2_p434_s1_c0,costume
ch2_p434_s1_c0,décor
ch2_p434_s1_c0,swann
ch2_p434_s1_c0,plaisir
ch2_p434_s1_c0,héritier
ch2_p434_s1_c0,tigre
ch2_p434_s1_c0,balzac
ch2_p434_s1_c0,groom
ch2_p434_s1_c0,promenade
ch2_p434_s1_c0,chapeauté
ch2_p434_s1_c0,botté
ch2_p434_s1_c0,hôtel
ch2_p434_s1_c0,sol
ch2_p434_s1_c0,avenue
ch2_p434_s1_c0,écurie
ch2_p434_s1_c1,jardinier
ch2_p434_s1_c1,entrée
ch2_p434_s1_c1,parterre
ch2_p434_s2_c0,disposition
ch2_p434_s2_c0,analogie
ch2_p434_s2_c0,être
ch2_p434_s2_c0,portrait
ch2_p434_s2_c0,musée
ch2_p434_s2_c0,vie
ch2_p434_s2_c0,suite
ch2_p434_s2_c0,tableau
ch2_p434_s3_c0,vestibule
ch2_p434_s3_c0,mondain
ch2_p434_s3_c0,pardessus
ch2_p434_s3_c0,frac
ch2_p434_s3_c0,pensée
ch2_p434_s3_c0,instant
ch2_p434_s3_c0,fête
ch2_p434_s3_c0,fête
ch2_p434_s3_c0,fois
ch2_p434_s3_c0,arrivée
ch2_p434_s3_c0,invité
ch2_p434_s3_c0,meute
ch2_p434_s3_c1,valet
ch2_p434_s3_c1,pied
ch2_p434_s3_c1,banquette
ch2_p434_s3_c1,coffre
ch2_p434_s3_c1,profil
ch2_p434_s3_c1,lévrier
ch2_p434_s3_c1,cercle
ch2_p435_s0_c0,aspect
ch2_p435_s0_c0,exécuteur
ch2_p435_s0_c0,tableau
ch2_p435_s0_c0,renaissance
ch2_p435_s0_c0,supplice
ch2_p435_s0_c0,air
ch2_p435_s0_c0,affaire
ch2_p435_s1_c0,dureté
ch2_p435_s1_c0,regard
ch2_p435_s1_c0,acier
ch2_p435_s1_c0,douceur
ch2_p435_s1_c0,gant
ch2_p435_s1_c0,fil
ch2_p435_s1_c0,swann
ch2_p435_s1_c0,mépris
ch2_p435_s1_c0,égard
ch2_p435_s1_c0,chapeau
ch2_p435_s2_c0,soin
ch2_p435_s2_c0,exactitude
ch2_p435_s2_c0,pointure
ch2_p435_s2_c0,chose
ch2_p435_s2_c0,délicatesse
ch2_p435_s2_c0,appareil
ch2_p435_s2_c0,force
ch2_p435_s3_c0,aide
ch2_p435_s3_c0,effroi
ch2_p435_s3_c0,sens
ch2_p435_s3_c0,regard
ch2_p435_s3_c0,agitation
ch2_p435_s3_c0,bête
ch2_p435_s3_c0,heure
ch2_p435_s3_c0,domesticité
ch2_p436_s0_c0,gaillard
ch2_p436_s0_c0,guerrier
ch2_p436_s0_c0,tableau
ch2_p436_s0_c0,mantegna
ch2_p436_s0_c0,bouclier
ch2_p436_s0_c0,côté
ch2_p436_s0_c0,groupe
ch2_p436_s0_c0,camarade
ch2_p436_s0_c0,swann
ch2_p436_s0_c0,scène
ch2_p436_s0_c1,oeil
ch2_p436_s0_c1,massacre
ch2_p436_s0_c1,innocent
ch2_p436_s0_c1,martyre
ch2_p436_s0_c1,saint
ch2_p436_s0_c1,jacques
ch2_p436_s1_c0,race
ch2_p436_s1_c0,retable
ch2_p436_s1_c0,zeno
ch2_p436_s1_c0,fresque
ch2_p436_s1_c0,eremitani
ch2_p436_s1_c0,swann
ch2_p436_s1_c0,rêve
ch2_p436_s1_c0,issue
ch2_p436_s1_c0,fécondation
ch2_p436_s1_c0,statue
ch2_p436_s1_c0,modèle
ch2_p436_s1_c0,maître
ch2_p436_s1_c0,saxon
ch2_p436_s1_c0,albert
ch2_p436_s1_c0,dürer
ch2_p436_s2_c0,mèche
ch2_p436_s2_c0,cheveu
ch2_p436_s2_c0,crespelés
ch2_p436_s2_c0,nature
ch2_p436_s2_c0,brillantine
ch2_p436_s2_c0,sculpture
ch2_p436_s2_c0,cesse
ch2_p436_s2_c0,peintre
ch2_p436_s2_c0,mantoue
ch2_p436_s2_c0,création
ch2_p436_s2_c0,homme
ch2_p436_s2_c0,forme
ch2_p436_s2_c0,richesse
ch2_p436_s2_c0,nature
ch2_p436_s2_c0,chevelure
ch2_p436_s2_c0,enroulement
ch2_p436_s2_c0,bec
ch2_p436_s2_c0,boucle
ch2_p436_s2_c1,superposition
ch2_p436_s2_c1,triple
ch2_p436_s2_c1,diadème
ch2_p436_s2_c1,tresse
ch2_p436_s2_c1,air
ch2_p436_s2_c1,fois
ch2_p436_s2_c1,paquet
ch2_p436_s2_c1,algue
ch2_p436_s2_c1,nichée
ch2_p436_s2_c1,colombe
ch2_p436_s2_c1,bandeau
ch2_p436_s2_c1,jacinthe
ch2_p436_s2_c1,torsade
ch2_p436_s2_c1,serpent
ch2_p437_s0_c0,degré
ch2_p437_s0_c0,escalier
ch2_p437_s0_c0,présence
ch2_p437_s0_c0,immobilité
ch2_p437_s0_c0,palais
ch2_p437_s0_c0,ducal
ch2_p437_s0_c0,escalier
ch2_p437_s0_c0,géant
ch2_p437_s0_c0,swann
ch2_p437_s0_c0,tristesse
ch2_p437_s0_c0,odette
ch2_p437_s2_c0,joie
ch2_p437_s2_c0,contraire
ch2_p437_s2_c0,étage
ch2_p437_s2_c0,couturière
ch2_p437_s2_c0,opéra
ch2_p437_s2_c0,droit
ch2_p437_s2_c0,soirée
ch2_p437_s2_c0,odette
ch2_p437_s2_c0,jour
ch2_p437_s2_c0,habitude
ch2_p437_s2_c0,cause
ch2_p437_s2_c1,vie
ch2_p437_s2_c1,maîtresse
ch2_p437_s2_c1,chose
ch2_p437_s3_c0,escalier
ch2_p437_s3_c0,couturière
ch2_p437_s3_c0,service
ch2_p437_s3_c0,soir
ch2_p437_s3_c0,boîte
ch2_p437_s3_c0,lait
ch2_p437_s3_c0,paillasson
ch2_p437_s3_c0,escalier
ch2_p437_s3_c0,swann
ch2_p437_s3_c0,moment
ch2_p437_s3_c0,côté
ch2_p437_s3_c0,hauteur
ch2_p437_s3_c0,anfractuosité
ch2_p437_s3_c0,mur
ch2_p437_s3_c0,fenêtre
ch2_p437_s3_c0,loge
ch2_p437_s3_c0,porte
ch2_p437_s3_c0,appartement
ch2_p437_s3_c1,représentant
ch2_p437_s3_c1,service
ch2_p437_s3_c1,hommage
ch2_p437_s3_c1,invité
ch2_p437_s3_c1,concierge
ch2_p437_s3_c1,majordome
ch2_p437_s3_c1,argentier
ch2_p437_s3_c1,semaine
ch2_p437_s3_c1,domaine
ch2_p437_s3_c2,boutiquier
ch2_p437_s3_c2,service
ch2_p437_s3_c2,médecin
ch2_p437_s3_c2,industriel
ch2_p437_s3_c2,recommandation
ch2_p437_s3_c2,intervalle
ch2_p437_s3_c2,aise
ch2_p437_s3_c2,arcature
ch2_p437_s3_c2,portail
ch2_p437_s3_c2,éclat
ch2_p437_s3_c2,bonhomie
ch2_p437_s3_c3,saint
ch2_p437_s3_c3,niche
ch2_p437_s3_c3,église
ch2_p437_s3_c3,dalle
ch2_p437_s3_c3,canne
ch2_p437_s3_c3,passage
ch2_p437_s4_c0,escalier
ch2_p437_s4_c0,face
ch2_p437_s4_c0,blême
ch2_p437_s4_c0,queue
ch2_p437_s4_c0,cheveu
ch2_p437_s4_c0,catogan
ch2_p437_s4_c0,tête
ch2_p437_s4_c0,sacristain
ch2_p437_s4_c0,goya
ch2_p437_s4_c0,tabellion
ch2_p437_s4_c0,répertoire
ch2_p437_s4_c0,swann
ch2_p437_s4_c0,bureau
ch2_p437_s4_c0,valet
ch2_p437_s4_c0,notaire
ch2_p437_s4_c0,registre
ch2_p437_s4_c0,nom
ch2_p437_s5_c0,vestibule
ch2_p437_s5_c0,pièce
ch2_p437_s5_c0,propriétaire
ch2_p437_s5_c0,cadre
ch2_p437_s5_c0,œuvre
ch2_p437_s5_c0,art
ch2_p437_s5_c0,nom
ch2_p437_s5_c0,nudité
ch2_p437_s5_c0,entrée
ch2_p437_s5_c0,effigie
ch2_p437_s5_c0,benvenuto
ch2_p437_s5_c0,cellini
ch2_p437_s5_c0,homme
ch2_p437_s5_c0,guet
ch2_p437_s5_c0,valet
ch2_p437_s5_c0,pied
ch2_p437_s5_c0,corps
ch2_p437_s5_c1,hausse
ch2_p437_s5_c1,col
ch2_p437_s5_c1,figure
ch2_p437_s5_c1,torrent
ch2_p437_s5_c1,feu
ch2_p437_s5_c1,timidité
ch2_p437_s5_c1,zèle
ch2_p437_s5_c1,tapisserie
ch2_p437_s5_c1,aubusson
ch2_p437_s5_c1,salon
ch2_p437_s5_c1,musique
ch2_p437_s5_c1,regard
ch2_p437_s5_c1,air
ch2_p437_s5_c1,impassibilité
ch2_p437_s5_c1,foi
ch2_p437_s5_c1,allégorie
ch2_p437_s5_c1,alarme
ch2_p437_s5_c1,incarnation
ch2_p437_s5_c1,attente
ch2_p437_s5_c1,commémoration
ch2_p437_s5_c1,branle
ch2_p437_s5_c2,épier
ch2_p437_s5_c2,ange
ch2_p437_s5_c2,vigie
ch2_p437_s5_c2,tour
ch2_p437_s5_c2,donjon
ch2_p437_s5_c2,cathédrale
ch2_p437_s5_c2,apparition
ch2_p437_s5_c2,ennemi
ch2_p437_s5_c2,heure
ch2_p437_s5_c2,jugement
ch2_p437_s6_c0,swann
ch2_p437_s6_c0,salle
ch2_p437_s6_c0,concert
ch2_p437_s6_c0,huissier
ch2_p437_s6_c0,chaîne
ch2_p437_s6_c0,porte
ch2_p437_s6_c0,clé
ch2_p437_s6_c0,ville
ch2_p437_s7_c0,maison
ch2_p437_s7_c0,moment
ch2_p437_s7_c0,odette
ch2_p437_s7_c0,souvenir
ch2_p437_s7_c0,boîte
ch2_p437_s7_c0,lait
ch2_p437_s7_c0,paillasson
ch2_p437_s7_c0,cœur
ch2_p438_s0_c0,swann
ch2_p438_s0_c0,sentiment
ch2_p438_s0_c0,laideur
ch2_p438_s0_c0,tenture
ch2_p438_s0_c0,tapisserie
ch2_p438_s0_c0,spectacle
ch2_p438_s0_c0,domestique
ch2_p438_s0_c0,invité
ch2_p438_s1_c0,laideur
ch2_p438_s1_c0,visage
ch2_p438_s1_c0,trait
ch2_p438_s1_c0,lieu
ch2_p438_s1_c0,signe
ch2_p438_s1_c0,identification
ch2_p438_s1_c0,faisceau
ch2_p438_s1_c0,plaisir
ch2_p438_s1_c0,ennui
ch2_p438_s1_c0,politesse
ch2_p438_s1_c0,rapport
ch2_p438_s1_c0,autonomie
ch2_p438_s1_c0,ligne
ch2_p438_s2_c0,homme
ch2_p438_s2_c0,milieu
ch2_p438_s2_c0,swann
ch2_p438_s2_c0,monocle
ch2_p438_s2_c0,swann
ch2_p438_s2_c0,monocle
ch2_p438_s2_c0,habitude
ch2_p438_s2_c0,sorte
ch2_p438_s2_c0,individualité
ch2_p438_s3_c0,général
ch2_p438_s3_c0,froberville
ch2_p438_s3_c0,marquis
ch2_p438_s3_c0,bréauté
ch2_p438_s3_c0,entrée
ch2_p438_s3_c0,personnage
ch2_p438_s3_c0,tableau
ch2_p438_s3_c0,ami
ch2_p438_s3_c0,jockey
ch2_p438_s3_c0,duel
ch2_p438_s3_c0,monocle
ch2_p438_s3_c0,général
ch2_p438_s3_c0,paupière
ch2_p438_s3_c0,éclat
ch2_p438_s3_c0,obu
ch2_p438_s3_c0,figure
ch2_p438_s3_c1,milieu
ch2_p438_s3_c1,front
ch2_p438_s3_c1,œil
ch2_p438_s3_c1,cyclope
ch2_p438_s3_c1,swann
ch2_p438_s3_c1,blessure
ch2_p438_s3_c1,bréauté
ch2_p438_s3_c1,signe
ch2_p438_s3_c1,festivité
ch2_p438_s3_c1,gant
ch2_p438_s3_c1,perle
ch2_p438_s3_c1,gibus
ch2_p438_s3_c1,cravate
ch2_p438_s3_c1,binocle
ch2_p438_s3_c1,swann
ch2_p438_s3_c1,monde
ch2_p438_s3_c2,revers
ch2_p438_s3_c2,préparation
ch2_p438_s3_c2,histoire
ch2_p438_s3_c2,microscope
ch2_p438_s3_c2,regard
ch2_p438_s3_c2,amabilité
ch2_p438_s3_c2,hauteur
ch2_p438_s3_c2,plafond
ch2_p438_s3_c2,beauté
ch2_p438_s3_c2,fête
ch2_p438_s3_c2,intérêt
ch2_p438_s3_c2,programme
ch2_p438_s3_c2,qualité
ch2_p438_s3_c2,rafraîchissement
ch2_p439_s0_c0,éternité
ch2_p439_s0_c0,swann
ch2_p439_s0_c0,général
ch2_p439_s0_c0,trait
ch2_p439_s0_c0,maladie
ch2_p439_s0_c0,monde
ch2_p439_s0_c0,mine
ch2_p439_s1_c0,bréauté
ch2_p440_s1_c0,romancier
ch2_p440_s1_c0,coin
ch2_p440_s1_c0,œil
ch2_p440_s1_c0,monocle
ch2_p440_s1_c0,organe
ch2_p440_s1_c0,investigation
ch2_p440_s1_c0,analyse
ch2_p440_s1_c0,air
ch2_p440_s1_c0,r
ch2_p442_s0_c0,monocle
ch2_p442_s0_c0,marquis
ch2_p442_s0_c0,forestelle
ch2_p442_s0_c0,minuscule
ch2_p442_s0_c0,bordure
ch2_p442_s0_c0,crispation
ch2_p442_s0_c0,œil
ch2_p442_s0_c0,cartilage
ch2_p442_s0_c0,présence
ch2_p442_s0_c0,matière
ch2_p442_s0_c0,visage
ch2_p442_s0_c0,marquis
ch2_p442_s0_c0,délicatesse
ch2_p442_s0_c0,femme
ch2_p442_s0_c0,chagrin
ch2_p442_s0_c0,amour
ch2_p442_s1_c0,anneau
ch2_p442_s1_c0,saturne
ch2_p442_s1_c0,centre
ch2_p442_s1_c0,gravité
ch2_p442_s1_c0,figure
ch2_p442_s1_c0,moment
ch2_p442_s1_c0,rapport
ch2_p442_s1_c0,nez
ch2_p442_s1_c0,bouche
ch2_p442_s1_c0,grimace
ch2_p442_s1_c0,hauteur
ch2_p442_s1_c0,feu
ch2_p442_s1_c0,esprit
ch2_p442_s1_c0,disque
ch2_p442_s1_c0,verre
ch2_p442_s1_c1,regard
ch2_p442_s1_c1,monde
ch2_p442_s1_c1,femme
ch2_p442_s1_c1,snob
ch2_p442_s1_c1,charme
ch2_p442_s1_c1,raffinement
ch2_p442_s1_c1,volupté
ch2_p442_s1_c1,palancy
ch2_p442_s1_c1,tête
ch2_p442_s1_c1,carpe
ch2_p442_s1_c1,oeil
ch2_p442_s1_c1,milieu
ch2_p442_s1_c1,fête
ch2_p442_s1_c1,instant
ch2_p442_s1_c1,instant
ch2_p442_s1_c1,mandibule
ch2_p442_s1_c1,orientation
ch2_p442_s1_c1,air
ch2_p442_s1_c1,fragment
ch2_p442_s1_c2,vitrage
ch2_p442_s1_c2,aquarium
ch2_p442_s1_c2,partie
ch2_p442_s1_c2,swann
ch2_p442_s1_c2,admirateur
ch2_p442_s1_c2,vice
ch2_p442_s1_c2,vertu
ch2_p442_s1_c2,giotto
ch2_p442_s1_c2,padoue
ch2_p442_s1_c2,côté
ch2_p442_s1_c2,rameau
ch2_p442_s1_c2,forêt
ch2_p442_s1_c2,repaire
ch2_p443_s0_c0,swann
ch2_p443_s0_c0,insistance
ch2_p443_s0_c0,mme
ch2_p443_s0_c0,air
ch2_p443_s0_c0,orphée
ch2_p443_s0_c0,flûtiste
ch2_p443_s0_c0,coin
ch2_p443_s0_c0,perspective
ch2_p443_s0_c0,dame
ch2_p443_s0_c0,assise
ch2_p443_s0_c0,côté
ch2_p443_s0_c0,marquis
ch2_p443_s0_c0,cambremer
ch2_p443_s0_c0,vicomte
ch2_p443_s0_c0,franquetot
ch2_p443_s0_c0,cousin
ch2_p443_s0_c0,temps
ch2_p443_s0_c0,soirée
ch2_p443_s0_c0,sac
ch2_p443_s0_c0,fille
ch2_p443_s0_c1,gare
ch2_p443_s0_c1,éventail
ch2_p443_s0_c1,mouchoir
ch2_p443_s0_c1,place
ch2_p443_s0_c1,mme
ch2_p443_s0_c1,cambremer
ch2_p443_s0_c1,relation
ch2_p443_s0_c1,compagne
ch2_p443_s0_c1,mme
ch2_p443_s0_c1,franquetot
ch2_p443_s0_c1,contraire
ch2_p443_s0_c1,chose
ch2_p443_s0_c1,connaissance
ch2_p443_s0_c1,dame
ch2_p443_s0_c1,souvenir
ch2_p443_s0_c1,jeunesse
ch2_p443_s1_c0,mélancolique
ch2_p443_s1_c0,ironie
ch2_p443_s1_c0,swann
ch2_p443_s1_c0,intermède
ch2_p443_s1_c0,piano
ch2_p443_s1_c0,saint
ch2_p443_s1_c0,françois
ch2_p443_s1_c0,oiseau
ch2_p443_s1_c0,liszt
ch2_p443_s1_c0,air
ch2_p443_s1_c0,flûte
ch2_p443_s1_c0,jeu
ch2_p443_s1_c0,virtuose
ch2_p443_s2_c0,mme
ch2_p443_s2_c0,franquetot
ch2_p443_s2_c0,oeil
ch2_p443_s2_c0,touche
ch2_p443_s2_c0,agilité
ch2_p443_s2_c0,suite
ch2_p443_s2_c0,trapèze
ch2_p443_s2_c0,hauteur
ch2_p443_s2_c0,mètre
ch2_p443_s2_c0,voisin
ch2_p443_s2_c0,regard
ch2_p443_s2_c0,étonnement
ch2_p443_s2_c0,dénégation
ch2_p443_s2_c0,homme
ch2_p443_s2_c0,mme
ch2_p443_s2_c0,cambremer
ch2_p443_s2_c0,femme
ch2_p443_s2_c0,éducation
ch2_p443_s2_c1,mesure
ch2_p443_s2_c1,tête
ch2_p443_s2_c1,balancier
ch2_p443_s2_c1,métronome
ch2_p443_s2_c1,amplitude
ch2_p443_s2_c1,rapidité
ch2_p443_s2_c1,oscillation
ch2_p443_s2_c1,épaule
ch2_p443_s2_c1,espèce
ch2_p443_s2_c1,égarement
ch2_p443_s2_c1,abandon
ch2_p443_s2_c1,regard
ch2_p443_s2_c1,douleur
ch2_p443_s3_c0,moment
ch2_p443_s3_c0,solitaire
ch2_p443_s3_c0,patte
ch2_p443_s3_c0,corsage
ch2_p443_s3_c0,raisin
ch2_p443_s3_c0,cheveu
ch2_p443_s3_c0,mouvement
ch2_p443_s4_c0,côté
ch2_p443_s4_c0,mme
ch2_p443_s4_c0,franquetot
ch2_p443_s4_c0,marquis
ch2_p443_s4_c0,gallardon
ch2_p443_s4_c0,pensée
ch2_p443_s4_c0,favorite
ch2_p443_s4_c0,alliance
ch2_p443_s4_c0,guermante
ch2_p443_s4_c0,monde
ch2_p443_s4_c0,gloire
ch2_p443_s4_c0,honte
ch2_p443_s4_c0,écart
ch2_p443_s4_c0,branche
ch2_p443_s4_c1,raison
ch2_p443_s5_c0,moment
ch2_p443_s5_c0,mme
ch2_p443_s5_c0,franquetot
ch2_p443_s5_c0,conscience
ch2_p443_s5_c0,parenté
ch2_p443_s5_c0,guermante
ch2_p443_s5_c0,caractère
ch2_p443_s5_c0,mosaïque
ch2_p443_s5_c0,église
ch2_p443_s5_c0,colonne
ch2_p443_s5_c1,côté
ch2_p443_s5_c1,saint
ch2_p443_s5_c1,personnage
ch2_p443_s5_c1,mot
ch2_p443_s6_c0,moment
ch2_p443_s6_c0,invitation
ch2_p443_s6_c0,visite
ch2_p443_s6_c0,cousin
ch2_p443_s6_c0,princesse
ch2_p443_s6_c0,laume
ch2_p443_s6_c0,an
ch2_p443_s7_c0,pensée
ch2_p443_s7_c0,colère
ch2_p443_s7_c0,fierté
ch2_p443_s7_c0,force
ch2_p443_s7_c0,personne
ch2_p443_s7_c0,mme
ch2_p443_s7_c0,laume
ch2_p443_s7_c0,princesse
ch2_p443_s7_c0,mathilde
ch2_p443_s7_c0,famille
ch2_p443_s7_c0,raison
ch2_p443_s7_c0,cousin
ch2_p443_s8_c0,fois
ch2_p443_s8_c0,mme
ch2_p443_s8_c0,laume
ch2_p443_s8_c0,souvenir
ch2_p443_s8_c0,an
ch2_p443_s9_c0,grâce
ch2_p443_s9_c0,vertu
ch2_p443_s9_c0,parole
ch2_p443_s9_c0,arrière
ch2_p443_s9_c0,épaule
ch2_p443_s9_c0,buste
ch2_p443_s9_c0,tête
ch2_p443_s9_c0,tête
ch2_p443_s9_c0,rapportée
ch2_p443_s9_c0,faisan
ch2_p443_s9_c0,table
ch2_p443_s9_c0,plume
ch2_p443_s10_c0,nature
ch2_p443_s10_c0,hommasse
ch2_p443_s10_c0,boulotte
ch2_p443_s10_c0,camouflet
ch2_p443_s10_c0,arbre
ch2_p443_s10_c0,position
ch2_p443_s10_c0,bord
ch2_p443_s10_c0,précipice
ch2_p443_s10_c0,arrière
ch2_p443_s10_c0,équilibre
ch2_p443_s11_c0,obligé
ch2_p443_s11_c0,égal
ch2_p443_s11_c0,guermante
ch2_p443_s11_c0,cesse
ch2_p443_s11_c0,intransigeance
ch2_p443_s11_c0,principe
ch2_p443_s11_c0,fierté
ch2_p443_s11_c0,pensée
ch2_p443_s11_c0,corps
ch2_p443_s11_c0,sorte
ch2_p443_s11_c0,prestance
ch2_p443_s11_c0,oeil
ch2_p443_s11_c0,bourgeoise
ch2_p443_s11_c0,signe
ch2_p443_s11_c0,race
ch2_p443_s11_c0,désir
ch2_p443_s11_c0,regard
ch2_p443_s11_c0,homme
ch2_p443_s11_c0,cercle
ch2_p443_s12_c0,conversation
ch2_p443_s12_c0,mme
ch2_p443_s12_c0,gallardon
ch2_p443_s12_c0,analyse
ch2_p443_s12_c0,fréquence
ch2_p443_s12_c0,terme
ch2_p443_s12_c0,clef
ch2_p443_s12_c0,langage
ch2_p443_s12_c0,compte
ch2_p443_s12_c0,expression
ch2_p443_s12_c0,cousin
ch2_p443_s12_c0,guermante
ch2_p443_s12_c0,tante
ch2_p443_s12_c0,guermante
ch2_p443_s12_c0,santé
ch2_p443_s12_c0,elzéar
ch2_p443_s12_c0,guermante
ch2_p443_s12_c0,baignoire
ch2_p443_s12_c0,cousin
ch2_p443_s12_c0,guermante
ch2_p443_s13_c0,personnage
ch2_p443_s13_c0,fois
ch2_p443_s13_c0,tante
ch2_p443_s13_c0,guermante
ch2_p443_s13_c0,voix
ch2_p443_s13_c0,vertu
ch2_p443_s13_c0,principe
ch2_p443_s13_c0,épaule
ch2_p443_s13_c0,arrière
ch2_p443_s13_c1,échelle
ch2_p443_s13_c1,professeur
ch2_p443_s13_c1,gymnastique
ch2_p443_s13_c1,thorax
ch2_p444_s0_c0,princesse
ch2_p444_s0_c0,laume
ch2_p444_s0_c0,mme
ch2_p444_s1_c0,salon
ch2_p444_s1_c0,condescendance
ch2_p444_s1_c0,supériorité
ch2_p444_s1_c0,rang
ch2_p444_s1_c0,épaule
ch2_p444_s1_c0,foule
ch2_p444_s1_c0,fond
ch2_p444_s1_c0,air
ch2_p444_s1_c0,place
ch2_p444_s1_c0,roi
ch2_p444_s1_c0,queue
ch2_p444_s1_c0,porte
ch2_p444_s1_c0,théâtre
ch2_p444_s1_c0,autorité
ch2_p444_s1_c1,regard
ch2_p444_s1_c1,air
ch2_p444_s1_c1,présence
ch2_p444_s1_c1,égard
ch2_p444_s1_c1,considération
ch2_p444_s1_c1,dessin
ch2_p444_s1_c1,tapis
ch2_p444_s1_c1,jupe
ch2_p444_s1_c1,endroit
ch2_p444_s1_c1,exclamation
ch2_p444_s1_c1,mme
ch2_p444_s1_c1,côté
ch2_p444_s1_c1,mme
ch2_p444_s1_c1,cambremer
ch2_p444_s2_c0,mimique
ch2_p444_s2_c0,voisin
ch2_p444_s2_c0,mélomane
ch2_p444_s3_c0,fois
ch2_p444_s3_c0,minute
ch2_p444_s3_c0,mme
ch2_p444_s3_c0,princesse
ch2_p444_s3_c0,laume
ch2_p444_s3_c0,politesse
ch2_p444_s3_c0,comptât
ch2_p444_s4_c0,nature
ch2_p444_s4_c0,horreur
ch2_p444_s4_c0,exagération
ch2_p444_s4_c0,manifestation
ch2_p444_s4_c0,genre
ch2_p444_s4_c0,coterie
ch2_p444_s4_c0,part
ch2_p444_s4_c0,faveur
ch2_p444_s4_c0,esprit
ch2_p444_s4_c0,imitation
ch2_p444_s4_c0,timidité
ch2_p444_s4_c0,ambiance
ch2_p444_s4_c0,milieu
ch2_p444_s5_c0,gesticulation
ch2_p444_s5_c0,morceau
ch2_p444_s5_c0,cadre
ch2_p444_s5_c0,musique
ch2_p444_s5_c0,jour
ch2_p444_s5_c0,preuve
ch2_p444_s5_c0,incompréhension
ch2_p444_s5_c0,égard
ch2_p444_s5_c0,œuvre
ch2_p444_s5_c0,inconvenance
ch2_p444_s5_c0,maîtresse
ch2_p444_s5_c0,maison
ch2_p444_s5_c0,sorte
ch2_p444_s5_c0,cote
ch2_p444_s5_c0,sentiment
ch2_p444_s5_c1,bride
ch2_p444_s5_c1,épaulette
ch2_p444_s5_c1,cheveu
ch2_p444_s5_c1,boule
ch2_p444_s5_c1,corail
ch2_p444_s5_c1,émail
ch2_p444_s5_c1,diamant
ch2_p444_s5_c1,coiffure
ch2_p444_s5_c1,curiosité
ch2_p444_s5_c1,voisin
ch2_p444_s5_c1,éventail
ch2_p444_s5_c1,instant
ch2_p444_s5_c1,mesure
ch2_p444_s5_c1,indépendance
ch2_p444_s5_c1,contretemps
ch2_p444_s6_c0,pianiste
ch2_p444_s6_c0,morceau
ch2_p444_s6_c0,liszt
ch2_p444_s6_c0,prélude
ch2_p444_s6_c0,chopin
ch2_p444_s6_c0,mme
ch2_p444_s6_c0,cambremer
ch2_p444_s6_c0,mme
ch2_p444_s6_c0,franquetot
ch2_p444_s6_c0,sourire
ch2_p444_s6_c0,satisfaction
ch2_p444_s6_c0,allusion
ch2_p444_s6_c0,passé
ch2_p444_s7_c0,jeunesse
ch2_p444_s7_c0,phrase
ch2_p444_s7_c0,col
ch2_p444_s7_c0,chopin
ch2_p444_s7_c0,place
ch2_p444_s7_c0,direction
ch2_p444_s7_c0,départ
ch2_p444_s7_c0,point
ch2_p444_s7_c0,attouchement
ch2_p444_s7_c0,écart
ch2_p444_s7_c0,fantaisie
ch2_p444_s7_c0,précision
ch2_p444_s7_c1,cristal
ch2_p444_s7_c1,cœur
ch2_p445_s0_c0,famille
ch2_p445_s0_c0,relation
ch2_p445_s0_c0,bal
ch2_p445_s0_c0,solitude
ch2_p445_s0_c0,manoir
ch2_p445_s0_c0,danse
ch2_p445_s0_c0,couple
ch2_p445_s0_c0,fleur
ch2_p445_s0_c0,moment
ch2_p445_s0_c0,bal
ch2_p445_s0_c0,vent
ch2_p445_s0_c0,sapin
ch2_p445_s0_c0,bord
ch2_p445_s0_c0,lac
ch2_p445_s0_c0,coup
ch2_p445_s0_c0,amant
ch2_p445_s0_c0,terre
ch2_p445_s0_c1,mince
ch2_p445_s0_c1,homme
ch2_p445_s0_c1,voix
ch2_p445_s0_c1,gant
ch2_p445_s1_c0,beauté
ch2_p445_s1_c0,musique
ch2_p445_s2_c0,année
ch2_p445_s2_c0,connaisseur
ch2_p445_s2_c0,honneur
ch2_p445_s2_c0,charme
ch2_p445_s2_c0,goût
ch2_p445_s2_c0,plaisir
ch2_p445_s3_c0,mme
ch2_p445_s3_c0,cambremer
ch2_p445_s3_c0,regard
ch2_p445_s4_c0,bru
ch2_p445_s4_c0,respect
ch2_p445_s4_c0,famille
ch2_p445_s4_c0,chose
ch2_p445_s4_c0,esprit
ch2_p445_s4_c0,harmonie
ch2_p445_s4_c0,grec
ch2_p445_s4_c0,lumière
ch2_p445_s4_c0,chopin
ch2_p445_s5_c0,surveillance
ch2_p445_s5_c0,wagnérien
ch2_p445_s5_c0,groupe
ch2_p445_s5_c0,personne
ch2_p445_s5_c0,âge
ch2_p445_s5_c0,mme
ch2_p445_s5_c0,cambremer
ch2_p445_s5_c0,impression
ch2_p445_s6_c0,princesse
ch2_p445_s6_c0,laume
ch2_p445_s7_c0,nature
ch2_p445_s7_c0,musique
ch2_p445_s7_c0,an
ch2_p445_s7_c0,leçon
ch2_p445_s7_c0,professeur
ch2_p445_s7_c0,piano
ch2_p445_s7_c0,faubourg
ch2_p445_s7_c0,femme
ch2_p445_s7_c0,génie
ch2_p445_s7_c0,fin
ch2_p445_s7_c0,vie
ch2_p445_s7_c0,misère
ch2_p445_s7_c0,âge
ch2_p445_s7_c0,an
ch2_p445_s7_c0,fille
ch2_p445_s7_c0,élève
ch2_p445_s9_c0,méthode
ch2_p445_s9_c0,renaissaient
ch2_p445_s9_c0,doigt
ch2_p445_s9_c0,élève
ch2_p445_s9_c0,personne
ch2_p445_s9_c0,musique
ch2_p445_s9_c0,piano
ch2_p445_s10_c0,mme
ch2_p445_s10_c0,laume
ch2_p445_s10_c0,tête
ch2_p445_s10_c0,connaissance
ch2_p445_s10_c0,cause
ch2_p445_s10_c0,appréciation
ch2_p445_s10_c0,pianiste
ch2_p445_s10_c0,prélude
ch2_p445_s10_c0,cœur
ch2_p445_s11_c0,fin
ch2_p445_s11_c0,phrase
ch2_p445_s11_c0,lèvre
ch2_p445_s12_c0,ch
ch2_p445_s12_c0,mot
ch2_p445_s12_c0,marque
ch2_p445_s12_c0,délicatesse
ch2_p445_s12_c0,lèvre
ch2_p445_s12_c0,fleur
ch2_p445_s12_c0,regard
ch2_p445_s12_c0,moment
ch2_p445_s12_c0,sorte
ch2_p445_s12_c0,sentimentalité
ch2_p445_s12_c0,vague
ch2_p445_s13_c0,mme
ch2_p445_s13_c0,gallardon
ch2_p445_s13_c0,train
ch2_p445_s13_c0,occasion
ch2_p445_s13_c0,princesse
ch2_p445_s13_c0,laume
ch2_p445_s13_c0,leçon
ch2_p445_s13_c0,salut
ch2_p445_s14_c0,cousin
ch2_p445_s15_c0,mouvement
ch2_p445_s15_c0,tête
ch2_p445_s15_c0,mme
ch2_p445_s15_c0,franquetot
ch2_p445_s16_c0,monde
ch2_p445_s16_c0,air
ch2_p445_s16_c0,relation
ch2_p445_s16_c0,nez
ch2_p445_s16_c0,nez
ch2_p445_s16_c0,princesse
ch2_p445_s16_c0,mathilde
ch2_p445_s16_c0,contemporaine
ch2_p445_s16_c1,air
ch2_p445_s16_c1,hauteur
ch2_p445_s16_c1,réserve
ch2_p445_s16_c1,propos
ch2_p445_s16_c1,justifier
ch2_p445_s16_c1,démarche
ch2_p445_s16_c1,forcer
ch2_p445_s16_c1,princesse
ch2_p445_s16_c1,conversation
ch2_p445_s16_c1,fois
ch2_p445_s16_c1,cousin
ch2_p445_s16_c1,mme
ch2_p445_s16_c1,gallardon
ch2_p445_s16_c1,visage
ch2_p445_s16_c1,main
ch2_p445_s16_c1,carte
ch2_p445_s16_c1,mari
ch2_p445_s17_c0,voix
ch2_p445_s17_c0,prince
ch2_p445_s18_c0,princesse
ch2_p445_s18_c0,rire
ch2_p445_s18_c0,fois
ch2_p445_s18_c0,trait
ch2_p445_s18_c0,visage
ch2_p445_s18_c0,bouche
ch2_p445_s18_c0,regard
ch2_p446_s0_c0,mieux
ch2_p446_s0_c0,monde
ch2_p447_s1_c0,taille
ch2_p447_s1_c0,mine
ch2_p447_s1_c0,état
ch2_p447_s1_c0,prince
ch2_p447_s1_c0,mme
ch2_p447_s1_c0,gallardon
ch2_p447_s1_c0,cousin
ch2_p448_s0_c0,oriane
ch2_p448_s0_c0,mme
ch2_p448_s0_c0,laume
ch2_p448_s0_c0,air
ch2_p448_s0_c0,tiers
ch2_p448_s0_c0,mme
ch2_p448_s0_c0,gallardon
ch2_p448_s0_c0,prénom
ch2_p448_s0_c0,moment
ch2_p448_s0_c0,soir
ch2_p448_s0_c0,quintette
ch2_p448_s0_c0,clarinette
ch2_p448_s0_c0,mozart
ch2_p448_s1_c0,appréciation
ch2_p449_s0_c0,invitation
ch2_p449_s0_c0,service
ch2_p449_s0_c0,besoin
ch2_p449_s0_c0,avis
ch2_p449_s0_c0,princesse
ch2_p449_s0_c0,quintette
ch2_p449_s0_c0,mozart
ch2_p449_s0_c0,plat
ch2_p449_s0_c0,composition
ch2_p449_s0_c0,cuisinière
ch2_p449_s0_c0,talent
ch2_p449_s0_c0,opinion
ch2_p449_s0_c0,gourmet
ch2_p450_s0_c0,quintette
ch2_p450_s0_c0,suite
ch2_p451_s0_c0,mari
ch2_p451_s0_c0,foie
ch2_p451_s0_c0,plaisir
ch2_p451_s0_c0,mme
ch2_p451_s0_c0,gallardon
ch2_p451_s0_c0,princesse
ch2_p451_s0_c0,obligation
ch2_p451_s0_c0,charité
ch2_p451_s0_c0,soirée
ch2_p452_s0_c0,princesse
ch2_p452_s1_c0,jour
ch2_p452_s1_c0,regret
ch2_p452_s1_c0,visite
ch2_p452_s1_c0,invitation
ch2_p452_s1_c0,opéra
ch2_p452_s1_c0,partie
ch2_p452_s1_c0,campagne
ch2_p452_s1_c0,soirée
ch2_p452_s2_c0,joie
ch2_p452_s2_c0,relation
ch2_p452_s2_c0,contretemps
ch2_p452_s2_c0,concurrence
ch2_p452_s2_c0,soirée
ch2_p452_s3_c0,partie
ch2_p452_s3_c0,coterie
ch2_p452_s3_c0,guermante
ch2_p452_s3_c0,chose
ch2_p452_s3_c0,esprit
ch2_p452_s3_c0,alerte
ch2_p452_s3_c0,lieu
ch2_p452_s3_c0,sentiment
ch2_p452_s3_c0,mérimée
ch2_p452_s3_c0,expression
ch2_p452_s3_c0,théâtre
ch2_p452_s3_c0,meilhac
ch2_p452_s3_c0,halévy
ch2_p452_s3_c0,rapport
ch2_p452_s3_c0,politesse
ch2_p452_s3_c0,vérité
ch2_p452_s4_c0,maîtresse
ch2_p452_s4_c0,maison
ch2_p452_s4_c0,expression
ch2_p452_s4_c0,désir
ch2_p452_s4_c0,soirée
ch2_p452_s4_c0,fait
ch2_p453_s0_c0,ecoute
ch2_p453_s0_c0,mme
ch2_p453_s0_c0,gallardon
ch2_p453_s0_c0,soir
ch2_p453_s0_c0,amie
ch2_p453_s0_c0,jour
ch2_p453_s1_c0,théâtre
ch2_p453_s1_c0,volonté
ch2_p453_s1_c0,possibilité
ch2_p454_s0_c0,ami
ch2_p454_s0_c0,swann
ch2_p455_s0_c0,amour
ch2_p455_s0_c0,charles
ch2_p455_s0_c0,voie
ch2_p456_s0_c0,drôle
ch2_p456_s0_c0,mère
ch2_p456_s0_c0,mme
ch2_p456_s0_c0,gallardon
ch2_p456_s2_c0,juif
ch2_p456_s2_c0,sœur
ch2_p456_s2_c0,archevêque
ch2_p457_s0_c0,honte
ch2_p457_s0_c0,princesse
ch2_p457_s0_c0,laume
ch2_p458_s0_c0,parent
ch2_p458_s0_c0,grand
ch2_p458_s0_c0,parent
ch2_p458_s1_c0,converti
ch2_p458_s1_c0,religion
ch2_p458_s1_c0,frime
ch2_p459_s0_c0,lumière
ch2_p459_s0_c0,sujet
ch2_p460_s0_c0,pianiste
ch2_p460_s0_c0,morceau
ch2_p460_s0_c0,chopin
ch2_p460_s0_c0,prélude
ch2_p460_s0_c0,polonais
ch2_p460_s1_c0,mme
ch2_p460_s1_c0,gallardon
ch2_p460_s1_c0,cousin
ch2_p460_s1_c0,présence
ch2_p460_s1_c0,swann
ch2_p460_s1_c0,chopin
ch2_p460_s1_c0,œuvre
ch2_p460_s1_c0,mme
ch2_p460_s1_c0,laume
ch2_p460_s1_c0,attention
ch2_p460_s2_c0,partie
ch2_p460_s2_c0,moitié
ch2_p460_s2_c0,humanité
ch2_p460_s2_c0,curiosité
ch2_p460_s2_c0,moitié
ch2_p460_s2_c0,être
ch2_p460_s2_c0,intérêt
ch2_p460_s2_c0,être
ch2_p460_s3_c0,femme
ch2_p460_s3_c0,faubourg
ch2_p460_s3_c0,présence
ch2_p460_s3_c0,endroit
ch2_p460_s3_c0,coterie
ch2_p460_s3_c0,attention
ch2_p460_s3_c0,dépens
ch2_p460_s4_c0,moment
ch2_p460_s4_c0,espoir
ch2_p460_s4_c0,swann
ch2_p460_s4_c0,princesse
ch2_p460_s4_c0,souris
ch2_p460_s4_c0,morceau
ch2_p460_s4_c0,sucre
ch2_p460_s4_c0,figure
ch2_p460_s4_c0,signe
ch2_p460_s4_c0,connivence
ch2_p460_s4_c0,rapport
ch2_p460_s4_c0,sentiment
ch2_p460_s4_c0,polonais
ch2_p460_s4_c0,chopin
ch2_p460_s4_c0,direction
ch2_p460_s4_c0,swann
ch2_p460_s4_c0,place
ch2_p460_s4_c0,sourire
ch2_p461_s0_c0,oriane
ch2_p461_s0_c0,mme
ch2_p461_s0_c0,gallardon
ch2_p461_s0_c0,espérance
ch2_p461_s0_c0,jour
ch2_p461_s0_c0,monde
ch2_p461_s0_c0,plaisir
ch2_p461_s0_c0,chose
ch2_p461_s0_c0,swann
ch2_p462_s0_c0,princesse
ch2_p462_s0_c0,laume
ch2_p462_s0_c0,fois
ch2_p463_s0_c0,cousin
ch2_p463_s0_c0,rire
ch2_p463_s0_c0,personne
ch2_p463_s0_c0,musique
ch2_p463_s0_c0,attention
ch2_p463_s0_c0,mme
ch2_p463_s0_c0,politesse
ch2_p463_s0_c0,piano
ch2_p463_s0_c0,princesse
ch2_p463_s1_c0,mme
ch2_p463_s1_c0,mme
ch2_p463_s1_c0,laume
ch2_p463_s1_c0,train
ch2_p464_s0_c0,princesse
ch2_p465_s0_c0,coin
ch2_p465_s0_c0,chose
ch2_p466_s0_c0,moment
ch2_p467_s0_c0,moment
ch2_p468_s0_c0,mme
ch2_p468_s0_c0,fauteuil
ch2_p468_s0_c0,princesse
ch2_p470_s0_c0,intention
ch2_p470_s0_c0,simplicité
ch2_p470_s0_c0,dame
ch2_p470_s0_c0,siège
ch2_p470_s0_c0,dossier
ch2_p471_s1_c0,droite
ch2_p471_s3_c0,dieu
ch2_p471_s3_c0,bruit
ch2_p472_s0_c0,pianiste
ch2_p472_s0_c0,vitesse
ch2_p472_s0_c0,émotion
ch2_p472_s0_c0,comble
ch2_p472_s0_c0,rafraîchissement
ch2_p472_s0_c0,plateau
ch2_p472_s0_c0,cuiller
ch2_p472_s0_c0,semaine
ch2_p472_s0_c0,mme
ch2_p472_s0_c0,vît
ch2_p472_s0_c0,signe
ch2_p472_s1_c0,marié
ch2_p472_s1_c0,femme
ch2_p472_s1_c0,air
ch2_p472_s1_c0,plaisir
ch2_p472_s1_c0,oeil
ch2_p472_s1_c0,maîtresse
ch2_p472_s1_c0,maison
ch2_p472_s1_c0,regard
ch2_p472_s1_c0,reconnaissance
ch2_p472_s2_c0,calme
ch2_p472_s2_c0,mme
ch2_p472_s2_c0,franquetot
ch2_p472_s2_c0,inquiétude
ch2_p472_s2_c0,morceau
ch2_p472_s2_c0,objet
ch2_p472_s2_c0,lieu
ch2_p472_s2_c0,pianiste
ch2_p472_s2_c0,piano
ch2_p472_s2_c0,bougie
ch2_p472_s2_c0,fortissimo
ch2_p472_s2_c0,feu
ch2_p472_s2_c0,tache
ch2_p472_s2_c0,palissandre
ch2_p472_s3_c0,fin
ch2_p472_s3_c0,marche
ch2_p472_s3_c0,estrade
ch2_p472_s3_c0,piano
ch2_p472_s3_c0,bobèche
ch2_p472_s4_c0,peine
ch2_p472_s4_c0,main
ch2_p472_s4_c0,accord
ch2_p472_s4_c0,morceau
ch2_p472_s4_c0,pianiste
ch2_p472_s5_c0,initiative
ch2_p472_s5_c0,femme
ch2_p472_s5_c0,promiscuité
ch2_p472_s5_c0,instrumentiste
ch2_p472_s5_c0,impression
ch2_p473_s0_c0,princesse
ch2_p473_s0_c0,général
ch2_p473_s0_c0,froberville
ch2_p473_s0_c0,princesse
ch2_p473_s0_c0,laume
ch2_p473_s0_c0,mme
ch2_p473_s0_c0,instant
ch2_p473_s2_c0,artiste
ch2_p474_s0_c0,mme
ch2_p474_s0_c0,cambremer
ch2_p474_s0_c0,princesse
ch2_p474_s0_c0,espèce
ch2_p474_s0_c0,notion
ch2_p474_s0_c0,voisin
ch2_p474_s0_c0,campagne
ch2_p474_s0_c0,mme
ch2_p474_s0_c0,connaisse
ch2_p474_s1_c0,campagne
ch2_p474_s2_c0,société
ch2_p474_s2_c0,idée
ch2_p474_s2_c0,nom
ch2_p474_s2_c0,personne
ch2_p474_s3_c0,vie
ch2_p474_s3_c0,soirée
ch2_p474_s3_c0,mme
ch2_p474_s4_c0,musicien
ch2_p474_s4_c0,chaise
ch2_p474_s4_c0,rafraîchissement
ch2_p474_s5_c0,avouez
ch2_p474_s5_c0,invité
ch2_p474_s5_c0,belloir
ch2_p474_s6_c0,courage
ch2_p474_s6_c0,figurant
ch2_p474_s6_c0,semaine
ch2_p475_s1_c0,cambremer
ch2_p475_s1_c0,nom
ch2_p475_s1_c0,général
ch2_p476_s0_c0,mal
ch2_p476_s0_c0,princesse
ch2_p476_s0_c0,cas
ch2_p476_s0_c0,mot
ch2_p476_s0_c0,guillemet
ch2_p476_s0_c0,affectation
ch2_p476_s0_c0,dépit
ch2_p476_s0_c0,coterie
ch2_p477_s1_c0,général
ch2_p477_s1_c0,mme
ch2_p477_s1_c0,cambremer
ch2_p477_s1_c0,vue
ch2_p477_s2_c0,avis
ch2_p477_s2_c0,princesse
ch2_p478_s0_c0,femme
ch2_p478_s0_c0,contemporaine
ch2_p478_s0_c0,mme
ch2_p478_s0_c0,laume
ch2_p478_s0_c0,expression
ch2_p478_s0_c0,commune
ch2_p478_s0_c0,gallardon
ch2_p478_s0_c0,guermante
ch2_p479_s0_c0,princesse
ch2_p479_s0_c0,froberville
ch2_p479_s0_c0,mme
ch2_p479_s0_c0,cambremer
ch2_p479_s0_c0,moitié
ch2_p479_s0_c0,méchanceté
ch2_p479_s0_c0,moitié
ch2_p479_s0_c0,amabilité
ch2_p479_s0_c0,général
ch2_p479_s0_c0,mari
ch2_p479_s1_c0,cœur
ch2_p479_s1_c0,princesse
ch2_p479_s1_c0,femme
ch2_p479_s2_c0,fête
ch2_p479_s2_c0,amie
ch2_p479_s2_c0,réunion
ch2_p479_s2_c0,simplicité
ch2_p479_s2_c0,cérémonie
ch2_p479_s3_c0,basin
ch2_p479_s3_c0,ami
ch2_p479_s3_c0,nom
ch2_p479_s3_c0,pont
ch2_p479_s3_c0,iéna
ch2_p480_s0_c0,nom
ch2_p480_s0_c0,victoire
ch2_p480_s0_c0,princesse
ch2_p480_s0_c0,général
ch2_p480_s1_c0,briscard
ch2_p480_s1_c0,monocle
ch2_p480_s1_c0,pansement
ch2_p480_s1_c0,princesse
ch2_p480_s1_c0,oeil
ch2_p480_s1_c0,noblesse
ch2_p480_s1_c0,empire
ch2_p480_s1_c0,chose
ch2_p480_s1_c0,genre
ch2_p480_s1_c0,somme
ch2_p480_s1_c0,héros
ch2_p481_s0_c0,respect
ch2_p481_s0_c0,héros
ch2_p481_s0_c0,princesse
ch2_p481_s0_c0,basin
ch2_p481_s0_c0,princesse
ch2_p481_s0_c0,iéna
ch2_p481_s0_c0,connai
ch2_p481_s1_c0,basin
ch2_p481_s1_c0,chérit
ch2_p481_s3_c0,flirt
ch2_p481_s5_c0,voix
ch2_p481_s5_c0,monde
ch2_p481_s5_c0,lendemain
ch2_p481_s5_c0,jour
ch2_p481_s5_c0,prince
ch2_p481_s5_c0,laume
ch2_p481_s5_c0,cousin
ch2_p481_s6_c0,cas
ch2_p481_s6_c0,chou
ch2_p481_s7_c0,maison
ch2_p481_s7_c0,meuble
ch2_p481_s7_c0,empire
ch2_p482_s0_c0,princesse
ch2_p482_s0_c0,mobilier
ch2_p482_s0_c0,grand
ch2_p482_s0_c0,parent
ch2_p483_s1_c0,chose
ch2_p483_s1_c0,chose
ch2_p483_s3_c0,pompier
ch2_p483_s3_c0,style
ch2_p483_s3_c0,commode
ch2_p483_s3_c0,tête
ch2_p483_s3_c0,cygne
ch2_p483_s3_c0,baignoire
ch2_p484_s0_c0,chose
ch2_p484_s0_c0,table
ch2_p484_s0_c0,mosaïque
ch2_p484_s0_c0,traité
ch2_p485_s1_c0,chose
ch2_p485_s1_c0,point
ch2_p485_s1_c0,vue
ch2_p485_s1_c0,histoire
ch2_p485_s3_c0,chose
ch2_p485_s3_c0,basin
ch2_p485_s3_c0,montesquiou
ch2_p485_s4_c0,grenier
ch2_p485_s4_c0,guermante
ch2_p485_s5_c0,question
ch2_p485_s5_c0,basin
ch2_p485_s5_c0,milieu
ch2_p485_s5_c0,sphinx
ch2_p485_s5_c0,cuivre
ch2_p485_s5_c0,connai
ch2_p485_s6_c0,puéril
ch2_p485_s8_c0,voyez
ch2_p485_s10_c0,princesse
ch2_p486_s0_c0,coquetterie
ch2_p486_s0_c0,supposition
ch2_p486_s0_c0,regard
ch2_p486_s0_c0,général
ch2_p486_s0_c0,expression
ch2_p487_s1_c0,princesse
ch2_p487_s1_c0,joie
ch2_p488_s1_c0,vivacité
ch2_p488_s1_c0,air
ch2_p488_s1_c0,dame
ch2_p488_s1_c0,france
ch2_p488_s1_c0,plaisir
ch2_p488_s1_c0,général
ch2_p488_s5_c0,juge
ch2_p488_s5_c0,personne
ch2_p488_s6_c0,ami
ch2_p488_s6_c0,héroïsme
ch2_p488_s6_c0,format
ch2_p488_s6_c0,monde
ch2_p488_s7_c0,dîner
ch2_p488_s7_c0,bras
ch2_p488_s7_c0,spartacus
ch2_p488_s7_c0,table
ch2_p488_s7_c0,vercingétorix
ch2_p488_s7_c0,signe
ch2_p488_s8_c0,soirée
ch2_p489_s1_c0,princesse
ch2_p489_s1_c0,prune
ch2_p489_s2_c0,possédez
ch2_p489_s2_c0,esprit
ch2_p489_s2_c0,guermante
ch2_p490_s0_c0,esprit
ch2_p490_s0_c0,guermante
ch2_p490_s1_c0,éclat
ch2_p490_s1_c0,rire
ch2_p490_s1_c0,trait
ch2_p490_s1_c0,visage
ch2_p490_s1_c0,réseau
ch2_p490_s1_c0,animation
ch2_p490_s1_c0,oeil
ch2_p490_s1_c0,ensoleillement
ch2_p490_s1_c0,gaîté
ch2_p490_s1_c0,pouvoir
ch2_p490_s1_c0,propos
ch2_p490_s1_c0,princesse
ch2_p490_s1_c0,louange
ch2_p490_s1_c0,esprit
ch2_p490_s1_c0,beauté
ch2_p490_s2_c0,swann
ch2_p490_s2_c0,air
ch2_p490_s2_c0,cambremer
ch2_p490_s2_c0,côté
ch2_p490_s2_c0,mère
ch2_p490_s3_c0,demandez
ch2_p491_s0_c0,mine
ch2_p491_s1_c0,général
ch2_p492_s0_c0,charles
ch2_p493_s0_c0,swann
ch2_p493_s0_c0,princesse
ch2_p493_s0_c0,laume
ch2_p493_s0_c0,vue
ch2_p493_s0_c0,terre
ch2_p493_s0_c0,combray
ch2_p493_s0_c0,pays
ch2_p493_s0_c0,odette
ch2_p493_s1_c0,forme
ch2_p493_s1_c0,princesse
ch2_p493_s1_c0,instant
ch2_p493_s1_c0,milieu
ch2_p493_s1_c0,part
ch2_p493_s1_c0,nostalgie
ch2_p493_s1_c0,campagne
ch2_p494_s1_c0,cantonade
ch2_p494_s1_c0,fois
ch2_p494_s1_c0,mme
ch2_p494_s1_c0,mme
ch2_p494_s1_c0,laume
ch2_p494_s1_c0,charmante
ch2_p494_s1_c0,princesse
ch2_p494_s2_c0,guermante
ch2_p494_s2_c0,assise
ch2_p494_s2_c0,liszt
ch2_p494_s2_c0,temps
ch2_p494_s2_c0,mésange
ch2_p494_s2_c0,tête
ch2_p494_s2_c0,fruit
ch2_p494_s2_c0,prunier
ch2_p494_s2_c0,oiseau
ch2_p494_s2_c0,aubépine
ch2_p494_s2_c0,goutte
ch2_p494_s2_c0,rosée
ch2_p494_s2_c0,gelée
ch2_p494_s2_c0,duchesse
ch2_p494_s3_c0,princesse
ch2_p495_s0_c0,princesse
ch2_p495_s0_c0,guermante
ch2_p495_s2_c0,mme
ch2_p495_s2_c0,tour
ch2_p495_s2_c0,esprit
ch2_p495_s2_c0,swann
ch2_p495_s3_c0,coiffure
ch2_p495_s3_c0,princesse
ch2_p495_s3_c0,châtaigne
ch2_p495_s4_c0,idée
ch2_p495_s4_c0,princesse
ch2_p495_s4_c0,programme
ch2_p495_s5_c0,musicien
ch2_p496_s0_c0,swann
ch2_p496_s0_c0,femme
ch2_p496_s0_c0,habitude
ch2_p496_s0_c0,langage
ch2_p496_s0_c0,chose
ch2_p496_s0_c0,monde
ch2_p496_s0_c0,mme
ch2_p496_s0_c0,métaphore
ch2_p496_s1_c0,princesse
ch2_p496_s1_c0,rire
ch2_p496_s1_c0,éclat
ch2_p496_s1_c0,esprit
ch2_p496_s1_c0,swann
ch2_p496_s1_c0,coterie
ch2_p496_s1_c0,compliment
ch2_p496_s1_c0,grâce
ch2_p496_s1_c0,drôlerie
ch2_p497_s1_c0,charles
ch2_p497_s1_c0,fruit
ch2_p497_s1_c0,aubépine
ch2_p497_s2_c0,cambremer
ch2_p497_s2_c0,voisin
ch2_p497_s2_c0,campagne
ch2_p498_s0_c0,mme
ch2_p498_s0_c0,princesse
ch2_p498_s0_c0,air
ch2_p498_s0_c0,swann
ch2_p499_s0_c0,être
ch2_p499_s0_c0,princesse
ch2_p500_s0_c0,campagne
ch2_p500_s1_c0,place
ch2_p501_s0_c0,cambremer
ch2_p501_s0_c0,parent
ch2_p501_s0_c0,demoiselle
ch2_p501_s0_c0,legrandin
ch2_p501_s0_c0,combray
ch2_p501_s1_c0,comtesse
ch2_p501_s1_c0,combray
ch2_p501_s1_c0,chapitre
ch2_p501_s1_c0,redevance
ch2_p502_s0_c0,chapitre
ch2_p502_s0_c0,franc
ch2_p502_s0_c0,an
ch2_p502_s0_c0,curé
ch2_p502_s1_c0,cambremer
ch2_p502_s1_c0,nom
ch2_p502_s2_c0,temps
ch2_p503_s0_c0,swann
ch2_p504_s0_c0,abréviation
ch2_p505_s0_c0,colère
ch2_p505_s0_c0,bout
ch2_p505_s0_c0,mot
ch2_p506_s0_c0,fois
ch2_p506_s1_c0,train
ch2_p506_s1_c0,plaisanterie
ch2_p506_s1_c0,goût
ch2_p506_s1_c0,charles
ch2_p506_s1_c0,câlin
ch2_p506_s2_c0,idiot
ch2_p506_s2_c0,froberville
ch2_p506_s2_c0,nom
ch2_p506_s2_c0,cambremer
ch2_p506_s3_c0,avouez
ch2_p506_s3_c0,vie
ch2_p506_s3_c0,chose
ch2_p507_s0_c0,doute
ch2_p507_s1_c0,swann
ch2_p507_s1_c0,princesse
ch2_p507_s1_c0,manière
ch2_p507_s1_c0,chose
ch2_p507_s1_c0,cause
ch2_p507_s1_c0,analogie
ch2_p507_s1_c0,prononciation
ch2_p507_s2_c0,ressemblance
ch2_p507_s2_c0,voix
ch2_p507_s3_c0,pensée
ch2_p507_s3_c0,propos
ch2_p507_s3_c0,swann
ch2_p507_s3_c0,sonorité
ch2_p507_s3_c0,moustache
ch2_p507_s3_c0,compte
ch2_p507_s3_c0,phrase
ch2_p507_s3_c0,inflexion
ch2_p507_s3_c0,tour
ch2_p507_s3_c0,coterie
ch2_p507_s4_c0,chose
ch2_p507_s4_c0,swann
ch2_p507_s4_c0,princesse
ch2_p507_s4_c0,idée
ch2_p507_s5_c0,swann
ch2_p507_s5_c0,espèce
ch2_p507_s5_c0,frisson
ch2_p507_s5_c0,moment
ch2_p507_s5_c0,besoin
ch2_p507_s5_c0,chagrin
ch2_p507_s5_c0,assassin
ch2_p507_s5_c0,crime
ch2_p507_s6_c0,princesse
ch2_p507_s6_c0,vie
ch2_p507_s6_c0,chose
ch2_p507_s6_c0,douceur
ch2_p507_s6_c0,odette
ch2_p508_s1_c0,vie
ch2_p508_s1_c0,chose
ch2_p508_s2_c0,amie
ch2_p508_s3_c0,gentil
ch2_p508_s4_c0,soirée
ch2_p509_s0_c0,guermante
ch2_p509_s0_c0,joie
ch2_p509_s1_c0,pays
ch2_p509_s1_c0,horreur
ch2_p509_s1_c0,pays
ch2_p510_s0_c0,swann
ch2_p510_s0_c0,moment
ch2_p510_s0_c0,pays
ch2_p510_s1_c0,chose
ch2_p510_s2_c0,souffle
ch2_p510_s2_c0,air
ch2_p510_s2_c0,blé
ch2_p510_s2_c0,maison
ch2_p510_s2_c0,bord
ch2_p510_s2_c0,eau
ch2_p511_s1_c0,charles
ch2_p511_s1_c0,garde
ch2_p511_s1_c0,rampillon
ch2_p511_s1_c0,vue
ch2_p511_s1_c0,fille
ch2_p511_s1_c0,amant
ch2_p511_s1_c0,ensemble
ch2_p511_s3_c0,prince
ch2_p511_s3_c0,air
ch2_p511_s3_c0,bérénice
ch2_p511_s3_c0,dîner
ch2_p511_s5_c0,charles
ch2_p511_s5_c0,fois
ch2_p511_s5_c0,princesse
ch2_p511_s5_c0,parme
ch2_p511_s5_c0,basin
ch2_p511_s6_c0,mémé
ch2_p512_s0_c0,swann
ch2_p512_s0_c0,charlus
ch2_p512_s0_c0,mme
ch2_p512_s0_c0,princesse
ch2_p512_s0_c0,parme
ch2_p512_s0_c0,mot
ch2_p512_s0_c0,temps
ch2_p512_s0_c0,soirée
ch2_p512_s0_c0,concierge
ch2_p512_s1_c0,swann
ch2_p512_s1_c0,soir
ch2_p512_s1_c0,mme
ch2_p512_s1_c0,laume
ch2_p512_s1_c0,mari
ch2_p512_s1_c0,gentil
ch2_p512_s1_c0,air
ch2_p512_s2_c0,dîner
ch2_p512_s2_c0,jour
ch2_p512_s3_c0,fond
ch2_p512_s3_c0,homme
ch2_p512_s3_c0,intelligence
ch2_p512_s3_c0,genre
ch2_p512_s3_c0,sagesse
ch2_p512_s3_c0,homme
ch2_p512_s3_c0,esprit
ch2_p512_s3_c0,valût
ch2_p512_s3_c0,peine
ch2_p512_s3_c0,choléra
ch2_p512_s3_c0,bacille
ch2_p512_s3_c0,virgule
ch2_p513_s0_c0,swann
ch2_p513_s0_c0,moment
ch2_p513_s0_c0,général
ch2_p513_s0_c0,froberville
ch2_p513_s0_c0,mme
ch2_p513_s0_c0,cambremer
ch2_p513_s0_c0,salon
ch2_p514_s0_c0,dite
ch2_p514_s0_c0,swann
ch2_p514_s0_c0,mari
ch2_p514_s0_c0,femme
ch2_p514_s0_c0,sauvage
ch2_p515_s0_c0,mot
ch2_p515_s0_c0,sauvage
ch2_p515_s0_c0,cœur
ch2_p515_s0_c0,swann
ch2_p515_s0_c0,besoin
ch2_p515_s0_c0,conversation
ch2_p515_s0_c0,général
ch2_p516_s1_c0,vie
ch2_p516_s1_c0,navigateur
ch2_p516_s1_c0,dumont
ch2_p516_s1_c0,urville
ch2_p516_s1_c0,cendre
ch2_p516_s1_c0,pérouse
ch2_p516_s1_c0,swann
ch2_p516_s1_c0,odette
ch2_p516_s2_c0,caractère
ch2_p516_s2_c0,pérouse
ch2_p516_s2_c0,air
ch2_p517_s1_c0,pérouse
ch2_p517_s1_c0,général
ch2_p517_s2_c0,nom
ch2_p517_s3_c0,rue
ch2_p518_s0_c0,rue
ch2_p518_s0_c0,pérouse
ch2_p518_s1_c0,swann
ch2_p518_s1_c0,air
ch2_p519_s0_c0,mme
ch2_p519_s0_c0,chanlivault
ch2_p519_s0_c0,sœur
ch2_p519_s0_c0,brave
ch2_p519_s0_c0,chaussepierre
ch2_p519_s1_c0,soirée
ch2_p519_s1_c0,comédie
ch2_p519_s1_c0,jour
ch2_p519_s2_c0,salon
ch2_p519_s2_c0,jour
ch2_p520_s1_c0,rue
ch2_p520_s1_c0,pérouse
ch2_p520_s2_c0,rue
ch2_p521_s0_c0,temps
ch2_p521_s0_c0,quartier
ch2_p522_s0_c0,swann
ch2_p522_s0_c0,froberville
ch2_p522_s0_c0,mme
ch2_p522_s0_c0,cambremer
ch2_p522_s0_c0,fois
ch2_p522_s0_c0,nom
ch2_p522_s0_c0,général
ch2_p522_s0_c0,sourire
ch2_p522_s0_c0,joie
ch2_p522_s0_c0,surprise
ch2_p522_s0_c0,ami
ch2_p522_s0_c0,famille
ch2_p522_s0_c1,preuve
ch2_p522_s0_c1,tact
ch2_p522_s0_c1,air
ch2_p522_s0_c1,main
ch2_p522_s0_c1,air
ch2_p522_s0_c1,réserve
ch2_p522_s0_c1,sympathie
ch2_p522_s1_c0,beau
ch2_p522_s1_c0,parent
ch2_p522_s1_c0,france
ch2_p522_s1_c0,ange
ch2_p522_s1_c0,fils
ch2_p522_s1_c0,attrait
ch2_p522_s1_c0,qualité
ch2_p522_s1_c0,fortune
ch2_p523_s0_c0,âme
ch2_p523_s0_c0,monsieur
ch2_p523_s0_c0,général
ch2_p523_s0_c0,allusion
ch2_p523_s0_c0,incident
ch2_p523_s0_c0,bobèche
ch2_p524_s0_c0,concert
ch2_p524_s0_c0,swann
ch2_p524_s0_c0,fin
ch2_p524_s0_c0,numéro
ch2_p524_s0_c0,programme
ch2_p524_s1_c0,milieu
ch2_p524_s1_c0,bêtise
ch2_p524_s1_c0,amour
ch2_p524_s1_c0,chose
ch2_p524_s1_c0,enfantillage
ch2_p524_s1_c0,folie
ch2_p524_s1_c0,aspect
ch2_p524_s1_c0,état
ch2_p524_s1_c1,extérieur
ch2_p524_s1_c1,réalité
ch2_p524_s1_c1,point
ch2_p524_s1_c1,instrument
ch2_p524_s1_c1,envie
ch2_p524_s1_c1,exil
ch2_p524_s1_c1,lieu
ch2_p524_s1_c1,odette
ch2_p525_s0_c0,coup
ch2_p525_s0_c0,apparition
ch2_p525_s0_c0,souffrance
ch2_p525_s0_c0,main
ch2_p525_s0_c0,cœur
ch2_p525_s1_c0,violon
ch2_p525_s1_c0,note
ch2_p525_s1_c0,attente
ch2_p525_s1_c0,attente
ch2_p525_s1_c0,exaltation
ch2_p525_s1_c0,objet
ch2_p525_s1_c0,attente
ch2_p525_s1_c0,effort
ch2_p525_s1_c0,arrivée
ch2_p525_s1_c1,moment
ch2_p525_s1_c1,force
ch2_p525_s1_c1,chemin
ch2_p525_s2_c0,swann
ch2_p525_s2_c0,temps
ch2_p525_s2_c0,phrase
ch2_p525_s2_c0,sonate
ch2_p525_s2_c0,vinteuil
ch2_p525_s3_c0,souvenir
ch2_p525_s3_c0,temps
ch2_p525_s3_c0,odette
ch2_p525_s3_c0,éprise
ch2_p525_s3_c0,jour
ch2_p525_s3_c0,profondeur
ch2_p525_s3_c0,brusque
ch2_p525_s3_c0,rayon
ch2_p525_s3_c0,temps
ch2_p525_s3_c0,amour
ch2_p525_s3_c0,revenu
ch2_p525_s3_c0,aile
ch2_p525_s3_c0,pitié
ch2_p525_s3_c0,infortune
ch2_p525_s3_c0,refrain
ch2_p525_s3_c0,bonheur
ch2_p526_s0_c0,lieu
ch2_p526_s0_c0,expression
ch2_p526_s0_c0,temps
ch2_p526_s0_c0,temps
ch2_p526_s0_c0,intelligence
ch2_p526_s0_c0,passé
ch2_p526_s0_c0,extrait
ch2_p526_s0_c0,bonheur
ch2_p526_s0_c0,essence
ch2_p526_s0_c0,pétale
ch2_p526_s0_c0,chrysanthème
ch2_p526_s0_c0,voiture
ch2_p526_s0_c1,lèvre
ch2_p526_s0_c1,adresse
ch2_p526_s0_c1,relief
ch2_p526_s0_c1,maison
ch2_p526_s0_c1,lettre
ch2_p526_s0_c1,lire
ch2_p526_s0_c1,main
ch2_p526_s0_c1,rapprochement
ch2_p526_s0_c1,sourcil
ch2_p526_s0_c1,air
ch2_p526_s0_c1,signe
ch2_p526_s1_c0,odeur
ch2_p526_s1_c0,fer
ch2_p526_s1_c0,coiffeur
ch2_p526_s1_c0,brosse
ch2_p526_s1_c0,lorédan
ch2_p526_s1_c0,pluie
ch2_p526_s1_c0,orage
ch2_p526_s1_c0,printemps
ch2_p526_s1_c0,victoria
ch2_p526_s1_c0,clair
ch2_p526_s1_c0,lune
ch2_p526_s1_c0,maille
ch2_p526_s1_c0,habitude
ch2_p526_s1_c0,impression
ch2_p526_s1_c0,création
ch2_p526_s1_c0,suite
ch2_p526_s1_c0,semaine
ch2_p526_s1_c0,réseau
ch2_p526_s1_c0,corps
ch2_p526_s2_c0,moment
ch2_p526_s2_c0,curiosité
ch2_p526_s2_c0,plaisir
ch2_p526_s2_c0,amour
ch2_p526_s3_c0,douleur
ch2_p526_s3_c0,charme
ch2_p526_s3_c0,odette
ch2_p526_s3_c0,chose
ch2_p526_s3_c0,terreur
ch2_p526_s3_c0,trouble
ch2_p526_s3_c0,halo
ch2_p526_s3_c0,angoisse
ch2_p526_s3_c0,moment
ch2_p526_s4_c0,accent
ch2_p526_s6_c0,intérêt
ch2_p526_s6_c0,curiosité
ch2_p526_s6_c0,vie
ch2_p526_s6_c0,désir
ch2_p526_s6_c0,faveur
ch2_p526_s6_c0,contraire
ch2_p526_s6_c0,temps
ch2_p526_s6_c0,cause
ch2_p526_s6_c0,dérangement
ch2_p526_s6_c0,verdurin
ch2_p526_s6_c0,fois
ch2_p526_s6_c0,mois
ch2_p526_s6_c1,délice
ch2_p526_s6_c1,habitude
ch2_p526_s6_c1,jour
ch2_p526_s6_c1,tracas
ch2_p526_s6_c1,dégoût
ch2_p526_s6_c1,besoin
ch2_p526_s7_c0,fois
ch2_p526_s7_c0,vue
ch2_p526_s7_c0,galanterie
ch2_p526_s7_c0,peur
ch2_p526_s9_c0,restaurant
ch2_p526_s9_c0,hôtel
ch2_p526_s9_c0,papier
ch2_p526_s9_c0,nom
ch2_p526_s9_c0,lettre
ch2_p526_s9_c0,feu
ch2_p526_s10_c0,hôtel
ch2_p526_s14_c0,bec
ch2_p526_s14_c0,gaz
ch2_p526_s14_c0,boulevard
ch2_p526_s14_c0,italien
ch2_p526_s14_c0,espoir
ch2_p526_s14_c0,ombre
ch2_p526_s14_c0,nuit
ch2_p526_s14_c0,nuit
ch2_p526_s14_c0,temps
ch2_p526_s14_c0,retrouvant
ch2_p526_s14_c0,joie
ch2_p526_s14_c1,monde
ch2_p526_s14_c1,porte
ch2_p526_s15_c0,swann
ch2_p526_s15_c0,face
ch2_p526_s15_c0,bonheur
ch2_p526_s15_c0,malheureux
ch2_p526_s15_c0,pitié
ch2_p526_s15_c0,suite
ch2_p526_s15_c0,oeil
ch2_p526_s15_c0,larme
ch2_p527_s0_c0,pitié
ch2_p527_s0_c0,idée
ch2_p527_s0_c0,amour
ch2_p527_s0_c0,pétale
ch2_p527_s0_c0,chrysanthème
ch2_p527_s0_c0,tête
ch2_p527_s0_c0,maison
ch2_p527_s1_c0,souffrance
ch2_p527_s1_c0,main
ch2_p527_s1_c0,front
ch2_p527_s1_c0,monocle
ch2_p527_s1_c0,verre
ch2_p527_s2_c0,doute
ch2_p527_s2_c0,moment
ch2_p527_s2_c0,collection
ch2_p527_s2_c0,monocle
ch2_p527_s2_c0,pensée
ch2_p527_s2_c0,face
ch2_p527_s2_c0,mouchoir
ch2_p527_s2_c0,souci
ch2_p528_s0_c0,violon
ch2_p528_s0_c0,instrument
ch2_p528_s0_c0,image
ch2_p528_s0_c0,sonorité
ch2_p528_s0_c0,accent
ch2_p528_s0_c0,voix
ch2_p528_s0_c0,contralto
ch2_p528_s0_c0,illusion
ch2_p528_s0_c0,chanteur
ch2_p528_s0_c0,concert
ch2_p528_s1_c0,oeil
ch2_p528_s1_c0,étui
ch2_p528_s1_c0,boîte
ch2_p528_s1_c0,moment
ch2_p528_s1_c0,appel
ch2_p528_s1_c0,sirène
ch2_p528_s1_c0,génie
ch2_p528_s1_c0,débat
ch2_p528_s1_c0,fond
ch2_p528_s1_c0,boîte
ch2_p528_s1_c0,diable
ch2_p528_s1_c0,bénitier
ch2_p528_s1_c0,air
ch2_p528_s1_c0,message
ch2_p529_s0_c0,instrumentiste
ch2_p529_s0_c0,phrase
ch2_p529_s0_c0,rite
ch2_p529_s0_c0,incantation
ch2_p529_s0_c0,instant
ch2_p529_s0_c0,prodige
ch2_p529_s0_c0,évocation
ch2_p529_s0_c0,swann
ch2_p529_s0_c0,monde
ch2_p529_s0_c0,rafraîchissement
ch2_p529_s0_c0,métamorphose
ch2_p529_s0_c0,cécité
ch2_p529_s0_c0,momentanée
ch2_p529_s0_c1,swann
ch2_p529_s0_c1,déesse
ch2_p529_s0_c1,amour
ch2_p529_s0_c1,foule
ch2_p529_s0_c1,écart
ch2_p529_s0_c1,déguisement
ch2_p529_s0_c1,apparence
ch2_p529_s1_c0,parfum
ch2_p529_s1_c0,mot
ch2_p529_s1_c0,lèvre
ch2_p529_s1_c0,mouvement
ch2_p529_s1_c0,passage
ch2_p529_s1_c0,corps
ch2_p529_s2_c0,odette
ch2_p529_s3_c0,impression
ch2_p529_s3_c0,odette
ch2_p529_s3_c0,phrase
ch2_p529_s4_c0,témoin
ch2_p529_s4_c0,joie
ch2_p529_s5_c0,fragilité
ch2_p529_s6_c0,temps
ch2_p529_s6_c0,souffrance
ch2_p529_s6_c0,sourire
ch2_p529_s6_c0,intonation
ch2_p529_s6_c0,grâce
ch2_p529_s6_c0,résignation
ch2_p529_s7_c0,chagrin
ch2_p529_s7_c0,cours
ch2_p529_s7_c0,chagrin
ch2_p529_s7_c0,espérance
ch2_p529_s7_c0,jadi
ch2_p529_s7_c0,bonheur
ch2_p529_s9_c0,pensée
ch2_p529_s9_c0,swann
ch2_p529_s9_c0,fois
ch2_p529_s9_c0,élan
ch2_p529_s9_c0,pitié
ch2_p529_s9_c0,tendresse
ch2_p529_s9_c0,vinteuil
ch2_p529_s9_c0,frère
ch2_p529_s9_c0,vie
ch2_p529_s10_c0,fond
ch2_p529_s10_c0,douleur
ch2_p529_s10_c0,force
ch2_p529_s10_c0,dieu
ch2_p529_s10_c0,puissance
ch2_p529_s11_c0,phrase
ch2_p529_s11_c0,vanité
ch2_p529_s11_c0,souffrance
ch2_p529_s11_c0,swann
ch2_p529_s11_c0,douceur
ch2_p529_s11_c0,sagesse
ch2_p529_s11_c0,heure
ch2_p529_s11_c0,visage
ch2_p529_s11_c0,indifférent
ch2_p529_s11_c0,amour
ch2_p529_s11_c0,divagation
ch2_p529_s11_c0,importance
ch2_p529_s12_c0,phrase
ch2_p529_s12_c0,contraire
ch2_p529_s12_c0,opinion
ch2_p529_s12_c0,durée
ch2_p529_s12_c0,état
ch2_p529_s12_c0,âme
ch2_p529_s12_c0,chose
ch2_p529_s12_c0,vie
ch2_p529_s12_c0,contraire
ch2_p529_s12_c0,supérieur
ch2_p529_s12_c0,peine
ch2_p529_s13_c0,charme
ch2_p529_s13_c0,tristesse
ch2_p529_s13_c0,essence
ch2_p529_s13_c0,phrase
ch2_p529_s14_c0,prix
ch2_p529_s14_c0,douceur
ch2_p529_s14_c0,assistant
ch2_p529_s14_c0,vie
ch2_p529_s14_c0,amour
ch2_p529_s15_c0,doute
ch2_p529_s15_c0,forme
ch2_p529_s15_c0,raisonnement
ch2_p529_s16_c0,année
ch2_p529_s16_c0,richesse
ch2_p529_s16_c0,âme
ch2_p529_s16_c0,amour
ch2_p529_s16_c0,musique
ch2_p529_s16_c0,temps
ch2_p529_s16_c0,swann
ch2_p529_s16_c0,motif
ch2_p529_s16_c0,idée
ch2_p529_s16_c0,monde
ch2_p529_s16_c0,ordre
ch2_p529_s16_c0,idée
ch2_p529_s16_c0,ténèbre
ch2_p529_s16_c0,intelligence
ch2_p529_s16_c0,valeur
ch2_p529_s16_c0,signification
ch2_p529_s17_c0,soirée
ch2_p529_s17_c0,verdurin
ch2_p529_s17_c0,phrase
ch2_p529_s17_c0,parfum
ch2_p529_s17_c0,caresse
ch2_p529_s17_c1,compte
ch2_p529_s17_c1,écart
ch2_p529_s17_c1,note
ch2_p529_s17_c1,rappel
ch2_p529_s17_c1,impression
ch2_p529_s17_c1,douceur
ch2_p529_s17_c1,réalité
ch2_p529_s17_c1,phrase
ch2_p529_s17_c1,valeur
ch2_p529_s17_c1,commodité
ch2_p529_s17_c1,intelligence
ch2_p529_s17_c1,mystérieuse
ch2_p529_s17_c1,entité
ch2_p529_s17_c1,verdurin
ch2_p529_s17_c2,soirée
ch2_p529_s17_c2,fois
ch2_p529_s17_c2,sonate
ch2_p529_s18_c0,souvenir
ch2_p529_s18_c0,piano
ch2_p529_s18_c0,plan
ch2_p529_s18_c0,chose
ch2_p529_s18_c0,musique
ch2_p529_s18_c0,champ
ch2_p529_s18_c0,musicien
ch2_p529_s18_c0,clavier
ch2_p529_s18_c0,note
ch2_p529_s18_c0,clavier
ch2_p529_s18_c0,ténèbre
ch2_p529_s18_c0,million
ch2_p529_s18_c0,touche
ch2_p529_s18_c0,tendresse
ch2_p529_s18_c0,passion
ch2_p529_s18_c0,courage
ch2_p529_s18_c0,sérénité
ch2_p529_s18_c1,univers
ch2_p529_s18_c1,univers
ch2_p529_s18_c1,artiste
ch2_p529_s18_c1,service
ch2_p529_s18_c1,correspondant
ch2_p529_s18_c1,thème
ch2_p529_s18_c1,richesse
ch2_p529_s18_c1,variété
ch2_p529_s18_c1,insu
ch2_p529_s18_c1,nuit
ch2_p529_s18_c1,âme
ch2_p529_s18_c1,vide
ch2_p529_s18_c1,néant
ch2_p529_s19_c0,vinteuil
ch2_p529_s19_c0,musicien
ch2_p529_s20_c0,phrase
ch2_p529_s20_c0,raison
ch2_p529_s20_c0,surface
ch2_p529_s20_c0,contenu
ch2_p529_s20_c0,explicite
ch2_p529_s20_c0,force
ch2_p529_s20_c0,plain
ch2_p529_s20_c0,pied
ch2_p529_s20_c0,idée
ch2_p529_s20_c0,intelligence
ch2_p529_s21_c0,swann
ch2_p529_s21_c0,conception
ch2_p529_s21_c0,amour
ch2_p529_s21_c0,bonheur
ch2_p529_s21_c0,princesse
ch2_p529_s21_c0,clèves
ch2_p529_s21_c0,rené
ch2_p529_s21_c0,nom
ch2_p529_s21_c0,mémoire
ch2_p529_s22_c0,phrase
ch2_p529_s22_c0,esprit
ch2_p529_s22_c0,titre
ch2_p529_s22_c0,notion
ch2_p529_s22_c0,équivalent
ch2_p529_s22_c0,notion
ch2_p529_s22_c0,lumière
ch2_p529_s22_c0,relief
ch2_p529_s22_c0,volupté
ch2_p529_s22_c0,possession
ch2_p529_s22_c0,domaine
ch2_p529_s23_c0,néant
ch2_p529_s24_c0,ayon
ch2_p529_s24_c0,objet
ch2_p529_s24_c0,exemple
ch2_p529_s24_c0,lumière
ch2_p529_s24_c0,lampe
ch2_p529_s24_c0,objet
ch2_p529_s24_c0,chambre
ch2_p529_s24_c0,souvenir
ch2_p529_s24_c0,obscurité
ch2_p529_s25_c0,phrase
ch2_p529_s25_c0,vinteuil
ch2_p529_s25_c0,thème
ch2_p529_s25_c0,tristan
ch2_p529_s25_c0,exemple
ch2_p529_s25_c0,acquisition
ch2_p529_s25_c0,condition
ch2_p529_s25_c0,chose
ch2_p529_s26_c0,sort
ch2_p529_s26_c0,avenir
ch2_p529_s26_c0,réalité
ch2_p529_s26_c0,âme
ch2_p529_s26_c0,ornement
ch2_p529_s26_c0,particulier
ch2_p529_s26_c0,mieux
ch2_p529_s27_c0,néant
ch2_p529_s27_c0,vrai
ch2_p529_s27_c0,rêve
ch2_p529_s27_c0,phrase
ch2_p529_s27_c0,notion
ch2_p529_s27_c0,rapport
ch2_p529_s28_c0,otage
ch2_p529_s28_c0,captif
ch2_p529_s28_c0,chance
ch2_p529_s29_c0,mort
ch2_p529_s29_c0,chose
ch2_p530_s0_c0,swann
ch2_p530_s0_c0,tort
ch2_p530_s0_c0,phrase
ch2_p530_s0_c0,sonate
ch2_p530_s1_c0,point
ch2_p530_s1_c0,vue
ch2_p530_s1_c0,ordre
ch2_p530_s1_c0,créature
ch2_p530_s1_c0,vue
ch2_p530_s1_c0,ravissement
ch2_p530_s1_c0,explorateur
ch2_p530_s1_c0,monde
ch2_p530_s1_c0,accès
ch2_p530_s1_c0,instant
ch2_p530_s2_c0,vinteuil
ch2_p530_s2_c0,phrase
ch2_p530_s3_c0,swann
ch2_p530_s3_c0,compositeur
ch2_p530_s3_c0,instrument
ch2_p530_s3_c0,musique
ch2_p530_s3_c0,dessin
ch2_p530_s3_c0,main
ch2_p530_s3_c0,moment
ch2_p530_s3_c0,ombre
ch2_p530_s3_c0,piste
ch2_p530_s4_c0,preuve
ch2_p530_s4_c0,swann
ch2_p530_s4_c0,existence
ch2_p530_s4_c0,phrase
ch2_p530_s4_c0,amateur
ch2_p530_s4_c0,fin
ch2_p530_s4_c0,suite
ch2_p530_s4_c0,aperçu
ch2_p530_s4_c0,imposture
ch2_p530_s4_c0,vinteuil
ch2_p530_s4_c0,puissance
ch2_p530_s4_c0,forme
ch2_p530_s4_c0,trait
ch2_p530_s4_c0,cru
ch2_p530_s4_c0,lacune
ch2_p530_s4_c0,vision
ch2_p530_s4_c0,défaillance
ch2_p530_s4_c0,main
ch2_p531_s1_c0,swann
ch2_p531_s1_c0,fin
ch2_p531_s1_c0,mouvement
ch2_p531_s1_c0,morceau
ch2_p531_s1_c0,pianiste
ch2_p531_s1_c0,mme
ch2_p531_s1_c0,verdurin
ch2_p531_s2_c0,idée
ch2_p531_s2_c0,swann
ch2_p531_s2_c0,audition
ch2_p531_s2_c0,vestiaire
ch2_p531_s2_c0,mémoire
ch2_p531_s2_c0,déguisement
ch2_p531_s2_c0,nouveauté
ch2_p531_s3_c0,swann
ch2_p531_s3_c0,thème
ch2_p531_s3_c0,composition
ch2_p531_s3_c0,phrase
ch2_p531_s3_c0,prémisse
ch2_p531_s3_c0,conclusion
ch2_p531_s3_c0,genèse
ch2_p531_s4_c0,lavoisier
ch2_p531_s4_c0,ampère
ch2_p531_s4_c0,audace
ch2_p531_s4_c0,vinteuil
ch2_p531_s4_c0,loi
ch2_p531_s4_c0,force
ch2_p531_s4_c0,travers
ch2_p531_s4_c0,but
ch2_p531_s4_c0,attelage
ch2_p531_s5_c0,dialogue
ch2_p531_s5_c0,swann
ch2_p531_s5_c0,piano
ch2_p531_s5_c0,violon
ch2_p531_s5_c0,morceau
ch2_p531_s6_c0,suppression
ch2_p531_s6_c0,mot
ch2_p531_s6_c0,fantaisie
ch2_p531_s6_c0,langage
ch2_p531_s6_c0,inflexiblement
ch2_p531_s6_c0,point
ch2_p531_s6_c0,pertinence
ch2_p531_s6_c0,question
ch2_p531_s6_c0,évidence
ch2_p531_s6_c0,réponse
ch2_p531_s7_c0,piano
ch2_p531_s7_c0,oiseau
ch2_p531_s7_c0,compagne
ch2_p531_s7_c0,violon
ch2_p531_s7_c0,arbre
ch2_p531_s8_c0,monde
ch2_p531_s8_c0,terre
ch2_p531_s8_c0,monde
ch2_p531_s8_c0,logique
ch2_p531_s8_c0,créateur
ch2_p531_s8_c0,sonate
ch2_p531_s9_c0,oiseau
ch2_p531_s9_c0,âme
ch2_p531_s9_c0,phrase
ch2_p531_s9_c0,fée
ch2_p531_s9_c0,piano
ch2_p531_s9_c0,plainte
ch2_p531_s10_c0,cri
ch2_p531_s10_c0,violoniste
ch2_p531_s10_c0,archet
ch2_p531_s11_c0,merveilleux
ch2_p531_s11_c0,oiseau
ch2_p531_s12_c0,violoniste
ch2_p531_s13_c0,âme
ch2_p531_s13_c0,phrase
ch2_p531_s13_c0,médium
ch2_p531_s13_c0,corps
ch2_p531_s13_c0,violoniste
ch2_p531_s14_c0,swann
ch2_p531_s14_c0,fois
ch2_p531_s15_c0,attente
ch2_p531_s15_c0,instant
ch2_p531_s15_c0,face
ch2_p531_s15_c0,sanglot
ch2_p531_s15_c0,ami
ch2_p531_s15_c0,émotion
ch2_p531_s16_c0,fois
ch2_p531_s16_c0,air
ch2_p531_s16_c0,instant
ch2_p531_s17_c0,swann
ch2_p531_s17_c0,temps
ch2_p531_s18_c0,bulle
ch2_p531_s19_c0,éclat
ch2_p531_s19_c0,moment
ch2_p531_s19_c0,couleur
ch2_p531_s19_c0,corde
ch2_p531_s19_c0,diaprée
ch2_p531_s19_c0,prisme
ch2_p531_s20_c0,swann
ch2_p531_s20_c0,personne
ch2_p531_s20_c0,mouvement
ch2_p531_s20_c0,prestige
ch2_p531_s22_c0,parole
ch2_p531_s22_c0,absent
ch2_p531_s22_c0,mort
ch2_p531_s22_c0,swann
ch2_p531_s22_c0,vinteuil
ch2_p531_s22_c0,rite
ch2_p531_s22_c0,officiant
ch2_p531_s22_c0,échec
ch2_p531_s22_c0,attention
ch2_p531_s22_c0,personne
ch2_p531_s22_c0,estrade
ch2_p531_s22_c0,âme
ch2_p531_s22_c0,autel
ch2_p531_s22_c0,cérémonie
ch2_p531_s23_c0,sorte
ch2_p531_s23_c0,phrase
ch2_p531_s23_c0,défaite
ch2_p531_s23_c0,lambeau
ch2_p531_s23_c0,motif
ch2_p531_s23_c0,place
ch2_p531_s23_c0,swann
ch2_p531_s23_c0,instant
ch2_p531_s23_c0,comtesse
ch2_p531_s23_c0,monteriender
ch2_p531_s23_c0,naïveté
ch2_p531_s23_c0,impression
ch2_p531_s23_c0,sonate
ch2_p531_s23_c0,sens
ch2_p531_s23_c0,mot
ch2_p531_s24_c0,virtuosité
ch2_p531_s24_c0,exécutant
ch2_p531_s24_c0,comtesse
ch2_p531_s24_c0,swann
ch2_p531_s24_c0,scrupule
ch2_p531_s24_c0,exactitude
ch2_p531_s24_c0,assertion
ch2_p531_s24_c0,réserve
ch2_p531_s24_c0,table
ch2_p532_s0_c0,soirée
ch2_p532_s0_c0,swann
ch2_p532_s0_c0,sentiment
ch2_p532_s0_c0,odette
ch2_p532_s0_c0,espérance
ch2_p532_s0_c0,bonheur
ch2_p532_s1_c0,jour
ch2_p532_s1_c0,hasard
ch2_p532_s1_c0,attention
ch2_p532_s1_c0,signe
ch2_p532_s1_c0,menteur
ch2_p532_s1_c0,sollicitude
ch2_p532_s1_c0,joie
ch2_p532_s1_c0,ami
ch2_p532_s1_c0,jour
ch2_p532_s1_c0,maladie
ch2_p532_s1_c0,fait
ch2_p532_s1_c1,compte
ch2_p532_s1_c1,erreur
ch2_p532_s1_c1,addition
ch2_p532_s1_c1,œuf
ch2_p532_s1_c1,plaisir
ch2_p532_s1_c1,côtelette
ch2_p532_s1_c1,signification
ch2_p532_s1_c1,veille
ch2_p532_s1_c1,mort
ch2_p532_s2_c0,doute
ch2_p532_s2_c0,swann
ch2_p532_s2_c0,odette
ch2_p532_s2_c0,sorte
ch2_p532_s2_c0,paris
ch2_p532_s2_c0,courage
ch2_p533_s0_c0,pensée
ch2_p533_s1_c0,étude
ch2_p533_s1_c0,ver
ch2_p533_s1_c0,meer
ch2_p533_s1_c0,besoin
ch2_p533_s1_c0,jour
ch2_p533_s1_c0,haye
ch2_p533_s1_c0,dresde
ch2_p533_s1_c0,brunswick
ch2_p533_s2_c0,toilette
ch2_p533_s2_c0,diane
ch2_p533_s2_c0,mauritshuis
ch2_p533_s2_c0,vente
ch2_p533_s2_c0,goldschmidt
ch2_p533_s2_c0,nicolas
ch2_p533_s2_c0,maes
ch2_p533_s2_c0,réalité
ch2_p533_s2_c0,ver
ch2_p533_s2_c0,meer
ch2_p533_s3_c0,tableau
ch2_p533_s3_c0,place
ch2_p533_s3_c0,conviction
ch2_p533_s4_c0,paris
ch2_p533_s4_c0,odette
ch2_p533_s4_c0,lieu
ch2_p533_s4_c0,sensation
ch2_p533_s4_c0,habitude
ch2_p533_s4_c0,douleur
ch2_p533_s4_c0,projet
ch2_p533_s4_c0,cesse
ch2_p533_s5_c0,dormant
ch2_p533_s5_c0,intention
ch2_p533_s5_c0,voyage
ch2_p533_s5_c0,voyage
ch2_p533_s6_c0,jour
ch2_p533_s6_c0,an
ch2_p533_s6_c0,portière
ch2_p533_s6_c0,wagon
ch2_p533_s6_c0,homme
ch2_p533_s6_c0,quai
ch2_p533_s6_c0,adieu
ch2_p533_s6_c0,swann
ch2_p533_s7_c0,train
ch2_p533_s7_c0,anxiété
ch2_p533_s7_c0,réveilla
ch2_p533_s7_c0,odette
ch2_p533_s7_c0,soir
ch2_p533_s7_c0,lendemain
ch2_p533_s7_c0,jour
ch2_p533_s8_c0,rêve
ch2_p533_s8_c0,circonstance
ch2_p533_s8_c0,grâce
ch2_p533_s8_c0,odette
ch2_p533_s8_c0,avantage
ch2_p533_s8_c0,situation
ch2_p533_s8_c0,fortune
ch2_p533_s8_c0,besoin
ch2_p533_s8_c0,rupture
ch2_p533_s8_c0,amitié
ch2_p533_s8_c0,charlus
ch2_p533_s8_c1,odette
ch2_p533_s8_c1,douceur
ch2_p533_s8_c1,manière
ch2_p533_s8_c1,ami
ch2_p533_s8_c1,estime
ch2_p533_s8_c1,intelligence
ch2_p533_s8_c1,jour
ch2_p533_s8_c1,intrigue
ch2_p533_s8_c1,présence
ch2_p533_s8_c1,odette
ch2_p533_s8_c2,besogne
ch2_p533_s8_c2,parent
ch2_p533_s8_c2,épouse
ch2_p533_s8_c2,odette
ch2_p533_s8_c2,rêve
ch2_p533_s8_c2,effroi
ch2_p533_s8_c2,bonheur
ch2_p533_s10_c0,existence
ch2_p533_s10_c0,année
ch2_p533_s10_c0,travail
ch2_p533_s10_c0,plaisir
ch2_p533_s10_c0,ami
ch2_p533_s10_c0,vie
ch2_p533_s10_c0,attente
ch2_p533_s10_c0,liaison
ch2_p533_s10_c0,rupture
ch2_p533_s10_c0,destinée
ch2_p533_s10_c0,événement
ch2_p533_s10_c1,lieu
ch2_p533_s10_c1,rêve
ch2_p533_s10_c1,départ
ch2_p533_s10_c1,malheur
ch2_p534_s0_c0,souffrance
ch2_p534_s0_c0,accident
ch2_p534_s0_c0,rue
ch2_p534_s0_c0,route
ch2_p534_s0_c0,matin
ch2_p534_s0_c0,soir
ch2_p534_s1_c0,corps
ch2_p534_s1_c0,échec
ch2_p534_s1_c0,péril
ch2_p534_s1_c0,swann
ch2_p534_s1_c0,secret
ch2_p534_s1_c0,désir
ch2_p534_s1_c0,supputé
ch2_p534_s1_c0,être
ch2_p534_s1_c0,jour
ch2_p534_s1_c0,œuvre
ch2_p534_s1_c0,mensonge
ch2_p534_s1_c0,poursuite
ch2_p534_s1_c0,plaisir
ch2_p534_s2_c0,swann
ch2_p534_s2_c0,cœur
ch2_p534_s2_c0,mahomet
ch2_p534_s2_c0,portrait
ch2_p534_s2_c0,bellini
ch2_p534_s2_c0,femme
ch2_p534_s2_c0,poignarda
ch2_p534_s2_c0,biographe
ch2_p534_s2_c0,liberté
ch2_p534_s2_c0,esprit
ch2_p534_s3_c0,souffrance
ch2_p534_s3_c0,pitié
ch2_p534_s3_c0,marché
ch2_p534_s3_c0,vie
ch2_p534_s3_c0,odette
ch2_p535_s0_c0,séparation
ch2_p535_s0_c0,douleur
ch2_p535_s0_c0,amour
ch2_p535_s1_c0,moment
ch2_p535_s1_c0,paris
ch2_p535_s2_c0,absence
ch2_p535_s2_c0,an
ch2_p535_s2_c0,août
ch2_p535_s2_c0,septembre
ch2_p535_s2_c0,loisir
ch2_p535_s2_c0,mois
ch2_p535_s2_c0,avance
ch2_p535_s2_c0,idée
ch2_p535_s2_c0,temps
ch2_p535_s2_c0,anticipation
ch2_p535_s2_c0,jour
ch2_p535_s2_c0,jour
ch2_p535_s2_c0,esprit
ch2_p535_s2_c0,tristesse
ch2_p535_s2_c0,souffrance
ch2_p535_s3_c0,avenir
ch2_p535_s3_c0,fleuve
ch2_p535_s3_c0,parole
ch2_p535_s3_c0,odette
ch2_p535_s3_c0,swann
ch2_p535_s3_c0,morceau
ch2_p535_s3_c0,glace
ch2_p535_s3_c0,fluidité
ch2_p535_s3_c0,swann
ch2_p535_s3_c0,masse
ch2_p535_s3_c0,paroi
ch2_p535_s3_c0,odette
ch2_p535_s3_c1,regard
ch2_p535_s3_c1,sournois
ch2_p535_s3_c1,forcheville
ch2_p535_s3_c1,voyage
ch2_p535_s3_c1,pentecôte
ch2_p535_s4_c0,égypte
ch2_p535_s4_c0,swann
ch2_p535_s4_c0,égypte
ch2_p535_s4_c0,pentecôte
ch2_p535_s4_c0,forcheville
ch2_p535_s5_c0,jour
ch2_p535_s5_c0,swann
ch2_p535_s5_c0,voyons
ch2_p535_s5_c0,propos
ch2_p535_s5_c0,voyage
ch2_p535_s5_c0,forcheville
ch2_p535_s5_c0,vue
ch2_p535_s5_c0,pyramide
ch2_p535_s6_c0,maîtresse
ch2_p535_s6_c0,forcheville
ch2_p535_s7_c0,parjure
ch2_p535_s7_c0,crainte
ch2_p535_s7_c0,odette
ch2_p535_s7_c0,espoir
ch2_p536_s0_c0,jour
ch2_p536_s0_c0,lettre
ch2_p536_s0_c0,odette
ch2_p536_s0_c0,maîtresse
ch2_p536_s0_c0,homme
ch2_p536_s0_c0,forcheville
ch2_p536_s0_c0,bréauté
ch2_p536_s0_c0,peintre
ch2_p536_s0_c0,femme
ch2_p536_s0_c0,maison
ch2_p536_s1_c0,ami
ch2_p536_s1_c0,lettre
ch2_p536_s1_c0,détail
ch2_p536_s1_c0,connaissance
ch2_p536_s1_c0,vie
ch2_p536_s1_c0,swann
ch2_p536_s3_c0,soupçon
ch2_p536_s3_c0,action
ch2_p536_s3_c0,être
ch2_p536_s3_c0,lien
ch2_p536_s3_c0,propos
ch2_p536_s4_c0,caractère
ch2_p536_s4_c0,charlus
ch2_p536_s4_c0,laume
ch2_p536_s4_c0,orsan
ch2_p536_s4_c0,région
ch2_p536_s4_c0,acte
ch2_p536_s4_c0,homme
ch2_p536_s4_c0,lettre
ch2_p536_s4_c0,réprouvaient
ch2_p536_s4_c0,raison
ch2_p536_s4_c0,infamie
ch2_p536_s4_c0,nature
ch2_p536_s5_c0,charlus
ch2_p536_s5_c0,détraqué
ch2_p536_s5_c0,laume
ch2_p536_s5_c0,droite
ch2_p536_s6_c0,orsan
ch2_p536_s6_c0,swann
ch2_p536_s6_c0,circonstance
ch2_p536_s6_c0,parole
ch2_p536_s6_c0,geste
ch2_p536_s7_c0,point
ch2_p536_s7_c0,rôle
ch2_p536_s7_c0,orsan
ch2_p536_s7_c0,liaison
ch2_p536_s7_c0,femme
ch2_p536_s7_c0,fois
ch2_p536_s7_c0,swann
ch2_p536_s7_c0,côté
ch2_p536_s7_c0,réputation
ch2_p536_s7_c0,témoignage
ch2_p536_s7_c0,délicatesse
ch2_p536_s8_c0,instant
ch2_p536_s8_c0,swann
ch2_p536_s8_c0,esprit
ch2_p536_s8_c0,chose
ch2_p536_s8_c0,lumière
ch2_p536_s9_c0,courage
ch2_p536_s9_c0,réflexion
ch2_p536_s10_c0,monde
ch2_p536_s11_c0,charlus
ch2_p536_s11_c0,cœur
ch2_p536_s12_c0,névropathe
ch2_p536_s12_c0,savoir
ch2_p536_s12_c0,jalousie
ch2_p536_s12_c0,colère
ch2_p536_s12_c0,idée
ch2_p536_s12_c0,subite
ch2_p536_s12_c0,mal
ch2_p536_s13_c0,fond
ch2_p536_s13_c0,race
ch2_p536_s13_c0,homme
ch2_p536_s14_c0,prince
ch2_p536_s14_c0,laume
ch2_p536_s14_c0,swann
ch2_p536_s14_c0,charlus
ch2_p536_s15_c0,cause
ch2_p536_s15_c0,susceptibilité
ch2_p536_s15_c0,nature
ch2_p536_s15_c0,doute
ch2_p536_s15_c0,vilenie
ch2_p536_s15_c0,action
ch2_p536_s16_c0,swann
ch2_p536_s16_c0,vie
ch2_p536_s16_c0,être
ch2_p536_s17_c0,homme
ch2_p536_s17_c0,mal
ch2_p536_s17_c0,bonté
ch2_p536_s17_c0,fond
ch2_p536_s17_c0,nature
ch2_p536_s17_c0,égard
ch2_p536_s17_c0,cœur
ch2_p536_s17_c0,charlus
ch2_p536_s18_c0,pensée
ch2_p536_s18_c0,peine
ch2_p536_s18_c0,swann
ch2_p536_s19_c0,homme
ch2_p536_s19_c0,humanité
ch2_p536_s19_c0,prince
ch2_p536_s19_c0,laume
ch2_p536_s19_c0,acte
ch2_p536_s19_c0,mobile
ch2_p536_s19_c0,essence
ch2_p536_s20_c0,cœur
ch2_p536_s20_c0,charlu
ch2_p536_s21_c0,orsan
ch2_p536_s21_c0,relation
ch2_p536_s21_c0,swann
ch2_p536_s21_c0,agrément
ch2_p536_s21_c0,ensemble
ch2_p536_s21_c0,repos
ch2_p536_s21_c0,affection
ch2_p536_s21_c0,charlus
ch2_p536_s21_c0,acte
ch2_p536_s21_c0,passion
ch2_p536_s22_c0,swann
ch2_p536_s22_c0,orsan
ch2_p536_s23_c0,vie
ch2_p536_s24_c0,swann
ch2_p536_s24_c0,compte
ch2_p536_s24_c0,sentiment
ch2_p536_s24_c0,sympathie
ch2_p536_s24_c0,société
ch2_p536_s24_c0,canaille
ch2_p536_s25_c0,homme
ch2_p536_s25_c0,acte
ch2_p536_s26_c0,chose
ch2_p536_s27_c0,charlus
ch2_p536_s27_c0,laume
ch2_p536_s27_c0,défaut
ch2_p536_s28_c0,orsan
ch2_p536_s28_c0,homme
ch2_p536_s29_c0,fois
ch2_p536_s30_c0,swann
ch2_p536_s30_c0,rémi
ch2_p536_s30_c0,lettre
ch2_p536_s30_c0,piste
ch2_p536_s30_c0,instant
ch2_p536_s31_c0,lorédan
ch2_p536_s31_c0,raison
ch2_p536_s31_c0,odette
ch2_p536_s32_c0,domestique
ch2_p536_s32_c0,situation
ch2_p536_s32_c0,fortune
ch2_p536_s32_c0,défaut
ch2_p536_s32_c0,richesse
ch2_p536_s32_c0,vice
ch2_p536_s32_c0,monde
ch2_p536_s34_c0,fois
ch2_p536_s34_c0,swann
ch2_p536_s34_c0,service
ch2_p536_s35_c0,idée
ch2_p536_s35_c0,bien
ch2_p536_s35_c0,swann
ch2_p536_s36_c0,bergotte
ch2_p536_s36_c0,peintre
ch2_p536_s36_c0,verdurin
ch2_p536_s36_c0,fois
ch2_p536_s36_c0,passage
ch2_p536_s36_c0,sagesse
ch2_p536_s36_c0,monde
ch2_p536_s36_c0,milieu
ch2_p536_s36_c0,artiste
ch2_p536_s36_c0,chose
ch2_p536_s36_c0,nom
ch2_p536_s36_c0,farce
ch2_p536_s36_c0,trait
ch2_p536_s36_c0,droiture
ch2_p536_s36_c0,bohème
ch2_p536_s36_c0,vie
ch2_p536_s36_c0,expédient
ch2_p536_s36_c0,escroquerie
ch2_p536_s36_c0,manque
ch2_p536_s36_c0,argent
ch2_p536_s36_c0,besoin
ch2_p536_s36_c0,luxe
ch2_p536_s36_c1,corruption
ch2_p536_s36_c1,plaisir
ch2_p536_s36_c1,aristocratie
ch2_p536_s37_c0,lettre
ch2_p536_s37_c0,scélératesse
ch2_p536_s37_c0,raison
ch2_p536_s37_c0,scélératesse
ch2_p536_s37_c0,tuf
ch2_p536_s37_c0,caractère
ch2_p536_s37_c0,homme
ch2_p536_s37_c0,homme
ch2_p536_s37_c0,artiste
ch2_p536_s37_c0,bourgeois
ch2_p536_s37_c0,seigneur
ch2_p536_s37_c0,valet
ch2_p536_s38_c0,critérium
ch2_p536_s38_c0,homme
ch2_p536_s39_c0,fond
ch2_p536_s39_c0,personne
ch2_p536_s39_c0,infamie
ch2_p536_s41_c0,esprit
ch2_p536_s41_c0,fois
ch2_p536_s41_c0,main
ch2_p536_s41_c0,front
ch2_p536_s41_c0,verre
ch2_p536_s41_c0,lorgnon
ch2_p536_s41_c0,mouchoir
ch2_p536_s41_c0,charlus
ch2_p536_s41_c0,prince
ch2_p536_s41_c0,laume
ch2_p536_s41_c0,infamie
ch2_p536_s41_c1,nécessité
ch2_p536_s41_c1,vie
ch2_p536_s42_c0,main
ch2_p536_s42_c0,ami
ch2_p536_s42_c0,réserve
ch2_p536_s42_c0,style
ch2_p536_s43_c0,fond
ch2_p536_s43_c0,lettre
ch2_p536_s43_c0,accusation
ch2_p536_s43_c0,odette
ch2_p536_s43_c0,ombre
ch2_p536_s43_c0,vraisemblance
ch2_p536_s44_c0,swann
ch2_p536_s44_c0,esprit
ch2_p536_s44_c0,invention
ch2_p536_s45_c0,vérité
ch2_p536_s45_c0,vie
ch2_p536_s45_c0,être
ch2_p536_s45_c0,contraste
ch2_p536_s45_c0,partie
ch2_p536_s45_c0,vie
ch2_p536_s45_c0,partie
ch2_p536_s46_c0,aide
ch2_p536_s47_c0,moment
ch2_p536_s47_c0,odette
ch2_p536_s47_c0,ensemble
ch2_p536_s47_c0,action
ch2_p536_s47_c0,sentiment
ch2_p536_s47_c0,flétrissait
ch2_p536_s47_c0,vertu
ch2_p536_s47_c0,principe
ch2_p536_s47_c0,swann
ch2_p536_s47_c0,parent
ch2_p536_s47_c0,fleur
ch2_p536_s47_c0,tasse
ch2_p536_s47_c0,thé
ch2_p536_s47_c0,travail
ch2_p536_s47_c0,swann
ch2_p536_s48_c0,swann
ch2_p536_s48_c0,habitude
ch2_p536_s48_c0,vie
ch2_p536_s48_c0,odette
ch2_p536_s48_c0,geste
ch2_p536_s48_c0,moment
ch2_p536_s49_c0,homme
ch2_p536_s49_c0,image
ch2_p536_s50_c0,maquerelle
ch2_p536_s50_c0,orgie
ch2_p536_s50_c0,femme
ch2_p536_s50_c0,vie
ch2_p536_s50_c0,créature
ch2_p536_s50_c0,divagation
ch2_p536_s50_c0,réalisation
ch2_p536_s50_c0,dieu
ch2_p536_s50_c0,chrysanthème
ch2_p536_s50_c0,thé
ch2_p536_s50_c0,indignation
ch2_p536_s50_c0,place
ch2_p536_s51_c0,temps
ch2_p536_s51_c0,odette
ch2_p536_s51_c0,méchanceté
ch2_p536_s51_c0,propos
ch2_p536_s51_c0,détail
ch2_p536_s51_c0,hasard
ch2_p536_s51_c0,bout
ch2_p536_s51_c0,reconstitution
ch2_p536_s51_c0,vie
ch2_p536_s51_c0,odette
ch2_p536_s51_c1,chose
ch2_p536_s51_c1,réalité
ch2_p536_s51_c1,odette
ch2_p536_s51_c1,vérité
ch2_p536_s51_c1,compte
ch2_p536_s51_c1,odette
ch2_p536_s52_c0,doute
ch2_p536_s52_c0,odette
ch2_p536_s52_c0,sincérité
ch2_p536_s52_c0,proxénète
ch2_p536_s52_c0,courant
ch2_p536_s52_c0,vie
ch2_p536_s52_c0,maîtresse
ch2_p536_s53_c0,amour
ch2_p536_s53_c0,sincérité
ch2_p536_s54_c0,vérité
ch2_p536_s54_c0,odette
ch2_p536_s54_c0,vérité
ch2_p536_s54_c0,mensonge
ch2_p536_s54_c0,mensonge
ch2_p536_s54_c0,odette
ch2_p536_s54_c0,dégradation
ch2_p536_s54_c0,créature
ch2_p536_s55_c0,somme
ch2_p536_s55_c0,odette
ch2_p536_s56_c0,swann
ch2_p536_s56_c0,chose
ch2_p536_s56_c0,air
ch2_p536_s56_c0,aventure
ch2_p536_s56_c0,fâché
ch2_p536_s56_c0,air
ch2_p536_s56_c0,acte
ch2_p537_s0_c0,jour
ch2_p537_s0_c0,période
ch2_p537_s0_c0,calme
ch2_p537_s0_c0,accès
ch2_p537_s0_c0,jalousie
ch2_p537_s0_c0,soir
ch2_p537_s0_c0,théâtre
ch2_p537_s0_c0,princesse
ch2_p537_s0_c0,laume
ch2_p537_s1_c0,journal
ch2_p537_s1_c0,vue
ch2_p537_s1_c0,titre
ch2_p537_s1_c0,fille
ch2_p537_s1_c0,marbre
ch2_p537_s1_c0,théodore
ch2_p537_s1_c0,barrière
ch2_p537_s1_c0,mouvement
ch2_p537_s1_c0,recul
ch2_p537_s1_c0,tête
ch2_p537_s2_c0,lumière
ch2_p537_s2_c0,rampe
ch2_p537_s2_c0,place
ch2_p537_s2_c0,mot
ch2_p537_s2_c0,marbre
ch2_p537_s2_c0,faculté
ch2_p537_s2_c0,habitude
ch2_p537_s2_c0,oeil
ch2_p537_s2_c0,histoire
ch2_p537_s2_c0,odette
ch2_p537_s2_c1,visite
ch2_p537_s2_c1,salon
ch2_p537_s2_c1,palais
ch2_p537_s2_c1,industrie
ch2_p537_s2_c1,mme
ch2_p537_s2_c1,verdurin
ch2_p537_s2_c1,prends
ch2_p537_s2_c1,garde
ch2_p537_s2_c1,marbre
ch2_p537_s3_c0,odette
ch2_p537_s3_c0,plaisanterie
ch2_p537_s3_c0,importance
ch2_p537_s4_c0,confiance
ch2_p537_s5_c0,lettre
ch2_p537_s5_c0,amour
ch2_p537_s5_c0,genre
ch2_p537_s6_c0,oeil
ch2_p537_s6_c0,journal
ch2_p537_s6_c0,déplier
ch2_p537_s6_c0,feuille
ch2_p537_s6_c0,mot
ch2_p537_s6_c0,fille
ch2_p537_s6_c0,marbre
ch2_p537_s6_c0,département
ch2_p537_s7_c0,tempête
ch2_p537_s7_c0,manche
ch2_p537_s7_c0,dégât
ch2_p537_s7_c0,dieppe
ch2_p537_s7_c0,cabourg
ch2_p537_s7_c0,beuzeval
ch2_p537_s8_c0,mouvement
ch2_p537_s8_c0,arrière
ch2_p538_s0_c0,nom
ch2_p538_s0_c0,beuzeval
ch2_p538_s0_c0,localité
ch2_p538_s0_c0,région
ch2_p538_s0_c0,beuzeville
ch2_p538_s0_c0,uni
ch2_p538_s0_c0,trait
ch2_p538_s0_c0,union
ch2_p538_s0_c0,nom
ch2_p538_s0_c0,bréauté
ch2_p538_s0_c0,carte
ch2_p538_s0_c0,fois
ch2_p538_s0_c0,ami
ch2_p538_s0_c0,bréauté
ch2_p538_s0_c0,lettre
ch2_p538_s0_c0,amant
ch2_p538_s0_c0,odette
ch2_p538_s1_c0,bréauté
ch2_p538_s1_c0,accusation
ch2_p538_s1_c0,mme
ch2_p538_s1_c0,verdurin
ch2_p538_s2_c0,odette
ch2_p538_s2_c0,vérité
ch2_p538_s2_c0,propos
ch2_p538_s2_c0,mme
ch2_p538_s2_c0,verdurin
ch2_p538_s2_c0,swann
ch2_p538_s2_c0,plaisanterie
ch2_p538_s2_c0,inexpérience
ch2_p538_s2_c0,vie
ch2_p538_s2_c0,ignorance
ch2_p538_s2_c0,vice
ch2_p538_s2_c0,femme
ch2_p538_s2_c0,innocence
ch2_p538_s2_c1,exemple
ch2_p538_s2_c1,odette
ch2_p538_s2_c1,tendresse
ch2_p538_s2_c1,femme
ch2_p538_s3_c0,contraire
ch2_p538_s3_c0,indignation
ch2_p538_s3_c0,soupçon
ch2_p538_s3_c0,instant
ch2_p538_s3_c0,récit
ch2_p538_s3_c0,goût
ch2_p538_s3_c0,tempérament
ch2_p538_s3_c0,maîtresse
ch2_p538_s4_c0,moment
ch2_p538_s4_c0,inspiration
ch2_p538_s4_c0,jaloux
ch2_p538_s4_c0,poète
ch2_p538_s4_c0,rime
ch2_p538_s4_c0,observation
ch2_p538_s4_c0,idée
ch2_p538_s4_c0,loi
ch2_p538_s4_c0,puissance
ch2_p538_s4_c0,swann
ch2_p538_s4_c0,fois
ch2_p538_s4_c0,phrase
ch2_p538_s4_c0,odette
ch2_p538_s4_c0,an
ch2_p538_s5_c0,mme
ch2_p538_s5_c0,verdurin
ch2_p538_s5_c0,moment
ch2_p538_s5_c0,amour
ch2_p538_s5_c0,course
ch2_p538_s5_c0,tutoie
ch2_p538_s6_c0,phrase
ch2_p538_s6_c0,rapport
ch2_p538_s6_c0,propos
ch2_p538_s6_c0,vice
ch2_p538_s6_c0,odette
ch2_p538_s6_c0,preuve
ch2_p538_s6_c0,amitié
ch2_p538_s7_c0,souvenir
ch2_p538_s7_c0,tendresse
ch2_p538_s7_c0,mme
ch2_p538_s7_c0,verdurin
ch2_p538_s7_c0,souvenir
ch2_p538_s7_c0,conversation
ch2_p538_s7_c0,goût
ch2_p538_s8_c0,esprit
ch2_p538_s8_c0,réalité
ch2_p538_s8_c0,tendresse
ch2_p538_s8_c0,chose
ch2_p538_s8_c0,plaisanterie
ch2_p538_s8_c0,innocence
ch2_p538_s9_c0,odette
ch2_p538_s11_c0,affection
ch2_p538_s11_c0,colère
ch2_p538_s11_c0,baiser
ch2_p538_s12_c0,amour
ch2_p538_s13_c0,coup
ch2_p538_s13_c0,résolution
ch2_p539_s0_c0,odette
ch2_p539_s0_c0,chéri
ch2_p539_s0_c0,chose
ch2_p539_s1_c0,idée
ch2_p539_s1_c0,propos
ch2_p539_s1_c0,mme
ch2_p539_s1_c0,verdurin
ch2_p540_s0_c0,tête
ch2_p540_s0_c0,bouche
ch2_p540_s0_c0,viendrez
ch2_p540_s0_c0,cavalcade
ch2_p540_s0_c0,revue
ch2_p540_s1_c0,hochement
ch2_p540_s1_c0,tête
ch2_p540_s1_c0,habitude
ch2_p540_s1_c0,événement
ch2_p540_s1_c0,cause
ch2_p540_s1_c0,incertitude
ch2_p540_s1_c0,dénégation
ch2_p540_s1_c0,événement
ch2_p540_s2_c0,raison
ch2_p540_s2_c0,convenance
ch2_p540_s2_c0,réprobation
ch2_p540_s2_c0,impossibilité
ch2_p540_s3_c0,odette
ch2_p540_s3_c0,signe
ch2_p540_s3_c0,swann
ch2_p541_s0_c0,sai
ch2_p541_s0_c0,air
ch2_p542_s1_c0,sai
ch2_p542_s1_c0,genre
ch2_p542_s1_c0,chose
ch2_p542_s1_c0,femme
ch2_p543_s0_c0,leçon
ch2_p544_s0_c0,genre
ch2_p544_s0_c0,chose
ch2_p544_s0_c0,femme
ch2_p545_s0_c0,médaille
ch2_p545_s0_c0,laghet
ch2_p546_s0_c0,swann
ch2_p546_s0_c0,odette
ch2_p546_s0_c0,médaille
ch2_p547_s1_c0,sursaut
ch2_p547_s1_c0,étreinte
ch2_p547_s1_c0,question
ch2_p547_s5_c0,temps
ch2_p547_s5_c0,remerciement
ch2_p548_s0_c0,chirurgien
ch2_p548_s0_c0,fin
ch2_p548_s0_c0,spasme
ch2_p548_s0_c0,intervention
ch2_p549_s0_c0,tort
ch2_p549_s0_c0,monde
ch2_p549_s0_c0,odette
ch2_p549_s0_c0,douceur
ch2_p549_s2_c0,aveu
ch2_p549_s3_c0,colère
ch2_p549_s3_c0,action
ch2_p549_s3_c0,fausseté
ch2_p549_s3_c0,fausseté
ch2_p549_s3_c0,chose
ch2_p549_s4_c0,chose
ch2_p549_s5_c0,odette
ch2_p549_s5_c0,instant
ch2_p549_s5_c0,torture
ch2_p549_s6_c0,vouloir
ch2_p549_s7_c0,dis
ch2_p549_s7_c0,médaille
ch2_p549_s7_c0,oui
ch2_p549_s7_c0,chose
ch2_p550_s0_c0,colère
ch2_p550_s0_c0,compte
ch2_p550_s0_c0,fois
ch2_p551_s0_c0,swann
ch2_p551_s0_c0,possibilité
ch2_p551_s1_c0,réalité
ch2_p551_s1_c0,chose
ch2_p551_s1_c0,rapport
ch2_p551_s1_c0,possibilité
ch2_p551_s1_c0,coup
ch2_p551_s1_c0,couteau
ch2_p551_s1_c0,mouvement
ch2_p551_s1_c0,nuage
ch2_p551_s1_c0,tête
ch2_p551_s1_c0,mot
ch2_p551_s1_c0,fois
ch2_p551_s1_c0,vif
ch2_p551_s1_c0,sorte
ch2_p551_s1_c0,croix
ch2_p551_s1_c0,cœur
ch2_p551_s2_c0,chose
ch2_p551_s2_c0,mot
ch2_p551_s2_c0,fois
ch2_p551_s2_c0,mot
ch2_p551_s2_c0,mot
ch2_p551_s2_c0,air
ch2_p551_s2_c0,distance
ch2_p551_s2_c0,cœur
ch2_p551_s2_c0,poison
ch2_p551_s3_c0,involontairement
ch2_p551_s3_c0,swann
ch2_p551_s3_c0,mot
ch2_p551_s3_c0,mme
ch2_p551_s3_c0,table
ch2_p551_s4_c0,souffrance
ch2_p551_s5_c0,heure
ch2_p551_s5_c0,méfiance
ch2_p551_s5_c0,mal
ch2_p551_s5_c0,chose
ch2_p551_s5_c0,vague
ch2_p551_s5_c0,horreur
ch2_p551_s5_c0,mot
ch2_p551_s5_c0,fois
ch2_p551_s5_c0,cruauté
ch2_p551_s5_c0,maladie
ch2_p551_s5_c0,fois
ch2_p551_s6_c0,odette
ch2_p551_s6_c0,mal
ch2_p551_s6_c0,contraire
ch2_p551_s6_c0,fur
ch2_p551_s6_c0,mesure
ch2_p551_s6_c0,souffrance
ch2_p551_s6_c0,temps
ch2_p551_s6_c0,prix
ch2_p551_s6_c0,calmant
ch2_p551_s6_c0,contrepoison
ch2_p551_s6_c0,femme
ch2_p551_s7_c0,soin
ch2_p551_s7_c0,maladie
ch2_p551_s8_c0,chose
ch2_p551_s8_c0,fois
ch2_p551_s9_c0,odette
ch2_p551_s10_c0,ami
ch2_p551_s10_c0,faute
ch2_p551_s10_c0,maîtresse
ch2_p551_s10_c0,foi
ch2_p551_s10_c0,foi
ch2_p551_s11_c0,swann
ch2_p551_s12_c0,femme
ch2_p551_s12_c0,centaine
ch2_p551_s12_c0,folie
ch2_p551_s12_c0,soir
ch2_p551_s12_c0,odette
ch2_p551_s12_c0,verdurin
ch2_p551_s12_c0,possession
ch2_p551_s13_c0,swann
ch2_p551_s13_c0,souffrance
ch2_p551_s13_c0,âme
ch2_p551_s13_c0,horde
ch2_p551_s13_c0,envahisseur
ch2_p551_s13_c0,fond
ch2_p551_s13_c0,nature
ch2_p551_s13_c0,cellule
ch2_p551_s13_c0,organe
ch2_p551_s13_c0,mesure
ch2_p551_s13_c0,tissu
ch2_p551_s13_c0,muscle
ch2_p551_s13_c0,membre
ch2_p551_s13_c0,mouvement
ch2_p551_s14_c0,habitant
ch2_p551_s14_c0,âme
ch2_p551_s14_c0,instant
ch2_p551_s14_c0,force
ch2_p551_s14_c0,swann
ch2_p551_s14_c0,travail
ch2_p551_s14_c0,réparateur
ch2_p551_s14_c0,illusion
ch2_p551_s14_c0,repos
ch2_p551_s14_c0,convalescent
ch2_p551_s14_c0,opéré
ch2_p551_s15_c0,fois
ch2_p551_s15_c0,habitude
ch2_p551_s15_c0,cerveau
ch2_p551_s15_c0,swann
ch2_p551_s15_c0,détente
ch2_p551_s15_c0,épuisement
ch2_p551_s15_c0,cœur
ch2_p551_s16_c0,chose
ch2_p551_s16_c0,vie
ch2_p551_s16_c0,fois
ch2_p551_s16_c0,animal
ch2_p551_s16_c0,sursaut
ch2_p551_s16_c0,convulsion
ch2_p551_s16_c0,cœur
ch2_p551_s16_c0,instant
ch2_p551_s16_c0,swann
ch2_p551_s16_c0,souffrance
ch2_p551_s16_c0,croix
ch2_p551_s17_c0,soir
ch2_p551_s17_c0,clair
ch2_p551_s17_c0,lune
ch2_p551_s17_c0,victoria
ch2_p551_s17_c0,rue
ch2_p551_s17_c0,pérouse
ch2_p551_s17_c0,émotion
ch2_p551_s17_c0,homme
ch2_p551_s17_c0,fruit
ch2_p551_s18_c0,pensée
ch2_p551_s18_c0,espace
ch2_p551_s18_c0,temps
ch2_p551_s18_c0,main
ch2_p551_s18_c0,cœur
ch2_p551_s18_c0,respiration
ch2_p551_s18_c0,torture
ch2_p551_s19_c0,question
ch2_p551_s20_c0,jalousie
ch2_p551_s20_c0,peine
ch2_p551_s20_c0,ennemi
ch2_p551_s20_c0,coup
ch2_p551_s20_c0,connaissance
ch2_p551_s20_c0,douleur
ch2_p551_s20_c0,jalousie
ch2_p551_s20_c0,blessure
ch2_p551_s21_c0,divinité
ch2_p551_s21_c0,jalousie
ch2_p551_s21_c0,swann
ch2_p551_s21_c0,perte
ch2_p551_s22_c0,faute
ch2_p551_s22_c0,odette
ch2_p551_s22_c0,supplice
ch2_p552_s0_c0,chéri
ch2_p555_s1_c0,nom
ch2_p555_s2_c0,pouvoir
ch2_p555_s3_c0,di
ch2_p555_s4_c0,chose
ch2_p555_s7_c0,cœur
ch2_p555_s9_c0,mot
ch2_p555_s9_c0,temps
ch2_p556_s1_c0,charles
ch2_p556_s2_c0,idée
ch2_p556_s3_c0,sottise
ch2_p556_s3_c0,méchanceté
ch2_p557_s2_c0,soir
ch2_p557_s2_c0,soir
ch2_p557_s2_c0,odette
ch2_p557_s2_c0,amour
ch2_p558_s0_c0,bois
ch2_p558_s0_c0,soir
ch2_p558_s0_c0,île
ch2_p558_s1_c0,princesse
ch2_p558_s1_c0,laume
ch2_p558_s1_c0,détail
ch2_p558_s1_c0,véracité
ch2_p558_s2_c0,table
ch2_p558_s2_c0,femme
ch2_p558_s2_c0,vue
ch2_p558_s3_c0,venez
ch2_p558_s3_c0,rocher
ch2_p558_s3_c0,clair
ch2_p558_s3_c0,lune
ch2_p558_s3_c0,eau
ch2_p558_s4_c0,bâillé
ch2_p558_s5_c0,clair
ch2_p558_s5_c0,lune
ch2_p558_s6_c0,blague
ch2_p559_s0_c0,odette
ch2_p559_s0_c0,importance
ch2_p559_s0_c0,air
ch2_p559_s1_c0,visage
ch2_p559_s1_c0,swann
ch2_p560_s0_c0,mensonge
ch2_p561_s0_c0,coup
ch2_p561_s0_c0,swann
ch2_p561_s1_c0,chose
ch2_p561_s1_c0,oeil
ch2_p561_s1_c0,passé
ch2_p561_s1_c0,soir
ch2_p561_s1_c0,odette
ch2_p561_s1_c0,chose
ch2_p561_s1_c0,fourbe
ch2_p561_s1_c0,atroce
ch2_p561_s1_c0,milieu
ch2_p561_s1_c0,coup
ch2_p561_s1_c0,ouverture
ch2_p561_s1_c1,moment
ch2_p561_s1_c1,ile
ch2_p561_s1_c1,bois
ch2_p561_s2_c0,odette
ch2_p561_s2_c0,charme
ch2_p561_s2_c0,naturel
ch2_p561_s3_c0,scène
ch2_p561_s3_c0,simplicité
ch2_p561_s3_c0,swann
ch2_p561_s3_c0,bâillement
ch2_p561_s3_c0,odette
ch2_p561_s3_c0,rocher
ch2_p561_s4_c0,gaiement
ch2_p561_s5_c0,blague
ch2_p561_s6_c0,soir
ch2_p561_s6_c0,révélation
ch2_p561_s6_c0,moment
ch2_p562_s0_c0,chéri
ch2_p562_s0_c0,peine
ch2_p563_s0_c0,oeil
ch2_p563_s0_c0,chose
ch2_p563_s0_c0,passé
ch2_p563_s0_c0,amour
ch2_p563_s0_c0,mémoire
ch2_p563_s0_c0,blessure
ch2_p563_s0_c0,minute
ch2_p563_s0_c0,île
ch2_p563_s0_c0,bois
ch2_p563_s0_c0,clair
ch2_p563_s0_c0,lune
ch2_p563_s0_c0,dîner
ch2_p563_s0_c0,princesse
ch2_p563_s0_c0,laume
ch2_p563_s1_c0,habitude
ch2_p563_s1_c0,vie
ch2_p563_s1_c0,découverte
ch2_p563_s1_c0,point
ch2_p563_s1_c0,douleur
ch2_p563_s1_c0,vie
ch2_p563_s1_c0,réserve
ch2_p563_s1_c0,surprise
ch2_p563_s1_c0,somme
ch2_p563_s1_c0,vice
ch2_p563_s1_c0,chose
ch2_p563_s2_c0,femme
ch2_p563_s2_c0,confiance
ch2_p563_s2_c0,air
ch2_p563_s2_c0,cas
ch2_p563_s2_c0,goût
ch2_p563_s2_c0,dénonciation
ch2_p563_s3_c0,remarque
ch2_p563_s4_c0,valeur
ch2_p563_s4_c0,chose
ch2_p563_s5_c0,mot
ch2_p563_s5_c0,fois
ch2_p563_s5_c0,blague
ch2_p563_s6_c0,mémoire
ch2_p563_s6_c0,swann
ch2_p563_s6_c0,couteau
ch2_p563_s6_c0,coup
ch2_p563_s7_c0,malade
ch2_p563_s7_c0,minute
ch2_p563_s7_c0,mouvement
ch2_p563_s7_c0,mot
ch2_p563_s7_c0,blague
ch2_p563_s8_c0,souffrance
ch2_p563_s9_c0,acte
ch2_p563_s9_c0,gaiement
ch2_p563_s9_c0,maladie
ch2_p563_s10_c0,femme
ch2_p563_s10_c0,odette
ch2_p563_s11_c0,point
ch2_p563_s11_c0,vue
ch2_p563_s11_c0,vie
ch2_p563_s11_c0,vilain
ch2_p563_s11_c0,plaisir
ch2_p563_s12_c0,trappe
ch2_p563_s12_c0,amour
ch2_p563_s12_c0,odette
ch2_p563_s12_c0,plaisir
ch2_p563_s12_c0,cercle
ch2_p563_s12_c0,enfer
ch2_p563_s13_c0,pauvre
ch2_p563_s13_c0,odette
ch2_p563_s15_c0,demi
ch2_p563_s16_c0,mère
ch2_p563_s16_c0,nice
ch2_p563_s16_c0,anglais
ch2_p563_s17_c0,vérité
ch2_p563_s17_c0,ligne
ch2_p563_s17_c0,journal
ch2_p563_s17_c0,poète
ch2_p563_s17_c0,alfred
ch2_p563_s17_c0,vigny
ch2_p563_s17_c0,indifférence
ch2_p563_s17_c0,amour
ch2_p563_s17_c0,femme
ch2_p563_s18_c0,vie
ch2_p563_s19_c0,bonheur
ch2_p563_s19_c0,vie
ch2_p563_s20_c0,swann
ch2_p563_s20_c0,phrase
ch2_p563_s20_c0,pensée
ch2_p563_s20_c0,blague
ch2_p563_s21_c0,mal
ch2_p563_s22_c0,phrase
ch2_p563_s22_c0,pièce
ch2_p563_s22_c0,armature
ch2_p563_s22_c0,souffrance
ch2_p563_s22_c0,récit
ch2_p563_s22_c0,odette
ch2_p563_s23_c0,souffrance
ch2_p563_s24_c0,temps
ch2_p563_s24_c0,moment
ch2_p563_s24_c0,mot
ch2_p563_s24_c0,souffrance
ch2_p563_s24_c0,odette
ch2_p563_s24_c0,jalousie
ch2_p563_s24_c0,aveu
ch2_p563_s24_c0,odette
ch2_p563_s24_c0,position
ch2_p563_s24_c0,bout
ch2_p563_s24_c0,mois
ch2_p563_s24_c0,histoire
ch2_p563_s24_c0,révélation
ch2_p563_s25_c0,puissance
ch2_p563_s25_c0,mémoire
ch2_p563_s26_c0,affaiblissement
ch2_p563_s26_c0,génératrice
ch2_p563_s26_c0,fécondité
ch2_p563_s26_c0,âge
ch2_p563_s26_c0,apaisement
ch2_p563_s26_c0,torture
ch2_p563_s27_c0,pouvoir
ch2_p563_s27_c0,mot
ch2_p563_s27_c0,odette
ch2_p563_s27_c0,esprit
ch2_p563_s27_c0,swann
ch2_p563_s27_c0,mot
ch2_p563_s27_c0,vigueur
ch2_p563_s28_c0,mémoire
ch2_p563_s28_c0,soir
ch2_p563_s28_c0,princesse
ch2_p563_s28_c0,laume
ch2_p563_s28_c0,centre
ch2_p563_s28_c0,mal
ch2_p563_s29_c0,entour
ch2_p563_s29_c0,jour
ch2_p563_s30_c0,point
ch2_p563_s30_c0,souvenir
ch2_p563_s30_c0,saison
ch2_p563_s30_c0,verdurin
ch2_p563_s30_c0,île
ch2_p563_s30_c0,bois
ch2_p563_s31_c0,mal
ch2_p563_s31_c0,curiosité
ch2_p563_s31_c0,jalousie
ch2_p563_s31_c0,peur
ch2_p563_s31_c0,torture
ch2_p563_s32_c0,compte
ch2_p563_s32_c0,période
ch2_p563_s32_c0,vie
ch2_p563_s32_c0,odette
ch2_p563_s32_c0,rencontrer
ch2_p563_s32_c0,période
ch2_p563_s32_c0,étendue
ch2_p563_s32_c0,abstraite
ch2_p563_s32_c0,année
ch2_p563_s32_c0,incident
ch2_p563_s33_c0,passé
ch2_p563_s33_c0,corps
ch2_p563_s33_c0,visage
ch2_p563_s34_c0,paresse
ch2_p563_s34_c0,peur
ch2_p563_s35_c0,jour
ch2_p563_s35_c0,nom
ch2_p563_s35_c0,île
ch2_p563_s35_c0,bois
ch2_p563_s35_c0,princesse
ch2_p563_s35_c0,laume
ch2_p563_s35_c0,déchirement
ch2_p563_s35_c0,odette
ch2_p563_s35_c0,parole
ch2_p563_s35_c0,nom
ch2_p563_s35_c0,endroit
ch2_p563_s35_c0,circonstance
ch2_p563_s35_c0,mal
ch2_p563_s35_c0,peine
ch2_p563_s35_c0,forme
ch2_p564_s0_c0,chose
ch2_p564_s0_c0,odette
ch2_p564_s0_c0,compte
ch2_p564_s0_c0,écart
ch2_p564_s0_c0,vice
ch2_p564_s0_c0,vie
ch2_p564_s0_c0,odette
ch2_p564_s0_c0,vie
ch2_p564_s0_c0,swann
ch2_p564_s0_c0,maîtresse
ch2_p564_s0_c0,écart
ch2_p564_s0_c0,odette
ch2_p564_s0_c0,étendue
ch2_p564_s0_c1,vertu
ch2_p564_s0_c1,être
ch2_p564_s0_c1,vice
ch2_p564_s0_c1,contrôle
ch2_p564_s0_c1,compte
ch2_p564_s0_c1,croissance
ch2_p564_s0_c1,façon
ch2_p564_s1_c0,cohabitation
ch2_p564_s1_c0,sein
ch2_p564_s1_c0,esprit
ch2_p564_s1_c0,odette
ch2_p564_s1_c0,souvenir
ch2_p564_s1_c0,action
ch2_p564_s1_c0,swann
ch2_p564_s1_c0,reflet
ch2_p564_s1_c0,étrange
ch2_p564_s1_c0,milieu
ch2_p564_s1_c0,swann
ch2_p564_s1_c0,révélation
ch2_p564_s1_c0,ambiance
ch2_p564_s2_c0,jour
ch2_p564_s2_c0,odette
ch2_p564_s2_c0,entremetteur
ch2_p564_s3_c0,lecture
ch2_p564_s3_c0,lettre
ch2_p564_s3_c0,supposition
ch2_p564_s3_c0,intelligence
ch2_p564_s3_c0,créance
ch2_p564_s3_c0,swann
ch2_p564_s3_c0,présence
ch2_p564_s3_c0,soupçon
ch2_p564_s3_c0,odette
ch2_p564_s3_c0,extirpât
ch2_p564_s6_c0,sourire
ch2_p564_s6_c0,satisfaction
ch2_p564_s6_c0,vanité
ch2_p564_s6_c0,swann
ch2_p564_s7_c0,heure
ch2_p564_s7_c0,prix
ch2_p564_s8_c0,ambassadeur
ch2_p564_s10_c0,voie
ch2_p564_s10_c0,femme
ch2_p564_s10_c0,chambre
ch2_p564_s10_c0,pièce
ch2_p564_s10_c0,tue
ch2_p564_s10_c0,tête
ch2_p564_s11_c0,idée
ch2_p564_s13_c0,besoin
ch2_p564_s13_c0,argent
ch2_p564_s13_c0,concierge
ch2_p564_s13_c0,campagne
ch2_p564_s15_c0,part
ch2_p564_s16_c0,chéri
ch2_p564_s17_c0,odette
ch2_p565_s0_c0,aveu
ch2_p565_s0_c0,faute
ch2_p565_s0_c0,découverte
ch2_p565_s0_c0,swann
ch2_p565_s0_c0,point
ch2_p565_s0_c0,départ
ch2_p565_s0_c0,doute
ch2_p565_s0_c0,terme
ch2_p565_s0_c0,ancien
ch2_p565_s2_c0,odette
ch2_p565_s2_c0,confession
ch2_p565_s2_c0,essentiel
ch2_p565_s2_c0,accessoire
ch2_p565_s2_c0,chose
ch2_p565_s2_c0,swann
ch2_p565_s2_c0,nouveauté
ch2_p565_s2_c0,terme
ch2_p565_s2_c0,problème
ch2_p565_s2_c0,jalousie
ch2_p565_s3_c0,aveu
ch2_p565_s4_c0,âme
ch2_p565_s4_c0,cadavre
ch2_p566_s0_c0,fois
ch2_p566_s0_c0,visite
ch2_p566_s0_c0,forcheville
ch2_p566_s0_c0,jour
ch2_p566_s0_c0,fête
ch2_p566_s0_c0,paris
ch2_p566_s0_c0,murcie
ch2_p566_s4_c0,coup
ch2_p566_s4_c0,pensée
ch2_p566_s4_c0,jour
ch2_p566_s4_c0,fête
ch2_p566_s4_c0,paris
ch2_p566_s4_c0,murcie
ch2_p566_s4_c0,lettre
ch2_p566_s4_c0,forcheville
ch2_p566_s4_c0,maison
ch2_p566_s6_c0,maison
ch2_p566_s7_c0,allée
ch2_p566_s7_c0,soir
ch2_p566_s7_c0,prévost
ch2_p566_s7_c0,air
ch2_p566_s7_c0,décision
ch2_p566_s7_c0,cynisme
ch2_p566_s7_c0,timidité
ch2_p566_s7_c0,peur
ch2_p566_s7_c0,swann
ch2_p566_s7_c0,amour
ch2_p566_s7_c0,désir
ch2_p566_s8_c0,netteté
ch2_p566_s8_c0,vigueur
ch2_p566_s8_c0,bourreau
ch2_p566_s8_c0,cruauté
ch2_p566_s8_c0,odette
ch2_p566_s8_c0,conscience
ch2_p566_s8_c0,mal
ch2_p566_s8_c0,swann
ch2_p566_s8_c0,rire
ch2_p566_s8_c0,air
ch2_p566_s9_c0,maison
ch2_p566_s9_c0,forcheville
ch2_p566_s10_c0,prévost
ch2_p566_s10_c0,blague
ch2_p566_s10_c0,gravure
ch2_p566_s12_c0,maison
ch2_p566_s12_c0,peur
ch2_p566_s13_c0,gentil
ch2_p566_s13_c0,part
ch2_p566_s14_c0,tort
ch2_p566_s14_c0,di
ch2_p566_s15_c0,intérêt
ch2_p566_s15_c0,jour
ch2_p566_s15_c0,fête
ch2_p566_s15_c0,paris
ch2_p566_s15_c0,murcie
ch2_p566_s16_c0,moment
ch2_p566_s16_c0,chéri
ch2_p566_s17_c0,lâcheté
ch2_p566_s17_c0,force
ch2_p566_s17_c0,accablante
ch2_p566_s17_c0,parole
ch2_p566_s18_c0,mois
ch2_p566_s18_c0,mois
ch2_p566_s19_c0,moment
ch2_p566_s19_c0,soir
ch2_p566_s19_c0,catleya
ch2_p566_s19_c0,maison
ch2_p566_s19_c0,dorée
ch2_p566_s19_c0,receleur
ch2_p566_s19_c0,mensonge
ch2_p566_s19_c0,swann
ch2_p566_s20_c0,jour
ch2_p566_s20_c0,mme
ch2_p566_s20_c0,verdurin
ch2_p566_s20_c0,robe
ch2_p566_s20_c0,cab
ch2_p566_s20_c0,retard
ch2_p566_s21_c0,moyen
ch2_p566_s22_c0,fois
ch2_p566_s22_c0,mot
ch2_p566_s22_c0,retard
ch2_p566_s22_c0,changement
ch2_p566_s22_c0,heure
ch2_p566_s22_c0,rendezvou
ch2_p566_s22_c0,chose
ch2_p566_s22_c0,swann
ch2_p566_s22_c0,robe
ch2_p566_s22_c0,cab
ch2_p566_s22_c0,retard
ch2_p566_s22_c0,moyen
ch2_p566_s23_c0,souvenir
ch2_p566_s23_c0,swann
ch2_p566_s23_c0,parole
ch2_p566_s23_c0,odette
ch2_p566_s23_c0,parole
ch2_p566_s23_c0,évangile
ch2_p566_s23_c0,action
ch2_p566_s23_c0,lieu
ch2_p566_s23_c0,maison
ch2_p566_s23_c0,couturière
ch2_p566_s23_c0,avenue
ch2_p566_s23_c0,bois
ch2_p566_s23_c0,hippodrome
ch2_p566_s23_c0,faveur
ch2_p566_s23_c0,excédent
ch2_p566_s23_c0,temps
ch2_p566_s23_c0,journée
ch2_p566_s23_c0,jeu
ch2_p566_s23_c1,place
ch2_p566_s23_c1,cachette
ch2_p566_s23_c1,action
ch2_p566_s23_c1,présence
ch2_p566_s23_c1,souterraine
ch2_p566_s23_c1,mensonge
ch2_p566_s23_c1,soir
ch2_p566_s23_c1,rue
ch2_p566_s23_c1,pérouse
ch2_p566_s23_c1,odette
ch2_p566_s23_c1,heure
ch2_p566_s23_c1,horreur
ch2_p566_s23_c1,aveu
ch2_p566_s23_c1,maison
ch2_p566_s23_c1,dorée
ch2_p566_s23_c2,bête
ch2_p566_s23_c2,immonde
ch2_p566_s23_c2,désolation
ch2_p566_s23_c2,ninive
ch2_p566_s23_c2,pierre
ch2_p566_s23_c2,pierre
ch2_p566_s23_c2,passé
ch2_p566_s24_c0,fois
ch2_p566_s24_c0,mémoire
ch2_p566_s24_c0,nom
ch2_p566_s24_c0,maison
ch2_p566_s24_c0,soirée
ch2_p566_s24_c0,mme
ch2_p566_s24_c0,bonheur
ch2_p566_s24_c0,malheur
ch2_p566_s25_c0,nom
ch2_p566_s25_c0,maison
ch2_p566_s25_c0,ile
ch2_p566_s25_c0,bois
ch2_p566_s25_c0,swann
ch2_p566_s26_c0,amour
ch2_p566_s26_c0,jalousie
ch2_p566_s26_c0,passion
ch2_p566_s27_c0,infinité
ch2_p566_s27_c0,amour
ch2_p566_s27_c0,jalousie
ch2_p566_s27_c0,multitude
ch2_p566_s27_c0,impression
ch2_p566_s27_c0,continuité
ch2_p566_s27_c0,illusion
ch2_p566_s27_c0,unité
ch2_p566_s28_c0,vie
ch2_p566_s28_c0,amour
ch2_p566_s28_c0,swann
ch2_p566_s28_c0,fidélité
ch2_p566_s28_c0,jalousie
ch2_p566_s28_c0,mort
ch2_p566_s28_c0,infidélité
ch2_p566_s28_c0,désir
ch2_p566_s28_c0,doute
ch2_p566_s28_c0,odette
ch2_p566_s28_c0,objet
ch2_p566_s30_c0,présence
ch2_p566_s30_c0,odette
ch2_p566_s30_c0,cœur
ch2_p566_s30_c0,swann
ch2_p566_s30_c0,tendresse
ch2_p566_s30_c0,soupçon
ch2_p567_s0_c0,soir
ch2_p567_s0_c0,coup
ch2_p567_s0_c0,gentillesse
ch2_p567_s0_c0,suite
ch2_p567_s0_c0,peine
ch2_p567_s0_c0,année
ch2_p567_s0_c0,catleya
ch2_p567_s0_c0,désir
ch2_p567_s0_c0,caresse
ch2_p567_s0_c1,tendresse
ch2_p567_s0_c1,vraisemblance
ch2_p567_s0_c1,chagrin
ch2_p567_s0_c1,swann
ch2_p567_s0_c1,mensonge
ch2_p567_s0_c1,méchanceté
ch2_p567_s1_c0,soir
ch2_p567_s1_c0,ordre
ch2_p567_s1_c0,baiser
ch2_p567_s1_c0,parole
ch2_p567_s1_c0,passionné
ch2_p567_s1_c0,sécheresse
ch2_p567_s1_c0,coup
ch2_p567_s1_c0,bruit
ch2_p567_s1_c0,courage
ch2_p567_s1_c0,place
ch2_p567_s1_c0,comble
ch2_p567_s1_c0,rage
ch2_p567_s1_c0,vase
ch2_p567_s1_c0,swann
ch2_p567_s2_c0,jalousie
ch2_p567_s2_c0,sens
ch2_p568_s0_c0,maison
ch2_p568_s0_c0,chose
ch2_p568_s2_c0,heure
ch2_p568_s2_c0,fille
ch2_p568_s3_c0,jour
ch2_p568_s3_c0,ami
ch2_p568_s4_c0,femme
ch2_p568_s5_c0,swann
ch2_p568_s7_c0,caractère
ch2_p568_s8_c0,swann
ch2_p568_s8_c0,fille
ch2_p568_s8_c0,chose
ch2_p568_s8_c0,princesse
ch2_p568_s8_c0,laume
ch2_p568_s9_c0,ami
ch2_p568_s9_c0,oeil
ch2_p568_s9_c0,couleur
ch2_p568_s9_c0,ceinture
ch2_p568_s10_c0,manchette
ch2_p568_s11_c0,conversation
ch2_p568_s11_c0,endroit
ch2_p568_s11_c0,genre
ch2_p568_s13_c0,temps
ch2_p568_s15_c0,contraire
ch2_p568_s17_c0,gentiment
ch2_p568_s18_c0,entremetteur
ch2_p568_s20_c0,sage
ch2_p568_s23_c0,prince
ch2_p568_s23_c0,jour
ch2_p568_s23_c0,femme
ch2_p568_s24_c0,monde
ch2_p568_s24_c0,genre
ch2_p568_s24_c0,scandale
ch2_p568_s26_c0,swann
ch2_p568_s26_c0,fille
ch2_p568_s26_c0,oeil
ch2_p568_s27_c0,adieu
ch2_p568_s27_c0,odette
ch2_p569_s0_c0,peintre
ch2_p569_s0_c0,docteur
ch2_p569_s0_c0,cottard
ch2_p569_s0_c0,voyage
ch2_p569_s0_c0,mer
ch2_p569_s0_c0,fidèle
ch2_p569_s0_c0,verdurin
ch2_p569_s0_c0,yacht
ch2_p569_s0_c0,acquéreur
ch2_p569_s0_c0,odette
ch2_p569_s0_c0,croisière
ch2_p569_s1_c0,fois
ch2_p569_s1_c0,temps
ch2_p569_s1_c0,swann
ch2_p569_s1_c0,distance
ch2_p569_s1_c0,distance
ch2_p569_s1_c0,odette
ch2_p569_s2_c0,fois
ch2_p569_s2_c0,parti
ch2_p569_s2_c0,mois
ch2_p569_s2_c0,route
ch2_p569_s2_c0,verdurin
ch2_p569_s2_c0,chose
ch2_p569_s2_c0,avance
ch2_p569_s2_c0,plaisir
ch2_p569_s2_c0,femme
ch2_p569_s2_c0,fidèle
ch2_p569_s2_c0,fur
ch2_p569_s2_c0,mesure
ch2_p569_s2_c0,alger
ch2_p569_s2_c0,tunis
ch2_p569_s2_c0,italie
ch2_p569_s2_c0,grèce
ch2_p569_s2_c0,constantinople
ch2_p569_s2_c0,asie
ch2_p569_s2_c0,mineure
ch2_p569_s3_c0,voyage
ch2_p569_s3_c0,an
ch2_p569_s4_c0,swann
ch2_p569_s5_c0,verdurin
ch2_p569_s5_c0,pianiste
ch2_p569_s5_c0,docteur
ch2_p569_s5_c0,tante
ch2_p569_s5_c0,malade
ch2_p569_s5_c0,besoin
ch2_p569_s5_c0,cas
ch2_p569_s5_c0,mme
ch2_p569_s5_c0,cottard
ch2_p569_s5_c0,paris
ch2_p569_s5_c0,mme
ch2_p569_s5_c0,verdurin
ch2_p569_s5_c0,révolution
ch2_p569_s5_c0,liberté
ch2_p569_s5_c0,constantinople
ch2_p569_s6_c0,peintre
ch2_p569_s7_c0,jour
ch2_p569_s7_c0,voyageur
ch2_p569_s7_c0,swann
ch2_p569_s7_c0,omnibus
ch2_p569_s7_c0,luxembourg
ch2_p569_s7_c0,face
ch2_p569_s7_c0,mme
ch2_p569_s7_c0,cottard
ch2_p569_s7_c0,tournée
ch2_p569_s7_c0,visite
ch2_p569_s7_c0,jour
ch2_p569_s7_c0,tenue
ch2_p569_s7_c0,plumet
ch2_p569_s7_c0,chapeau
ch2_p569_s7_c0,robe
ch2_p569_s7_c0,soie
ch2_p569_s7_c0,manchon
ch2_p569_s7_c0,cas
ch2_p569_s7_c0,gant
ch2_p569_s8_c0,revêtue
ch2_p569_s8_c0,insigne
ch2_p569_s8_c0,pied
ch2_p569_s8_c0,maison
ch2_p569_s8_c0,quartier
ch2_p569_s8_c0,quartier
ch2_p569_s8_c0,omnibus
ch2_p569_s8_c0,correspondance
ch2_p569_s9_c0,instant
ch2_p569_s9_c0,gentillesse
ch2_p569_s9_c0,femme
ch2_p569_s9_c0,bourgeoise
ch2_p569_s9_c0,verdurin
ch2_p569_s9_c0,swann
ch2_p569_s9_c0,voix
ch2_p569_s9_c0,gauche
ch2_p569_s9_c0,moment
ch2_p569_s9_c0,omnibus
ch2_p569_s9_c0,tonnerre
ch2_p569_s9_c0,propos
ch2_p569_s9_c0,maison
ch2_p569_s9_c0,étage
ch2_p569_s9_c0,journée
ch2_p570_s0_c0,monsieur
ch2_p570_s0_c0,homme
ch2_p570_s0_c0,mouvement
ch2_p570_s0_c0,mirliton
ch2_p570_s0_c0,portrait
ch2_p570_s0_c0,machard
ch2_p570_s0_c0,paris
ch2_p570_s3_c0,etes
ch2_p570_s3_c0,camp
ch2_p570_s3_c0,camp
ch2_p570_s4_c0,salon
ch2_p570_s4_c0,portrait
ch2_p570_s4_c0,machard
ch2_p570_s4_c0,train
ch2_p570_s4_c0,opinion
ch2_p570_s4_c0,portrait
ch2_p570_s4_c0,machard
ch2_p571_s0_c0,swann
ch2_p571_s0_c0,portrait
ch2_p571_s0_c0,mme
ch2_p571_s0_c0,cottard
ch2_p571_s0_c0,peur
ch2_p572_s1_c0,portrait
ch2_p572_s1_c0,machard
ch2_p572_s2_c0,part
ch2_p572_s3_c0,avis
ch2_p572_s3_c0,crème
ch2_p572_s4_c0,femme
ch2_p572_s4_c0,jaune
ch2_p572_s4_c0,ami
ch2_p572_s4_c0,biche
ch2_p572_s5_c0,fin
ch2_p572_s5_c0,siècle
ch2_p572_s5_c0,di
ch2_p572_s6_c0,dieu
ch2_p572_s6_c0,qualité
ch2_p572_s6_c0,portrait
ch2_p572_s6_c0,mari
ch2_p572_s6_c0,habitude
ch2_p572_s6_c0,moustache
ch2_p572_s7_c0,machard
ch2_p572_s8_c0,mari
ch2_p572_s8_c0,amie
ch2_p572_s8_c0,moment
ch2_p572_s8_c0,plaisir
ch2_p572_s8_c0,route
ch2_p572_s8_c0,académie
ch2_p572_s8_c0,collègue
ch2_p572_s8_c0,docteur
ch2_p572_s8_c0,portrait
ch2_p572_s8_c0,machard
ch2_p572_s9_c0,rêve
ch2_p572_s10_c0,amie
ch2_p572_s10_c0,leloir
ch2_p572_s11_c0,pauvre
ch2_p572_s11_c0,profane
ch2_p572_s11_c0,leloir
ch2_p572_s11_c0,science
ch2_p572_s12_c0,qualité
ch2_p572_s12_c0,portrait
ch2_p572_s12_c0,franc
ch2_p572_s12_c0,ressemblance
ch2_p573_s0_c0,propos
ch2_p573_s0_c0,hauteur
ch2_p573_s0_c0,aigrette
ch2_p573_s0_c0,chiffre
ch2_p573_s0_c0,numéro
ch2_p573_s0_c0,encre
ch2_p573_s0_c0,gant
ch2_p573_s0_c0,teinturier
ch2_p573_s0_c0,embarras
ch2_p573_s0_c0,swann
ch2_p573_s0_c0,verdurin
ch2_p573_s0_c0,mme
ch2_p573_s0_c0,cottard
ch2_p573_s0_c0,coin
ch2_p573_s0_c0,rue
ch2_p573_s0_c0,bonaparte
ch2_p573_s0_c0,conducteur
ch2_p573_s0_c0,cœur
ch2_p573_s0_c0,parole
ch2_p574_s0_c0,oreille
ch2_p574_s0_c0,monsieur
ch2_p574_s0_c0,voyage
ch2_p574_s0_c0,mme
ch2_p574_s0_c0,verdurin
ch2_p575_s0_c0,swann
ch2_p575_s0_c0,nom
ch2_p575_s0_c0,verdurin
ch2_p576_s0_c0,mme
ch2_p576_s0_c0,cottard
ch2_p576_s0_c0,mme
ch2_p576_s0_c0,crécy
ch2_p576_s1_c0,odette
ch2_p576_s1_c0,part
ch2_p576_s2_c0,mal
ch2_p576_s4_c0,geste
ch2_p576_s4_c0,swann
ch2_p577_s0_c0,sincérité
ch2_p577_s0_c0,conviction
ch2_p577_s0_c0,pensée
ch2_p577_s0_c0,mot
ch2_p577_s0_c0,sens
ch2_p577_s0_c0,affection
ch2_p577_s0_c0,ami
ch2_p578_s4_c0,propos
ch2_p578_s4_c0,tableau
ch2_p578_s4_c0,exemple
ch2_p578_s7_c0,moment
ch2_p578_s7_c0,moment
ch2_p578_s9_c0,garçon
ch2_p578_s11_c0,moment
ch2_p578_s12_c0,mot
ch2_p578_s12_c0,verdurin
ch2_p578_s12_c0,moment
ch2_p578_s12_c0,lieue
ch2_p578_s13_c0,odette
ch2_p578_s13_c0,œil
ch2_p578_s13_c0,amie
ch2_p578_s14_c0,amie
ch2_p578_s15_c0,savez
ch2_p578_s16_c0,mme
ch2_p578_s16_c0,verdurin
ch2_p578_s16_c0,jour
ch2_p578_s16_c0,veille
ch2_p578_s16_c0,départ
ch2_p578_s16_c0,cause
ch2_p578_s16_c0,odette
ch2_p578_s16_c0,swann
ch2_p578_s18_c0,dieu
ch2_p578_s18_c0,conducteur
ch2_p578_s18_c0,rue
ch2_p578_s18_c0,bonaparte
ch2_p578_s18_c0,service
ch2_p578_s18_c0,aigrette
ch2_p578_s18_c0,droite
ch2_p579_s0_c0,mme
ch2_p579_s0_c0,cottard
ch2_p579_s0_c0,manchon
ch2_p579_s0_c0,swann
ch2_p579_s0_c0,main
ch2_p579_s0_c0,correspondance
ch2_p579_s0_c0,vision
ch2_p579_s0_c0,vie
ch2_p579_s0_c0,omnibus
ch2_p579_s0_c0,mêlée
ch2_p579_s0_c0,odeur
ch2_p579_s0_c0,teinturier
ch2_p579_s1_c0,swann
ch2_p579_s1_c0,tendresse
ch2_p579_s1_c0,mme
ch2_p579_s1_c0,verdurin
ch2_p579_s1_c0,odette
ch2_p579_s1_c0,sentiment
ch2_p579_s1_c0,douleur
ch2_p579_s1_c0,amour
ch2_p579_s1_c0,plate
ch2_p579_s1_c0,forme
ch2_p579_s1_c0,oeil
ch2_p579_s1_c0,rue
ch2_p579_s1_c0,bonaparte
ch2_p579_s1_c0,aigrette
ch2_p579_s1_c0,main
ch2_p579_s1_c0,jupe
ch2_p579_s1_c1,cas
ch2_p579_s1_c1,chiffre
ch2_p579_s1_c1,manchon
ch2_p580_s0_c0,concurrence
ch2_p580_s0_c0,sentiment
ch2_p580_s0_c0,swann
ch2_p580_s0_c0,odette
ch2_p580_s0_c0,mme
ch2_p580_s0_c0,cottard
ch2_p580_s0_c0,thérapeute
ch2_p580_s0_c0,mari
ch2_p580_s0_c0,côté
ch2_p580_s0_c0,sentiment
ch2_p580_s0_c0,gratitude
ch2_p580_s0_c0,amitié
ch2_p580_s0_c0,sentiment
ch2_p580_s0_c0,esprit
ch2_p580_s0_c0,swann
ch2_p580_s0_c0,odette
ch2_p580_s0_c0,femme
ch2_p580_s0_c0,femme
ch2_p580_s0_c0,transformation
ch2_p580_s0_c0,odette
ch2_p580_s0_c0,affection
ch2_p580_s0_c1,soir
ch2_p580_s0_c1,fête
ch2_p580_s0_c1,peintre
ch2_p580_s0_c1,verre
ch2_p580_s0_c1,orangeade
ch2_p580_s0_c1,forcheville
ch2_p580_s0_c1,swann
ch2_p581_s0_c0,jadis
ch2_p581_s0_c0,terreur
ch2_p581_s0_c0,jour
ch2_p581_s0_c0,odette
ch2_p581_s0_c0,amour
ch2_p581_s1_c0,affaiblissement
ch2_p581_s1_c0,amour
ch2_p581_s1_c0,affaiblissement
ch2_p581_s1_c0,désir
ch2_p581_s2_c0,sentiment
ch2_p581_s3_c0,nom
ch2_p581_s3_c0,journal
ch2_p581_s3_c0,homme
ch2_p581_s3_c0,amant
ch2_p581_s3_c0,odette
ch2_p581_s3_c0,jalousie
ch2_p581_s4_c0,temps
ch2_p581_s4_c0,manière
ch2_p581_s4_c0,hasard
ch2_p581_s4_c0,route
ch2_p581_s4_c0,beauté
ch2_p581_s4_c0,jalousie
ch2_p581_s4_c0,excitation
ch2_p581_s4_c0,morne
ch2_p581_s4_c0,parisien
ch2_p581_s4_c0,venise
ch2_p581_s4_c0,france
ch2_p581_s4_c1,italie
ch2_p581_s5_c0,temps
ch2_p581_s5_c0,vie
ch2_p581_s5_c0,effort
ch2_p581_s5_c0,vision
ch2_p581_s5_c0,paysage
ch2_p581_s5_c0,amour
ch2_p581_s5_c0,spectacle
ch2_p581_s5_c0,sentiment
ch2_p581_s5_c1,obscurité
ch2_p581_s5_c1,cerveau
ch2_p581_s5_c1,lorgnon
ch2_p581_s5_c1,verre
ch2_p581_s5_c1,temps
ch2_p581_s5_c1,heure
ch2_p581_s5_c1,incuriosité
ch2_p581_s5_c1,engourdissement
ch2_p581_s5_c2,voyageur
ch2_p581_s5_c2,ensommeillé
ch2_p581_s5_c2,chapeau
ch2_p581_s5_c2,oeil
ch2_p581_s5_c2,wagon
ch2_p581_s5_c2,pays
ch2_p581_s6_c0,voyageur
ch2_p581_s6_c0,france
ch2_p581_s6_c0,swann
ch2_p581_s6_c0,hasard
ch2_p581_s6_c0,preuve
ch2_p581_s6_c0,forcheville
ch2_p581_s6_c0,amant
ch2_p581_s6_c0,odette
ch2_p581_s6_c0,douleur
ch2_p581_s6_c0,amour
ch2_p581_s6_c0,moment
ch2_p581_s7_c0,odette
ch2_p581_s7_c0,fois
ch2_p581_s7_c0,mémoire
ch2_p581_s7_c0,visage
ch2_p581_s7_c0,souvenir
ch2_p581_s7_c0,baiser
ch2_p581_s7_c0,pensée
ch2_p581_s7_c0,adieu
ch2_p581_s7_c0,odette
ch2_p581_s7_c0,amour
ch2_p581_s7_c0,jalousie
ch2_p581_s7_c0,odette
ch2_p581_s7_c0,souffrance
ch2_p581_s9_c0,fois
ch2_p581_s9_c0,semaine
ch2_p581_s10_c0,dormant
ch2_p581_s10_c0,crépuscule
ch2_p581_s10_c0,rêve
ch2_p581_s11_c0,mme
ch2_p581_s11_c0,verdurin
ch2_p581_s11_c0,docteur
ch2_p581_s11_c0,cottard
ch2_p581_s11_c0,homme
ch2_p581_s11_c0,fez
ch2_p581_s11_c0,peintre
ch2_p581_s11_c0,odette
ch2_p581_s11_c0,napoléon
ch2_p581_s11_c0,chemin
ch2_p581_s11_c0,mer
ch2_p581_s11_c0,pic
ch2_p581_s11_c0,mètre
ch2_p581_s11_c0,sorte
ch2_p581_s11_c0,promeneur
ch2_p581_s11_c1,jour
ch2_p581_s11_c1,nuit
ch2_p581_s12_c0,moment
ch2_p581_s12_c0,vague
ch2_p581_s12_c0,bord
ch2_p581_s12_c0,swann
ch2_p581_s12_c0,éclaboussure
ch2_p581_s13_c0,odette
ch2_p581_s13_c0,chemise
ch2_p581_s13_c0,nuit
ch2_p581_s14_c0,cause
ch2_p581_s14_c0,obscurité
ch2_p581_s14_c0,mme
ch2_p581_s14_c0,verdurin
ch2_p581_s14_c0,regard
ch2_p581_s14_c0,moment
ch2_p581_s14_c0,figure
ch2_p581_s14_c0,nez
ch2_p581_s14_c0,moustache
ch2_p581_s15_c0,odette
ch2_p581_s15_c0,joue
ch2_p581_s15_c0,point
ch2_p581_s15_c0,trait
ch2_p581_s15_c0,oeil
ch2_p581_s15_c0,tendresse
ch2_p581_s15_c0,larme
ch2_p581_s15_c0,suite
ch2_p581_s16_c0,coup
ch2_p581_s16_c0,odette
ch2_p581_s16_c0,poignet
ch2_p581_s16_c0,congé
ch2_p581_s16_c0,monde
ch2_p581_s16_c0,part
ch2_p581_s16_c0,swann
ch2_p581_s16_c0,soir
ch2_p581_s16_c0,jour
ch2_p581_s17_c0,question
ch2_p581_s17_c0,mme
ch2_p581_s17_c0,verdurin
ch2_p581_s17_c0,cœur
ch2_p581_s17_c0,haine
ch2_p581_s17_c0,odette
ch2_p581_s17_c0,oeil
ch2_p581_s17_c0,heure
ch2_p581_s17_c0,joue
ch2_p581_s17_c0,fraîcheur
ch2_p581_s18_c0,mme
ch2_p581_s18_c0,verdurin
ch2_p581_s18_c0,odette
ch2_p581_s18_c0,sens
ch2_p581_s19_c0,bout
ch2_p581_s19_c0,heure
ch2_p581_s20_c0,peintre
ch2_p581_s20_c0,swann
ch2_p581_s20_c0,napoléon
ch2_p581_s20_c0,instant
ch2_p581_s21_c0,côte
ch2_p581_s21_c0,ensemble
ch2_p581_s21_c0,cause
ch2_p581_s21_c0,convenance
ch2_p581_s22_c0,maîtresse
ch2_p581_s23_c0,homme
ch2_p581_s24_c0,swann
ch2_p581_s24_c0,consoler
ch2_p581_s25_c0,raison
ch2_p581_s25_c0,oeil
ch2_p581_s25_c0,fez
ch2_p581_s25_c0,aise
ch2_p581_s26_c0,fois
ch2_p581_s28_c0,homme
ch2_p581_s29_c0,swann
ch2_p581_s29_c0,homme
ch2_p581_s29_c0,romancier
ch2_p581_s29_c0,personnalité
ch2_p581_s29_c0,personnage
ch2_p581_s29_c0,rêve
ch2_p581_s29_c0,coiffé
ch2_p581_s29_c0,fez
ch2_p582_s0_c0,napoléon
ch2_p582_s0_c0,forcheville
ch2_p582_s0_c0,vague
ch2_p582_s0_c0,association
ch2_p582_s0_c0,idée
ch2_p582_s0_c0,modification
ch2_p582_s0_c0,physionomie
ch2_p582_s0_c0,baron
ch2_p582_s0_c0,cordon
ch2_p582_s0_c0,légion
ch2_p582_s0_c0,honneur
ch2_p582_s0_c0,sautoir
ch2_p582_s0_c0,nom
ch2_p582_s0_c0,réalité
ch2_p582_s0_c0,personnage
ch2_p582_s0_c0,rêve
ch2_p582_s0_c0,forcheville
ch2_p582_s1_c0,image
ch2_p582_s1_c0,swann
ch2_p582_s1_c0,déduction
ch2_p582_s1_c0,pouvoir
ch2_p582_s1_c0,division
ch2_p582_s1_c0,organisme
ch2_p582_s1_c0,chaleur
ch2_p582_s1_c0,paume
ch2_p582_s1_c0,creux
ch2_p582_s1_c0,main
ch2_p582_s1_c0,sentiment
ch2_p582_s1_c0,impression
ch2_p582_s1_c0,conscience
ch2_p582_s1_c0,péripétie
ch2_p582_s1_c1,enchaînement
ch2_p582_s1_c1,point
ch2_p582_s1_c1,sommeil
ch2_p582_s1_c1,swann
ch2_p582_s1_c1,personnage
ch2_p582_s1_c1,amour
ch2_p582_s1_c1,réveil
ch2_p582_s2_c0,nuit
ch2_p582_s2_c0,coup
ch2_p582_s2_c0,tocsin
ch2_p582_s2_c0,habitant
ch2_p582_s2_c0,courant
ch2_p582_s2_c0,maison
ch2_p582_s2_c0,flamme
ch2_p582_s2_c0,swann
ch2_p582_s2_c0,bruit
ch2_p582_s2_c0,vague
ch2_p582_s2_c0,cœur
ch2_p582_s2_c0,violence
ch2_p582_s2_c0,anxiété
ch2_p582_s2_c0,poitrine
ch2_p582_s3_c0,coup
ch2_p582_s3_c0,palpitation
ch2_p582_s3_c0,cœur
ch2_p582_s3_c0,vitesse
ch2_p582_s3_c0,souffrance
ch2_p582_s3_c0,nausée
ch2_p582_s3_c0,paysan
ch2_p582_s3_c0,brûlure
ch2_p582_s3_c0,charlus
ch2_p582_s3_c0,odette
ch2_p582_s3_c0,soirée
ch2_p582_s3_c0,camarade
ch2_p582_s4_c0,feu
ch2_p582_s5_c0,valet
ch2_p582_s5_c0,chambre
ch2_p583_s0_c0,monsieur
ch2_p583_s0_c0,heure
ch2_p583_s0_c0,coiffeur
ch2_p583_s0_c0,heure
ch2_p584_s0_c0,parole
ch2_p584_s0_c0,onde
ch2_p584_s0_c0,sommeil
ch2_p584_s0_c0,swann
ch2_p584_s0_c0,conscience
ch2_p584_s0_c0,déviation
ch2_p584_s0_c0,fond
ch2_p584_s0_c0,eau
ch2_p584_s0_c0,rayon
ch2_p584_s0_c0,soleil
ch2_p584_s0_c0,moment
ch2_p584_s0_c0,bruit
ch2_p584_s0_c0,sonnette
ch2_p584_s0_c0,fond
ch2_p584_s0_c0,abîme
ch2_p584_s0_c0,sonorité
ch2_p584_s0_c0,tocsin
ch2_p584_s0_c0,épisode
ch2_p584_s0_c0,incendie
ch2_p584_s1_c0,décor
ch2_p584_s1_c0,oeil
ch2_p584_s1_c0,poussière
ch2_p584_s1_c0,oeil
ch2_p584_s1_c0,fois
ch2_p584_s1_c0,bruit
ch2_p584_s1_c0,vague
ch2_p584_s1_c0,mer
ch2_p584_s4_c0,sensation
ch2_p584_s4_c0,eau
ch2_p584_s4_c0,goût
ch2_p584_s4_c0,sel
ch2_p584_s6_c0,coiffeur
ch2_p584_s6_c0,heure
ch2_p584_s6_c0,veille
ch2_p584_s6_c0,combray
ch2_p584_s6_c0,mme
ch2_p584_s6_c0,cambremer
ch2_p584_s6_c0,mlle
ch2_p584_s6_c0,legrandin
ch2_p584_s6_c0,jour
ch2_p584_s7_c0,souvenir
ch2_p584_s7_c0,charme
ch2_p584_s7_c0,visage
ch2_p584_s7_c0,campagne
ch2_p584_s7_c0,ensemble
ch2_p584_s7_c0,attrait
ch2_p584_s7_c0,paris
ch2_p584_s7_c0,jour
ch2_p584_s8_c0,hasard
ch2_p584_s8_c0,présence
ch2_p584_s8_c0,personne
ch2_p584_s8_c0,temps
ch2_p584_s8_c0,dépassant
ch2_p584_s8_c0,apparition
ch2_p584_s8_c0,vie
ch2_p584_s8_c0,oeil
ch2_p584_s8_c0,valeur
ch2_p584_s8_c0,avertissement
ch2_p584_s8_c0,présage
ch2_p584_s9_c0,swann
ch2_p584_s9_c0,image
ch2_p584_s9_c0,odette
ch2_p584_s9_c0,théâtre
ch2_p584_s9_c0,soir
ch2_p584_s9_c0,soirée
ch2_p584_s9_c0,mme
ch2_p584_s9_c0,général
ch2_p584_s9_c0,froberville
ch2_p584_s9_c0,mme
ch2_p584_s9_c0,cambremer
ch2_p584_s10_c0,intérêt
ch2_p584_s10_c0,vie
ch2_p584_s10_c0,circonstance
ch2_p584_s10_c0,jalon
ch2_p584_s10_c0,bonheur
ch2_p584_s10_c0,côté
ch2_p584_s10_c0,aggravation
ch2_p584_s10_c0,chagrin
ch2_p584_s11_c0,doute
ch2_p584_s11_c0,swann
ch2_p584_s11_c0,mme
ch2_p584_s12_c0,cas
ch2_p584_s12_c0,soir
ch2_p584_s12_c0,bonheur
ch2_p584_s12_c0,chagrin
ch2_p584_s13_c0,lieu
ch2_p584_s13_c0,chose
ch2_p584_s13_c0,soirée
ch2_p584_s13_c0,mme
ch2_p584_s13_c0,esprit
ch2_p584_s13_c0,richesse
ch2_p584_s13_c0,invention
ch2_p584_s13_c0,vie
ch2_p584_s13_c0,question
ch2_p584_s13_c1,souffrance
ch2_p584_s13_c1,soir
ch2_p584_s13_c1,plaisir
ch2_p584_s13_c1,balance
ch2_p584_s13_c1,sorte
ch2_p584_s13_c1,enchaînement
ch2_p585_s0_c0,heure
ch2_p585_s0_c0,réveil
ch2_p585_s0_c0,indication
ch2_p585_s0_c0,coiffeur
ch2_p585_s0_c0,brosse
ch2_p585_s0_c0,wagon
ch2_p585_s0_c0,rêve
ch2_p585_s0_c0,teint
ch2_p585_s0_c0,odette
ch2_p585_s0_c0,joue
ch2_p585_s0_c0,trait
ch2_p585_s0_c0,oeil
ch2_p585_s0_c1,cours
ch2_p585_s0_c1,tendresse
ch2_p585_s0_c1,amour
ch2_p585_s0_c1,odette
ch2_p585_s0_c1,oubli
ch2_p585_s0_c1,image
ch2_p585_s0_c1,temps
ch2_p585_s0_c1,liaison
ch2_p585_s0_c1,doute
ch2_p585_s0_c1,mémoire
ch2_p585_s0_c1,sensation
ch2_p585_s1_c0,muflerie
ch2_p585_s1_c0,intermittent
ch2_p585_s1_c0,coup
ch2_p585_s1_c0,niveau
ch2_p585_s1_c0,moralité
ch2_p585_s1_c0,année
ch2_p585_s1_c0,vie
ch2_p585_s1_c0,amour
ch2_p585_s1_c0,femme
ch2_p585_s1_c0,genre
ch3_p0_s0_c0,chambre
ch3_p0_s0_c0,image
ch3_p0_s0_c0,nuit
ch3_p0_s0_c0,insomnie
ch3_p0_s0_c0,chambre
ch3_p0_s0_c0,combray
ch3_p0_s0_c0,saupoudrée
ch3_p0_s0_c0,atmosphère
ch3_p0_s0_c0,grenue
ch3_p0_s0_c0,plage
ch3_p0_s0_c0,balbec
ch3_p0_s0_c0,mur
ch3_p0_s0_c0,ripolin
ch3_p0_s0_c0,paroi
ch3_p0_s0_c0,piscine
ch3_p0_s0_c0,eau
ch3_p0_s0_c0,air
ch3_p0_s0_c0,azuré
ch3_p0_s1_c0,tapissier
ch3_p0_s1_c0,bavarois
ch3_p0_s1_c0,aménagement
ch3_p0_s1_c0,hôtel
ch3_p0_s1_c0,décoration
ch3_p0_s1_c0,pièce
ch3_p0_s1_c0,côté
ch3_p0_s1_c0,long
ch3_p0_s1_c0,mur
ch3_p0_s1_c0,bibliothèque
ch3_p0_s1_c0,vitrine
ch3_p0_s1_c0,glace
ch3_p0_s1_c0,place
ch3_p0_s1_c0,partie
ch3_p0_s1_c0,tableau
ch3_p0_s1_c0,mer
ch3_p0_s1_c0,frise
ch3_p0_s1_c0,marine
ch3_p0_s1_c1,acajou
ch3_p0_s2_c0,pièce
ch3_p0_s2_c0,air
ch3_p0_s2_c0,dortoir
ch3_p0_s2_c0,exposition
ch3_p0_s2_c0,style
ch3_p0_s2_c0,mobilier
ch3_p0_s2_c0,œuvre
ch3_p0_s2_c0,art
ch3_p0_s2_c0,oeil
ch3_p0_s2_c0,sujet
ch3_p0_s2_c0,rapport
ch3_p0_s2_c0,genre
ch3_p0_s2_c0,site
ch3_p0_s2_c0,habitation
ch3_p1_s0_c0,balbec
ch3_p1_s0_c0,jour
ch3_p1_s0_c0,tempête
ch3_p1_s0_c0,vent
ch3_p1_s0_c0,françoise
ch3_p1_s0_c0,champ
ch3_p1_s0_c0,élysées
ch3_p1_s0_c0,mur
ch3_p1_s0_c0,tuile
ch3_p1_s0_c0,tête
ch3_p1_s0_c0,naufrage
ch3_p1_s0_c0,journal
ch3_p1_s1_c0,désir
ch3_p1_s1_c0,tempête
ch3_p1_s1_c0,mer
ch3_p1_s1_c0,spectacle
ch3_p1_s1_c0,moment
ch3_p1_s1_c0,vie
ch3_p1_s1_c0,nature
ch3_p1_s1_c0,spectacle
ch3_p1_s1_c0,plaisir
ch3_p1_s1_c0,inchangeable
ch3_p1_s1_c0,beauté
ch3_p1_s1_c0,paysage
ch3_p1_s1_c0,art
ch3_p1_s2_c0,prix
ch3_p1_s2_c0,pensée
ch3_p1_s2_c0,génie
ch3_p1_s2_c0,force
ch3_p1_s2_c0,grâce
ch3_p1_s2_c0,nature
ch3_p1_s2_c0,intervention
ch3_p1_s2_c0,homme
ch3_p1_s3_c0,voix
ch3_p1_s3_c0,phonographe
ch3_p1_s3_c0,mère
ch3_p1_s3_c0,tempête
ch3_p1_s3_c0,fontaine
ch3_p1_s3_c0,exposition
ch3_p1_s4_c0,tempête
ch3_p1_s4_c0,rivage
ch3_p1_s4_c0,rivage
ch3_p1_s4_c0,digue
ch3_p1_s4_c0,municipalité
ch3_p1_s5_c0,nature
ch3_p1_s5_c0,sentiment
ch3_p1_s5_c0,production
ch3_p1_s5_c0,homme
ch3_p1_s6_c0,empreinte
ch3_p1_s6_c0,espace
ch3_p1_s6_c0,expansion
ch3_p1_s6_c0,cœur
ch3_p1_s7_c0,nom
ch3_p1_s7_c0,balbec
ch3_p1_s7_c0,cité
ch3_p1_s7_c0,legrandin
ch3_p1_s7_c0,plage
ch3_p1_s7_c0,côte
ch3_p1_s7_c0,naufrage
ch3_p1_s7_c0,mois
ch3_p1_s7_c0,année
ch3_p1_s7_c0,linceul
ch3_p1_s7_c0,brume
ch3_p1_s7_c0,écume
ch3_p1_s7_c0,vague
ch3_p2_s0_c0,finistère
ch3_p2_s0_c0,hôtel
ch3_p2_s0_c0,ossature
ch3_p2_s0_c0,terre
ch3_p2_s0_c0,fin
ch3_p2_s0_c0,terre
ch3_p2_s0_c0,terre
ch3_p2_s1_c0,campement
ch3_p2_s1_c0,pêcheur
ch3_p2_s1_c0,pêcheur
ch3_p2_s1_c0,monde
ch3_p2_s1_c0,face
ch3_p2_s1_c0,royaume
ch3_p2_s1_c0,brouillard
ch3_p2_s1_c0,mer
ch3_p2_s1_c0,ombre
ch3_p2_s2_c0,jour
ch3_p2_s2_c0,combray
ch3_p2_s2_c0,plage
ch3_p2_s2_c0,balbec
ch3_p2_s2_c0,swann
ch3_p2_s2_c0,point
ch3_p2_s2_c0,tempête
ch3_p2_s2_c0,balbec
ch3_p2_s3_c0,église
ch3_p2_s3_c0,balbec
ch3_p2_s3_c0,siècle
ch3_p2_s3_c0,moitié
ch3_p2_s3_c0,échantillon
ch3_p2_s3_c0,art
ch3_p2_s4_c0,lieu
ch3_p2_s4_c0,nature
ch3_p2_s4_c0,phénomène
ch3_p2_s4_c0,histoire
ch3_p2_s4_c0,océan
ch3_p2_s4_c0,ourse
ch3_p2_s4_c0,pêcheur
ch3_p2_s4_c0,baleine
ch3_p2_s4_c0,moyen
ch3_p2_s4_c0,âge
ch3_p2_s4_c0,charme
ch3_p2_s4_c0,coup
ch3_p2_s4_c0,série
ch3_p2_s4_c0,siècle
ch3_p2_s4_c0,époque
ch3_p2_s4_c1,trèfle
ch3_p2_s4_c1,rocher
ch3_p2_s4_c1,heure
ch3_p2_s4_c1,plante
ch3_p2_s4_c1,vivace
ch3_p2_s4_c1,printemps
ch3_p2_s4_c1,étoilent
ch3_p2_s4_c1,neige
ch3_p2_s4_c1,pôle
ch3_p2_s5_c0,gothique
ch3_p2_s5_c0,lieu
ch3_p2_s5_c0,homme
ch3_p2_s5_c0,détermination
ch3_p2_s6_c0,pêcheur
ch3_p2_s6_c0,essai
ch3_p2_s6_c0,rapport
ch3_p2_s6_c0,moyen
ch3_p2_s6_c0,âge
ch3_p2_s6_c0,point
ch3_p2_s6_c0,côte
ch3_p2_s6_c0,enfer
ch3_p2_s6_c0,pied
ch3_p2_s6_c0,falaise
ch3_p2_s6_c0,mort
ch3_p2_s6_c0,ville
ch3_p2_s6_c0,cas
ch3_p2_s6_c0,rocher
ch3_p2_s6_c1,fin
ch3_p2_s7_c0,reproduction
ch3_p2_s7_c0,statue
ch3_p2_s7_c0,balbec
ch3_p2_s7_c0,apôtre
ch3_p2_s7_c0,vierge
ch3_p2_s7_c0,porche
ch3_p2_s7_c0,joie
ch3_p2_s7_c0,respiration
ch3_p2_s7_c0,poitrine
ch3_p2_s7_c0,relief
ch3_p2_s7_c0,brouillard
ch3_p2_s8_c0,soir
ch3_p2_s8_c0,février
ch3_p2_s8_c0,vent
ch3_p2_s8_c0,cœur
ch3_p2_s8_c0,cheminée
ch3_p2_s8_c0,chambre
ch3_p2_s8_c0,projet
ch3_p2_s8_c0,voyage
ch3_p2_s8_c0,balbec
ch3_p2_s8_c0,désir
ch3_p2_s8_c0,architecture
ch3_p2_s8_c0,tempête
ch3_p2_s8_c0,mer
ch3_p3_s0_c0,lendemain
ch3_p3_s0_c0,train
ch3_p3_s0_c0,heure
ch3_p3_s0_c0,cœur
ch3_p3_s0_c0,palpitât
ch3_p3_s0_c0,réclame
ch3_p3_s0_c0,compagnie
ch3_p3_s0_c0,chemin
ch3_p3_s0_c0,fer
ch3_p3_s0_c0,annonce
ch3_p3_s0_c0,voyage
ch3_p3_s0_c0,heure
ch3_p3_s0_c0,départ
ch3_p3_s0_c0,point
ch3_p3_s0_c0,entaille
ch3_p3_s0_c0,marque
ch3_p3_s0_c0,heure
ch3_p3_s0_c0,soir
ch3_p3_s0_c0,matin
ch3_p3_s0_c0,lendemain
ch3_p3_s0_c1,lieu
ch3_p3_s0_c1,paris
ch3_p3_s0_c1,ville
ch3_p3_s0_c1,train
ch3_p3_s0_c1,bayeux
ch3_p3_s0_c1,coutance
ch3_p3_s0_c1,vitré
ch3_p3_s0_c1,questambert
ch3_p3_s0_c1,pontorson
ch3_p3_s0_c1,balbec
ch3_p3_s0_c1,lannion
ch3_p3_s0_c1,lamballe
ch3_p3_s0_c1,benodet
ch3_p3_s0_c1,quimperlé
ch3_p3_s0_c2,nom
ch3_p3_s0_c2,impossibilité
ch3_p3_s1_c0,hâte
ch3_p3_s1_c0,soir
ch3_p3_s1_c0,parent
ch3_p3_s1_c0,balbec
ch3_p3_s1_c0,jour
ch3_p3_s1_c0,mer
ch3_p3_s1_c0,écume
ch3_p3_s1_c0,envolée
ch3_p3_s1_c0,église
ch3_p3_s1_c0,style
ch3_p3_s2_c0,approche
ch3_p3_s2_c0,vacance
ch3_p3_s2_c0,pâques
ch3_p3_s2_c0,parent
ch3_p3_s2_c0,fois
ch3_p3_s2_c0,nord
ch3_p3_s2_c0,italie
ch3_p3_s2_c0,rêve
ch3_p3_s2_c0,tempête
ch3_p3_s2_c0,vague
ch3_p3_s2_c0,côte
ch3_p3_s2_c0,église
ch3_p3_s2_c0,escarpée
ch3_p3_s2_c0,falaise
ch3_p3_s2_c0,tour
ch3_p3_s2_c0,oiseau
ch3_p3_s2_c0,mer
ch3_p3_s2_c0,coup
ch3_p3_s2_c1,charme
ch3_p3_s2_c1,rêve
ch3_p3_s2_c1,printemps
ch3_p3_s2_c1,diapré
ch3_p3_s2_c1,printemps
ch3_p3_s2_c1,combray
ch3_p3_s2_c1,aiguille
ch3_p3_s2_c1,givre
ch3_p3_s2_c1,lys
ch3_p3_s2_c1,anémone
ch3_p3_s2_c1,champ
ch3_p3_s2_c1,fiésole
ch3_p3_s2_c1,florence
ch3_p3_s2_c1,fonds
ch3_p3_s2_c1,angelico
ch3_p3_s3_c0,rayon
ch3_p3_s3_c0,parfum
ch3_p3_s3_c0,couleur
ch3_p3_s3_c0,prix
ch3_p3_s3_c0,alternance
ch3_p3_s3_c0,image
ch3_p3_s3_c0,changement
ch3_p3_s3_c0,front
ch3_p3_s3_c0,désir
ch3_p3_s3_c0,musique
ch3_p3_s3_c0,complet
ch3_p3_s3_c0,changement
ch3_p3_s3_c0,sensibilité
ch3_p3_s4_c0,variation
ch3_p3_s4_c0,modulation
ch3_p3_s4_c0,besoin
ch3_p3_s4_c0,saison
ch3_p3_s5_c0,jour
ch3_p3_s5_c0,plaisir
ch3_p3_s5_c0,rêve
ch3_p3_s5_c0,train
ch3_p3_s5_c0,tour
ch3_p3_s5_c0,feuillet
ch3_p3_s5_c0,chapitre
ch3_p3_s5_c0,calendrier
ch3_p3_s5_c0,bonheur
ch3_p3_s6_c0,phénomène
ch3_p3_s6_c0,confort
ch3_p3_s6_c0,santé
ch3_p3_s6_c0,bénéfice
ch3_p3_s6_c0,jour
ch3_p3_s6_c0,science
ch3_p3_s6_c0,volonté
ch3_p3_s6_c0,main
ch3_p3_s6_c0,possibilité
ch3_p3_s6_c0,apparition
ch3_p3_s6_c0,tutelle
ch3_p3_s6_c0,agrément
ch3_p3_s6_c0,hasard
ch3_p3_s6_c0,production
ch3_p3_s6_c0,rêve
ch3_p3_s6_c0,atlantique
ch3_p3_s6_c0,italie
ch3_p3_s6_c0,changement
ch3_p3_s6_c0,saison
ch3_p3_s6_c0,temps
ch3_p3_s7_c0,besoin
ch3_p3_s7_c0,nom
ch3_p3_s7_c0,balbec
ch3_p3_s7_c0,venise
ch3_p3_s7_c0,florence
ch3_p3_s7_c0,intérieur
ch3_p3_s7_c0,désir
ch3_p3_s7_c0,lieu
ch3_p3_s8_c0,printemps
ch3_p3_s8_c0,livre
ch3_p3_s8_c0,nom
ch3_p3_s8_c0,balbec
ch3_p3_s8_c0,désir
ch3_p3_s8_c0,tempête
ch3_p3_s8_c0,gothique
ch3_p3_s8_c0,jour
ch3_p3_s8_c0,tempête
ch3_p3_s8_c0,nom
ch3_p3_s8_c0,florence
ch3_p3_s8_c0,venise
ch3_p3_s8_c0,désir
ch3_p3_s8_c0,soleil
ch3_p3_s8_c0,lys
ch3_p3_s8_c0,palais
ch3_p3_s8_c0,doges
ch3_p4_s0_c0,nom
ch3_p4_s0_c0,image
ch3_p4_s0_c0,ville
ch3_p4_s0_c0,transformant
ch3_p4_s0_c0,réapparition
ch3_p4_s0_c0,loi
ch3_p4_s0_c0,conséquence
ch3_p4_s0_c0,ville
ch3_p4_s0_c0,normandie
ch3_p4_s0_c0,toscane
ch3_p4_s0_c0,réalité
ch3_p4_s0_c0,joie
ch3_p4_s0_c0,imagination
ch3_p4_s0_c0,déception
ch3_p4_s0_c0,voyage
ch3_p4_s1_c0,idée
ch3_p4_s1_c0,lieu
ch3_p4_s1_c0,terre
ch3_p4_s1_c0,particulier
ch3_p4_s1_c0,conséquent
ch3_p4_s2_c0,ville
ch3_p4_s2_c0,paysage
ch3_p4_s2_c0,monument
ch3_p4_s2_c0,tableau
ch3_p4_s2_c0,matière
ch3_p4_s2_c0,inconnu
ch3_p4_s2_c0,âme
ch3_p4_s2_c0,soif
ch3_p4_s2_c0,profit
ch3_p4_s3_c0,chose
ch3_p4_s3_c0,nom
ch3_p4_s3_c0,nom
ch3_p4_s3_c0,nom
ch3_p4_s3_c0,personne
ch3_p4_s4_c0,mot
ch3_p4_s4_c0,chose
ch3_p4_s4_c0,image
ch3_p4_s4_c0,mur
ch3_p4_s4_c0,école
ch3_p4_s4_c0,enfant
ch3_p4_s4_c0,exemple
ch3_p4_s4_c0,établi
ch3_p4_s4_c0,oiseau
ch3_p4_s4_c0,fourmilière
ch3_p4_s4_c0,chose
ch3_p4_s4_c0,sorte
ch3_p4_s5_c0,nom
ch3_p4_s5_c0,personne
ch3_p4_s5_c0,ville
ch3_p4_s5_c0,personne
ch3_p4_s5_c0,image
ch3_p4_s5_c0,sonorité
ch3_p4_s5_c0,couleur
ch3_p4_s5_c0,affiche
ch3_p4_s5_c0,cause
ch3_p4_s5_c0,limite
ch3_p4_s5_c0,procédé
ch3_p4_s5_c0,caprice
ch3_p4_s5_c0,décorateur
ch3_p4_s5_c0,ciel
ch3_p4_s5_c0,mer
ch3_p4_s5_c0,barque
ch3_p4_s5_c0,église
ch3_p4_s5_c1,passant
ch3_p4_s6_c0,nom
ch3_p4_s6_c0,parme
ch3_p4_s6_c0,ville
ch3_p4_s6_c0,chartreuse
ch3_p4_s6_c0,compact
ch3_p4_s6_c0,mauve
ch3_p4_s6_c0,maison
ch3_p4_s6_c0,parme
ch3_p4_s6_c0,plaisir
ch3_p4_s6_c0,demeure
ch3_p4_s6_c0,mauve
ch3_p4_s6_c1,rapport
ch3_p4_s6_c1,demeure
ch3_p4_s6_c1,ville
ch3_p4_s6_c1,italie
ch3_p4_s6_c1,aide
ch3_p4_s6_c1,syllabe
ch3_p4_s6_c1,nom
ch3_p4_s6_c1,parme
ch3_p4_s6_c1,air
ch3_p4_s6_c1,douceur
ch3_p4_s6_c1,reflet
ch3_p4_s6_c1,violette
ch3_p4_s7_c0,florence
ch3_p4_s7_c0,ville
ch3_p4_s7_c0,corolle
ch3_p4_s7_c0,cité
ch3_p4_s7_c0,lys
ch3_p4_s7_c0,cathédrale
ch3_p4_s8_c0,balbec
ch3_p4_s8_c0,nom
ch3_p4_s8_c0,poterie
ch3_p4_s8_c0,couleur
ch3_p4_s8_c0,terre
ch3_p4_s8_c0,représentation
ch3_p4_s8_c0,usage
ch3_p4_s8_c0,droit
ch3_p4_s8_c0,état
ch3_p4_s8_c0,lieu
ch3_p4_s8_c0,manière
ch3_p4_s8_c0,syllabe
ch3_p4_s8_c0,aubergiste
ch3_p4_s8_c0,café
ch3_p4_s8_c0,lait
ch3_p4_s8_c0,arrivée
ch3_p4_s8_c1,mer
ch3_p4_s8_c1,église
ch3_p4_s8_c1,aspect
ch3_p4_s8_c1,disputeur
ch3_p4_s8_c1,solennel
ch3_p4_s8_c1,personnage
ch3_p4_s8_c1,fabliau
ch3_p5_s0_c0,santé
ch3_p5_s0_c0,parent
ch3_p5_s0_c0,balbec
ch3_p5_s0_c0,fois
ch3_p5_s0_c0,connaissance
ch3_p5_s0_c0,architecture
ch3_p5_s0_c0,paysage
ch3_p5_s0_c0,normandie
ch3_p5_s0_c0,bretagne
ch3_p5_s0_c0,train
ch3_p5_s0_c0,heure
ch3_p5_s0_c0,fois
ch3_p5_s0_c0,imagination
ch3_p5_s0_c0,préférence
ch3_p5_s0_c0,ville
ch3_p5_s0_c0,être
ch3_p5_s0_c1,bayeux
ch3_p5_s0_c1,dentelle
ch3_p5_s0_c1,rougeâtre
ch3_p5_s0_c1,faîte
ch3_p5_s0_c1,vieux
ch3_p5_s0_c1,syllabe
ch3_p5_s0_c1,vitré
ch3_p5_s0_c1,accent
ch3_p5_s0_c1,losangeait
ch3_p5_s0_c1,bois
ch3_p5_s0_c1,vitrage
ch3_p5_s0_c1,lamballe
ch3_p5_s0_c1,blanc
ch3_p5_s0_c1,jaune
ch3_p5_s0_c1,coquille
ch3_p5_s0_c1,œuf
ch3_p5_s0_c1,gris
ch3_p5_s0_c1,perle
ch3_p5_s0_c1,coutance
ch3_p5_s0_c1,cathédrale
ch3_p5_s0_c1,diphtongue
ch3_p5_s0_c2,jaunissante
ch3_p5_s0_c2,tour
ch3_p5_s0_c2,beurre
ch3_p5_s0_c2,lannion
ch3_p5_s0_c2,bruit
ch3_p5_s0_c2,silence
ch3_p5_s0_c2,villageois
ch3_p5_s0_c2,coche
ch3_p5_s0_c2,mouche
ch3_p5_s0_c2,questambert
ch3_p5_s0_c2,pontorson
ch3_p5_s0_c2,plume
ch3_p5_s0_c2,bec
ch3_p5_s0_c2,route
ch3_p5_s0_c2,lieu
ch3_p5_s0_c2,benodet
ch3_p5_s0_c2,nom
ch3_p5_s0_c2,peine
ch3_p5_s0_c2,rivière
ch3_p5_s0_c2,milieu
ch3_p5_s0_c2,algue
ch3_p5_s0_c3,envolée
ch3_p5_s0_c3,aile
ch3_p5_s0_c3,coiffe
ch3_p5_s0_c3,eau
ch3_p5_s0_c3,verdie
ch3_p5_s0_c3,canal
ch3_p5_s0_c3,quimperlé
ch3_p5_s0_c3,moyen
ch3_p5_s0_c3,âge
ch3_p5_s0_c3,ruisseau
ch3_p5_s0_c3,grisaille
ch3_p5_s0_c3,travers
ch3_p5_s0_c3,toile
ch3_p5_s0_c3,araignée
ch3_p5_s0_c3,verrière
ch3_p5_s0_c3,rayon
ch3_p5_s0_c3,soleil
ch3_p5_s0_c3,pointe
ch3_p5_s0_c3,argent
ch3_p6_s0_c0,image
ch3_p6_s0_c0,raison
ch3_p6_s0_c0,doute
ch3_p6_s0_c0,imagination
ch3_p6_s0_c0,sens
ch3_p6_s0_c0,plaisir
ch3_p6_s0_c0,présent
ch3_p6_s0_c0,refuge
ch3_p6_s0_c0,nom
ch3_p6_s0_c0,doute
ch3_p6_s0_c0,rêve
ch3_p6_s0_c1,désir
ch3_p6_s0_c1,nom
ch3_p6_s0_c1,curiosité
ch3_p6_s0_c1,ville
ch3_p6_s0_c1,intermédiaire
ch3_p6_s0_c1,nom
ch3_p6_s0_c1,balbec
ch3_p6_s0_c1,verre
ch3_p6_s0_c1,bain
ch3_p6_s0_c1,mer
ch3_p6_s0_c1,vague
ch3_p6_s0_c1,église
ch3_p6_s0_c1,style
ch3_p6_s1_c0,simplification
ch3_p6_s1_c0,image
ch3_p6_s1_c0,cause
ch3_p6_s1_c0,empire
ch3_p6_s2_c0,père
ch3_p6_s2_c0,année
ch3_p6_s2_c0,vacance
ch3_p6_s2_c0,pâques
ch3_p6_s2_c0,florence
ch3_p6_s2_c0,venise
ch3_p6_s2_c0,place
ch3_p6_s2_c0,nom
ch3_p6_s2_c0,florence
ch3_p6_s2_c0,élément
ch3_p6_s2_c0,habitude
ch3_p6_s2_c0,ville
ch3_p6_s2_c0,cité
ch3_p6_s2_c0,fécondation
ch3_p6_s2_c0,parfum
ch3_p6_s2_c0,essence
ch3_p6_s2_c0,génie
ch3_p6_s2_c0,giotto
ch3_p6_s3_c0,nom
ch3_p6_s3_c0,durée
ch3_p6_s3_c0,espace
ch3_p6_s3_c0,tableau
ch3_p6_s3_c0,giotto
ch3_p6_s3_c0,moment
ch3_p6_s3_c0,action
ch3_p6_s3_c0,personnage
ch3_p6_s3_c0,lit
ch3_p6_s3_c0,cheval
ch3_p6_s3_c0,nom
ch3_p6_s3_c0,florence
ch3_p6_s3_c0,compartiment
ch3_p6_s4_c0,dais
ch3_p6_s4_c0,fresque
ch3_p6_s4_c0,rideau
ch3_p6_s4_c0,soleil
ch3_p6_s4_c0,nom
ch3_p6_s4_c0,ambiance
ch3_p6_s4_c0,vie
ch3_p6_s4_c0,vie
ch3_p6_s4_c0,plaisir
ch3_p6_s4_c0,scène
ch3_p6_s4_c1,attrait
ch3_p6_s4_c1,œuvre
ch3_p6_s4_c1,primitif
ch3_p6_s4_c1,déjeuner
ch3_p6_s4_c1,fruit
ch3_p6_s4_c1,vin
ch3_p6_s4_c1,chianti
ch3_p6_s4_c1,ponte
ch3_p6_s4_c1,vecchio
ch3_p6_s4_c1,jonquille
ch3_p6_s4_c1,narcisse
ch3_p6_s4_c1,anémone
ch3_p6_s5_c0,paris
ch3_p6_s6_c0,point
ch3_p6_s6_c0,vue
ch3_p6_s6_c0,pays
ch3_p6_s6_c0,moment
ch3_p6_s6_c0,place
ch3_p6_s6_c0,vie
ch3_p6_s6_c0,pays
ch3_p6_s7_c0,doute
ch3_p6_s7_c0,attention
ch3_p6_s7_c0,pensée
ch3_p6_s7_c0,mot
ch3_p6_s7_c0,florence
ch3_p6_s7_c0,parme
ch3_p6_s7_c0,pise
ch3_p6_s7_c0,venise
ch3_p6_s7_c0,compte
ch3_p6_s7_c0,ville
ch3_p6_s7_c0,chose
ch3_p6_s7_c0,humanité
ch3_p6_s7_c0,vie
ch3_p6_s7_c0,fin
ch3_p6_s7_c0,hiver
ch3_p6_s7_c1,merveille
ch3_p6_s7_c1,matinée
ch3_p6_s7_c1,printemps
ch3_p6_s8_c0,image
ch3_p6_s8_c0,nuit
ch3_p6_s8_c0,jour
ch3_p6_s8_c0,différencièrent
ch3_p6_s8_c0,époque
ch3_p6_s8_c0,vie
ch3_p6_s8_c0,oeil
ch3_p6_s8_c0,observateur
ch3_p6_s8_c0,chose
ch3_p6_s8_c0,opéra
ch3_p6_s8_c0,motif
ch3_p6_s8_c0,nouveauté
ch3_p6_s8_c0,livret
ch3_p6_s8_c1,théâtre
ch3_p6_s8_c1,quart
ch3_p6_s8_c1,heure
ch3_p6_s9_c0,point
ch3_p6_s9_c0,vue
ch3_p6_s9_c0,quantité
ch3_p6_s9_c0,vie
ch3_p6_s9_c0,jour
ch3_p6_s10_c0,jour
ch3_p6_s10_c0,nature
ch3_p6_s10_c0,voiture
ch3_p6_s10_c0,vitesse
ch3_p6_s11_c0,jour
ch3_p6_s11_c0,temps
ch3_p6_s11_c0,jour
ch3_p6_s11_c0,pente
ch3_p6_s11_c0,fond
ch3_p6_s11_c0,train
ch3_p6_s12_c0,mois
ch3_p6_s12_c0,mélodie
ch3_p6_s12_c0,rassasier
ch3_p6_s12_c0,image
ch3_p6_s12_c0,florence
ch3_p6_s12_c0,venise
ch3_p6_s12_c0,pise
ch3_p6_s12_c0,désir
ch3_p6_s12_c0,chose
ch3_p6_s12_c0,amour
ch3_p6_s12_c0,amour
ch3_p6_s12_c0,réalité
ch3_p6_s12_c1,espérance
ch3_p6_s12_c1,chrétien
ch3_p6_s12_c1,âge
ch3_p6_s12_c1,veille
ch3_p6_s12_c1,paradis
ch3_p6_s13_c0,contradiction
ch3_p6_s13_c0,organe
ch3_p6_s13_c0,sens
ch3_p6_s13_c0,rêverie
ch3_p6_s13_c0,réalité
ch3_p6_s13_c0,image
ch3_p6_s13_c0,désir
ch3_p6_s13_c0,promesse
ch3_p6_s14_c0,exaltation
ch3_p6_s14_c0,motif
ch3_p6_s14_c0,désir
ch3_p6_s14_c0,jouissance
ch3_p6_s14_c0,guide
ch3_p6_s14_c0,livre
ch3_p6_s14_c0,guide
ch3_p6_s14_c0,indicateur
ch3_p6_s14_c0,chemin
ch3_p6_s14_c0,fer
ch3_p6_s15_c0,florence
ch3_p6_s15_c0,imagination
ch3_p6_s15_c0,trajet
ch3_p6_s15_c0,biais
ch3_p6_s15_c0,détour
ch3_p6_s15_c0,voie
ch3_p6_s15_c0,terre
ch3_p6_s16_c0,valeur
ch3_p6_s16_c0,venise
ch3_p6_s16_c0,école
ch3_p6_s16_c0,giorgione
ch3_p6_s16_c0,demeure
ch3_p6_s16_c0,titien
ch3_p6_s16_c0,musée
ch3_p6_s16_c0,architecture
ch3_p6_s16_c0,moyen
ch3_p6_s16_c0,âge
ch3_p6_s17_c0,course
ch3_p6_s17_c0,cause
ch3_p6_s17_c0,temps
ch3_p6_s17_c0,jour
ch3_p6_s17_c0,printemps
ch3_p6_s17_c0,temps
ch3_p6_s17_c0,hiver
ch3_p6_s17_c0,habitude
ch3_p6_s17_c0,combray
ch3_p6_s17_c0,semaine
ch3_p6_s17_c0,boulevard
ch3_p6_s17_c0,marronnier
ch3_p6_s17_c0,air
ch3_p6_s17_c0,eau
ch3_p6_s17_c0,invité
ch3_p6_s17_c0,tenue
ch3_p6_s17_c1,arrondir
ch3_p6_s17_c1,bloc
ch3_p6_s17_c1,verdure
ch3_p6_s17_c1,puissance
ch3_p6_s17_c1,froid
ch3_p6_s17_c1,progressive
ch3_p6_s17_c1,poussée
ch3_p6_s17_c2,ponte
ch3_p6_s17_c2,vecchio
ch3_p6_s17_c2,foison
ch3_p6_s17_c2,jacinthe
ch3_p6_s17_c2,anémone
ch3_p6_s17_c2,soleil
ch3_p6_s17_c2,printemps
ch3_p6_s17_c2,flot
ch3_p6_s17_c2,canal
ch3_p6_s17_c2,azur
ch3_p6_s17_c2,émeraude
ch3_p6_s17_c2,pied
ch3_p6_s17_c2,peinture
ch3_p6_s17_c2,titien
ch3_p6_s17_c2,coloris
ch3_p6_s18_c0,joie
ch3_p6_s18_c0,père
ch3_p6_s18_c0,baromètre
ch3_p6_s18_c0,froid
ch3_p6_s18_c0,train
ch3_p6_s18_c0,déjeuner
ch3_p6_s18_c0,laboratoire
ch3_p6_s18_c0,chambre
ch3_p6_s18_c0,transmutation
ch3_p6_s18_c0,lendemain
ch3_p6_s18_c0,cité
ch3_p6_s18_c0,marbre
ch3_p6_s18_c0,rehaussée
ch3_p6_s18_c0,jaspe
ch3_p6_s18_c0,émeraude
ch3_p6_s19_c0,cité
ch3_p6_s19_c0,lys
ch3_p6_s19_c0,tableau
ch3_p6_s19_c0,volonté
ch3_p6_s19_c0,imagination
ch3_p6_s19_c0,distance
ch3_p6_s19_c0,paris
ch3_p6_s19_c0,place
ch3_p6_s19_c0,terre
ch3_p6_s19_c0,mot
ch3_p6_s20_c0,père
ch3_p6_s20_c0,somme
ch3_p6_s20_c0,venise
ch3_p6_s20_c0,avril
ch3_p6_s20_c0,florence
ch3_p6_s20_c0,matin
ch3_p6_s20_c0,pâques
ch3_p6_s20_c0,espace
ch3_p6_s20_c0,temps
ch3_p6_s20_c0,voyage
ch3_p6_s20_c0,fois
ch3_p6_s20_c0,émotion
ch3_p6_s20_c1,temps
ch3_p6_s20_c1,ville
ch3_p6_s20_c1,jour
ch3_p6_s20_c1,certificat
ch3_p6_s20_c1,authenticité
ch3_p6_s20_c1,objet
ch3_p6_s20_c1,jour
ch3_p6_s20_c1,usage
ch3_p6_s20_c2,semaine
ch3_p6_s20_c2,lundi
ch3_p6_s20_c2,blanchisseur
ch3_p6_s20_c2,gilet
ch3_p6_s20_c2,encre
ch3_p6_s20_c2,temps
ch3_p6_s20_c2,cité
ch3_p6_s20_c2,reine
ch3_p6_s20_c2,géométrie
ch3_p6_s20_c2,dôme
ch3_p6_s20_c2,tour
ch3_p6_s20_c2,plan
ch3_p6_s20_c2,vie
ch3_p6_s21_c0,chemin
ch3_p6_s21_c0,degré
ch3_p6_s21_c0,allégresse
ch3_p6_s21_c0,révélation
ch3_p6_s21_c0,rue
ch3_p6_s21_c0,rougie
ch3_p6_s21_c0,reflet
ch3_p6_s21_c0,fresque
ch3_p6_s21_c0,giorgione
ch3_p6_s21_c0,avertissement
ch3_p6_s21_c0,homme
ch3_p6_s21_c0,mer
ch3_p6_s21_c1,armure
ch3_p6_s21_c1,reflet
ch3_p6_s21_c1,bronze
ch3_p6_s21_c1,pli
ch3_p6_s21_c1,manteau
ch3_p6_s21_c1,venise
ch3_p6_s21_c1,semaine
ch3_p6_s21_c1,veille
ch3_p6_s21_c1,pâques
ch3_p6_s21_c1,personnage
ch3_p6_s21_c1,photographie
ch3_p6_s21_c1,illustrateur
ch3_p6_s21_c1,chapeau
ch3_p6_s21_c1,melon
ch3_p6_s21_c1,proche
ch3_p6_s21_c1,père
ch3_p6_s21_c1,canal
ch3_p6_s21_c2,hasard
ch3_p6_s21_c2,malle
ch3_p6_s21_c2,hiver
ch3_p6_s21_c2,veston
ch3_p6_s22_c0,mot
ch3_p6_s22_c0,sorte
ch3_p6_s22_c0,extase
ch3_p6_s22_c0,rocher
ch3_p6_s22_c0,améthyste
ch3_p6_s22_c0,récif
ch3_p6_s22_c0,mer
ch3_p6_s22_c0,inde
ch3_p6_s22_c0,gymnastique
ch3_p6_s22_c0,force
ch3_p6_s22_c0,carapace
ch3_p6_s22_c0,objet
ch3_p6_s22_c0,air
ch3_p6_s22_c0,chambre
ch3_p6_s22_c0,remplacer
ch3_p6_s22_c0,party
ch3_p6_s22_c0,air
ch3_p6_s22_c1,atmosphère
ch3_p6_s22_c1,indicible
ch3_p6_s22_c1,rêve
ch3_p6_s22_c1,imagination
ch3_p6_s22_c1,nom
ch3_p6_s22_c1,venise
ch3_p6_s22_c1,désincarnation
ch3_p6_s22_c1,vague
ch3_p6_s22_c1,envie
ch3_p6_s22_c1,mal
ch3_p6_s22_c1,gorge
ch3_p6_s22_c1,lit
ch3_p6_s22_c1,fièvre
ch3_p6_s22_c1,tenace
ch3_p6_s22_c1,docteur
ch3_p6_s22_c1,florence
ch3_p6_s22_c1,venise
ch3_p6_s22_c2,an
ch3_p6_s22_c2,projet
ch3_p6_s22_c2,voyage
ch3_p6_s22_c2,cause
ch3_p6_s22_c2,agitation
ch3_p7_s0_c0,théâtre
ch3_p7_s0_c0,berma
ch3_p7_s0_c0,artiste
ch3_p7_s0_c0,bergotte
ch3_p7_s0_c0,génie
ch3_p7_s0_c0,chose
ch3_p7_s0_c0,florence
ch3_p7_s0_c0,venise
ch3_p7_s0_c0,balbec
ch3_p7_s1_c0,jour
ch3_p7_s1_c0,champ
ch3_p7_s1_c0,élysées
ch3_p7_s1_c0,surveillance
ch3_p7_s1_c0,françoise
ch3_p7_s1_c0,entrée
ch3_p7_s1_c0,service
ch3_p7_s1_c0,mort
ch3_p7_s1_c0,tante
ch3_p7_s1_c0,léonie
ch3_p7_s2_c0,aller
ch3_p7_s2_c0,champ
ch3_p7_s2_c0,élysées
ch3_p7_s3_c0,bergotte
ch3_p7_s3_c0,livre
ch3_p7_s3_c0,doute
ch3_p7_s3_c0,chose
ch3_p7_s3_c0,imagination
ch3_p7_s4_c0,personnalité
ch3_p7_s4_c0,réalité
ch3_p7_s4_c0,jardin
ch3_p7_s4_c0,rêve
ch3_p8_s0_c0,jour
ch3_p8_s0_c0,place
ch3_p8_s0_c0,côté
ch3_p8_s0_c0,cheval
ch3_p8_s0_c0,bois
ch3_p8_s0_c0,françoise
ch3_p8_s0_c0,excursion
ch3_p8_s0_c0,frontière
ch3_p8_s0_c0,intervalle
ch3_p8_s0_c0,bastion
ch3_p8_s0_c0,marchand
ch3_p8_s0_c0,sucre
ch3_p8_s0_c0,orge
ch3_p8_s0_c0,région
ch3_p8_s0_c0,visage
ch3_p8_s0_c1,voiture
ch3_p8_s0_c1,chèvre
ch3_p8_s0_c1,affaire
ch3_p8_s0_c1,chaise
ch3_p8_s0_c1,massif
ch3_p8_s0_c1,laurier
ch3_p8_s0_c1,pelouse
ch3_p8_s0_c1,soleil
ch3_p8_s0_c1,bout
ch3_p8_s0_c1,bassin
ch3_p8_s0_c1,statue
ch3_p8_s0_c1,allée
ch3_p8_s0_c1,fillette
ch3_p8_s0_c1,cheveu
ch3_p8_s0_c1,volant
ch3_p8_s0_c1,vasque
ch3_p8_s0_c1,train
ch3_p8_s0_c1,manteau
ch3_p8_s0_c1,raquette
ch3_p8_s0_c2,voix
ch3_p8_s0_c2,adieu
ch3_p8_s0_c2,gilberte
ch3_p8_s0_c2,soir
ch3_p8_s0_c2,dîner
ch3_p8_s1_c0,nom
ch3_p8_s1_c0,gilberte
ch3_p8_s1_c0,existence
ch3_p8_s1_c0,absent
ch3_p8_s1_c0,interpeller
ch3_p8_s1_c0,action
ch3_p8_s1_c0,puissance
ch3_p8_s1_c0,courbe
ch3_p8_s1_c0,jet
ch3_p8_s1_c0,approche
ch3_p8_s1_c0,but
ch3_p8_s1_c0,bord
ch3_p8_s1_c0,connaissance
ch3_p8_s1_c0,notion
ch3_p8_s1_c1,amie
ch3_p8_s1_c1,mémoire
ch3_p8_s1_c1,intimité
ch3_p8_s1_c1,visite
ch3_p8_s1_c2,inconnu
ch3_p8_s1_c2,contraire
ch3_p8_s1_c2,fille
ch3_p8_s1_c2,air
ch3_p8_s1_c2,cri
ch3_p8_s1_c2,air
ch3_p8_s1_c2,émanation
ch3_p8_s1_c2,précision
ch3_p8_s1_c2,point
ch3_p8_s1_c2,vie
ch3_p8_s1_c2,mlle
ch3_p8_s1_c2,swann
ch3_p8_s1_c2,soir
ch3_p8_s1_c3,dîner
ch3_p8_s1_c3,passager
ch3_p8_s1_c3,milieu
ch3_p8_s1_c3,enfant
ch3_p8_s1_c3,bonne
ch3_p8_s1_c3,nuage
ch3_p8_s1_c3,couleur
ch3_p8_s1_c3,jardin
ch3_p8_s1_c3,poussin
ch3_p8_s1_c3,nuage
ch3_p8_s1_c3,opéra
ch3_p8_s1_c3,cheval
ch3_p8_s1_c3,char
ch3_p8_s1_c3,apparition
ch3_p8_s1_c3,vie
ch3_p8_s1_c3,dieu
ch3_p8_s1_c3,herbe
ch3_p8_s1_c4,endroit
ch3_p8_s1_c4,morceau
ch3_p8_s1_c4,fois
ch3_p8_s1_c4,pelouse
ch3_p8_s1_c4,moment
ch3_p8_s1_c4,blonde
ch3_p8_s1_c4,volant
ch3_p8_s1_c4,instituteur
ch3_p8_s1_c4,plumet
ch3_p8_s1_c4,bande
ch3_p8_s1_c4,couleur
ch3_p8_s1_c4,héliotrope
ch3_p8_s1_c4,reflet
ch3_p8_s1_c4,tapis
ch3_p8_s1_c4,profanateur
ch3_p8_s1_c5,françoise
ch3_p8_s1_c5,paletot
ch3_p8_s1_c5,filon
ch3_p8_s1_c5,fois
ch3_p8_s1_c5,irritation
ch3_p8_s1_c5,langage
ch3_p8_s1_c5,plumet
ch3_p8_s1_c5,chapeau
ch3_p9_s0_c0,champ
ch3_p9_s0_c0,élysées
ch3_p9_s1_c0,lendemain
ch3_p9_s1_c0,jour
ch3_p9_s1_c0,temps
ch3_p9_s1_c0,endroit
ch3_p9_s1_c0,amie
ch3_p9_s1_c0,fois
ch3_p9_s1_c0,nombre
ch3_p9_s1_c0,partie
ch3_p9_s1_c0,barre
ch3_p9_s1_c0,camp
ch3_p9_s1_c0,fois
ch3_p9_s2_c0,jour
ch3_p9_s2_c0,cours
ch3_p9_s2_c0,catéchisme
ch3_p9_s2_c0,goûter
ch3_p9_s2_c0,vie
ch3_p9_s2_c0,fois
ch3_p9_s2_c0,nom
ch3_p9_s2_c0,gilberte
ch3_p9_s2_c0,raidillon
ch3_p9_s2_c0,combray
ch3_p9_s2_c0,pelouse
ch3_p9_s2_c0,champ
ch3_p9_s2_c0,élysées
ch3_p9_s3_c0,jour
ch3_p9_s3_c0,avance
ch3_p9_s3_c0,cause
ch3_p9_s3_c0,étude
ch3_p9_s3_c0,air
ch3_p9_s3_c0,chagrin
ch3_p9_s3_c0,revanche
ch3_p9_s3_c0,matinée
ch3_p9_s4_c0,maman
ch3_p9_s4_c0,amie
ch3_p9_s5_c0,jour
ch3_p9_s5_c0,fois
ch3_p9_s5_c0,mère
ch3_p9_s5_c0,course
ch3_p9_s5_c0,lendemain
ch3_p9_s6_c0,maman
ch3_p9_s6_c0,chose
ch3_p9_s6_c0,malheur
ch3_p9_s7_c0,jour
ch3_p9_s7_c0,temps
ch3_p9_s7_c0,instituteur
ch3_p9_s7_c0,pluie
ch3_p9_s7_c0,champ
ch3_p9_s7_c0,élysées
ch3_p10_s0_c0,ciel
ch3_p10_s0_c0,matin
ch3_p10_s0_c0,compte
ch3_p10_s0_c0,présage
ch3_p10_s1_c0,dame
ch3_p10_s1_c0,face
ch3_p10_s1_c0,fenêtre
ch3_p10_s1_c0,chapeau
ch3_p10_s1_c0,dame
ch3_p10_s1_c0,temps
ch3_p10_s1_c0,gilberte
ch3_p10_s1_c0,dame
ch3_p10_s2_c0,temps
ch3_p10_s2_c0,mère
ch3_p10_s2_c0,rayon
ch3_p10_s2_c0,soleil
ch3_p10_s2_c0,champ
ch3_p10_s2_c0,élysées
ch3_p10_s3_c0,déjeuner
ch3_p10_s3_c0,regard
ch3_p10_s3_c0,ciel
ch3_p10_s5_c0,fenêtre
ch3_p10_s5_c0,balcon
ch3_p10_s6_c0,coup
ch3_p10_s6_c0,pierre
ch3_p10_s6_c0,maussade
ch3_p10_s6_c0,couleur
ch3_p10_s6_c0,effort
ch3_p10_s6_c0,couleur
ch3_p10_s6_c0,pulsation
ch3_p10_s6_c0,rayon
ch3_p10_s6_c0,lumière
ch3_p10_s7_c0,instant
ch3_p10_s7_c0,balcon
ch3_p10_s7_c0,eau
ch3_p10_s7_c0,reflet
ch3_p10_s7_c0,ferronnerie
ch3_p10_s7_c0,treillage
ch3_p10_s8_c0,souffle
ch3_p10_s8_c0,vent
ch3_p10_s8_c0,pierre
ch3_p10_s8_c0,crescendo
ch3_p10_s8_c0,musique
ch3_p10_s8_c0,fin
ch3_p10_s8_c0,ouverture
ch3_p10_s8_c0,note
ch3_p10_s8_c0,fortissimo
ch3_p10_s8_c0,degré
ch3_p10_s8_c0,jour
ch3_p10_s8_c1,ombre
ch3_p10_s8_c1,appui
ch3_p10_s8_c1,balustrade
ch3_p10_s8_c1,noir
ch3_p10_s8_c1,végétation
ch3_p10_s8_c1,ténuité
ch3_p10_s8_c1,délinéation
ch3_p10_s8_c1,détail
ch3_p10_s8_c1,conscience
ch3_p10_s8_c1,satisfaction
ch3_p10_s8_c1,artiste
ch3_p10_s8_c1,relief
ch3_p10_s8_c1,velours
ch3_p10_s8_c1,repos
ch3_p10_s8_c1,masse
ch3_p10_s8_c1,vérité
ch3_p10_s8_c1,reflet
ch3_p10_s8_c1,feuillu
ch3_p10_s8_c1,lac
ch3_p10_s8_c1,soleil
ch3_p10_s8_c1,gage
ch3_p10_s8_c1,calme
ch3_p10_s8_c1,bonheur
ch3_p11_s0_c0,lierre
ch3_p11_s0_c0,flore
ch3_p11_s1_c0,gré
ch3_p11_s1_c0,mur
ch3_p11_s1_c0,croisée
ch3_p11_s1_c0,jour
ch3_p11_s1_c0,balcon
ch3_p11_s1_c0,ombre
ch3_p11_s1_c0,présence
ch3_p11_s1_c0,gilberte
ch3_p11_s1_c0,champ
ch3_p11_s1_c0,élysées
ch3_p11_s1_c0,suite
ch3_p11_s1_c0,barre
ch3_p11_s1_c0,camp
ch3_p11_s1_c0,souffle
ch3_p11_s1_c1,rapport
ch3_p11_s1_c1,saison
ch3_p11_s1_c1,heure
ch3_p11_s1_c1,promesse
ch3_p11_s1_c1,bonheur
ch3_p11_s1_c1,journée
ch3_p11_s1_c1,bonheur
ch3_p11_s1_c1,excellence
ch3_p11_s1_c1,bonheur
ch3_p11_s1_c1,amour
ch3_p11_s1_c1,pierre
ch3_p11_s1_c1,mousse
ch3_p11_s1_c1,rayon
ch3_p11_s1_c1,joie
ch3_p11_s1_c1,cœur
ch3_p11_s1_c1,hiver
ch3_p12_s0_c0,jour
ch3_p12_s0_c0,végétation
ch3_p12_s0_c0,cuir
ch3_p12_s0_c0,vert
ch3_p12_s0_c0,tronc
ch3_p12_s0_c0,arbre
ch3_p12_s0_c0,neige
ch3_p12_s0_c0,temps
ch3_p12_s0_c0,couvert
ch3_p12_s0_c0,gilberte
ch3_p12_s0_c0,coup
ch3_p12_s0_c0,mère
ch3_p12_s0_c0,champ
ch3_p12_s0_c0,élysées
ch3_p12_s0_c0,manteau
ch3_p12_s0_c0,neige
ch3_p12_s0_c0,balcon
ch3_p12_s0_c1,soleil
ch3_p12_s0_c1,entrelacer
ch3_p12_s0_c1,fils
ch3_p12_s0_c1,reflet
ch3_p12_s1_c0,jour
ch3_p12_s1_c0,fillette
ch3_p12_s1_c0,gilberte
ch3_p12_s2_c0,chaise
ch3_p12_s2_c0,assemblée
ch3_p12_s2_c0,instituteur
ch3_p12_s3_c0,pelouse
ch3_p12_s3_c0,dame
ch3_p12_s3_c0,âge
ch3_p12_s3_c0,temps
ch3_p12_s3_c0,toilette
ch3_p12_s3_c0,connaissance
ch3_p12_s3_c0,époque
ch3_p12_s3_c0,échange
ch3_p12_s3_c0,avantage
ch3_p12_s3_c0,vie
ch3_p12_s4_c0,gilberte
ch3_p12_s4_c0,jour
ch3_p12_s4_c0,gilberte
ch3_p12_s4_c0,amour
ch3_p12_s4_c0,mère
ch3_p12_s4_c0,gilberte
ch3_p12_s4_c0,relation
ch3_p12_s4_c0,parent
ch3_p12_s5_c0,débat
ch3_p12_s5_c0,débat
ch3_p12_s5_c0,genre
ch3_p12_s5_c0,sergent
ch3_p12_s5_c0,ville
ch3_p12_s5_c0,loueur
ch3_p12_s5_c0,chaise
ch3_p12_s5_c0,ami
ch3_p12_s5_c0,sergent
ch3_p12_s5_c0,ville
ch3_p12_s5_c0,loueur
ch3_p12_s5_c0,chaise
ch3_p12_s5_c0,ami
ch3_p13_s0_c0,françoise
ch3_p13_s0_c0,pont
ch3_p13_s0_c0,concorde
ch3_p13_s0_c0,seine
ch3_p13_s0_c0,prise
ch3_p13_s0_c0,enfant
ch3_p13_s0_c0,peur
ch3_p13_s0_c0,baleine
ch3_p13_s0_c0,défense
ch3_p13_s0_c0,dépecer
ch3_p13_s1_c0,champ
ch3_p13_s1_c0,élysées
ch3_p13_s1_c0,douleur
ch3_p13_s1_c0,cheval
ch3_p13_s1_c0,bois
ch3_p13_s1_c0,pelouse
ch3_p13_s1_c0,prise
ch3_p13_s1_c0,réseau
ch3_p13_s1_c0,allée
ch3_p13_s1_c0,neige
ch3_p13_s1_c0,statue
ch3_p13_s1_c0,main
ch3_p13_s1_c0,jet
ch3_p13_s1_c0,glace
ch3_p13_s1_c0,explication
ch3_p13_s1_c0,geste
ch3_p13_s2_c0,dame
ch3_p13_s2_c0,débat
ch3_p13_s2_c0,heure
ch3_p13_s2_c0,enfant
ch3_p13_s3_c0,cantonnier
ch3_p13_s3_c0,enfant
ch3_p13_s3_c0,fois
ch3_p13_s5_c0,coup
ch3_p13_s5_c0,air
ch3_p13_s5_c0,guignol
ch3_p13_s5_c0,cirque
ch3_p13_s5_c0,horizon
ch3_p13_s5_c0,ciel
ch3_p13_s5_c0,signe
ch3_p13_s5_c0,plumet
ch3_p13_s5_c0,mademoiselle
ch3_p13_s6_c0,gilberte
ch3_p13_s6_c0,vitesse
ch3_p13_s6_c0,direction
ch3_p13_s6_c0,bonnet
ch3_p13_s6_c0,carré
ch3_p13_s6_c0,fourrure
ch3_p13_s6_c0,froid
ch3_p13_s6_c0,retard
ch3_p13_s6_c0,désir
ch3_p13_s6_c0,jeu
ch3_p13_s6_c0,glace
ch3_p13_s6_c0,équilibre
ch3_p13_s6_c0,affectation
ch3_p13_s6_c0,maintien
ch3_p13_s6_c0,patineur
ch3_p13_s6_c0,bras
ch3_p13_s7_c0,brava
ch3_p13_s8_c0,brava
ch3_p13_s9_c0,temps
ch3_p13_s9_c0,temps
ch3_p13_s9_c0,régime
ch3_p13_s9_c0,dame
ch3_p13_s9_c0,parole
ch3_p13_s9_c0,nom
ch3_p13_s9_c0,champ
ch3_p13_s9_c0,élysée
ch3_p13_s9_c0,gilberte
ch3_p13_s9_c0,temps
ch3_p13_s10_c0,champs
ch3_p13_s10_c0,élysées
ch3_p13_s10_c0,intrépide
ch3_p13_s12_c0,neige
ch3_p13_s12_c0,hermine
ch3_p13_s13_c0,dame
ch3_p13_s13_c0,rire
ch3_p14_s0_c0,jour
ch3_p14_s0_c0,neige
ch3_p14_s0_c0,image
ch3_p14_s0_c0,puissance
ch3_p14_s0_c0,gilberte
ch3_p14_s0_c0,tristesse
ch3_p14_s0_c0,jour
ch3_p14_s0_c0,séparation
ch3_p14_s0_c0,aspect
ch3_p14_s0_c0,jour
ch3_p14_s0_c0,départ
ch3_p14_s0_c0,figure
ch3_p14_s0_c0,usage
ch3_p14_s0_c0,lieu
ch3_p14_s0_c0,entrevue
ch3_p14_s0_c0,enveloppé
ch3_p14_s0_c0,housse
ch3_p14_s0_c0,jour
ch3_p14_s0_c0,progrès
ch3_p14_s0_c0,amour
ch3_p14_s0_c0,chagrin
ch3_p14_s1_c0,bande
ch3_p14_s1_c0,commencement
ch3_p14_s1_c0,intimité
ch3_p14_s1_c0,part
ch3_p14_s1_c0,temps
ch3_p14_s1_c0,jour
ch3_p14_s1_c0,matinée
ch3_p14_s1_c1,champ
ch3_p14_s1_c1,élysées
ch3_p14_s1_c1,confiance
ch3_p14_s1_c1,vitalité
ch3_p14_s1_c1,avenir
ch3_p14_s1_c1,amitié
ch3_p14_s1_c1,milieu
ch3_p14_s1_c1,engourdissement
ch3_p14_s1_c1,solitude
ch3_p14_s1_c1,ruine
ch3_p14_s1_c1,chose
ch3_p14_s1_c1,boule
ch3_p14_s1_c1,neige
ch3_p14_s1_c1,cou
ch3_p14_s1_c2,attendrissement
ch3_p14_s1_c2,fois
ch3_p14_s1_c2,prédilection
ch3_p14_s1_c2,compagnon
ch3_p14_s1_c2,voyage
ch3_p14_s1_c2,pays
ch3_p14_s1_c2,sorte
ch3_p14_s1_c2,fidélité
ch3_p14_s1_c2,milieu
ch3_p14_s1_c2,malheur
ch3_p14_s2_c0,moineau
ch3_p14_s2_c0,amie
ch3_p14_s2_c0,neige
ch3_p14_s3_c0,jour
ch3_p14_s3_c0,joie
ch3_p14_s3_c0,barre
ch3_p14_s3_c0,amie
ch3_p14_s3_c0,voix
ch3_p14_s3_c0,jour
ch3_p14_s3_c0,nom
ch3_p14_s3_c0,gilberte
ch3_p14_s3_c0,camp
ch3_p14_s3_c0,gilberte
ch3_p14_s3_c0,signe
ch3_p14_s4_c0,pelouse
ch3_p14_s4_c0,neige
ch3_p14_s4_c0,camp
ch3_p14_s4_c0,soleil
ch3_p14_s4_c0,reflet
ch3_p14_s4_c0,rose
ch3_p14_s4_c0,usure
ch3_p14_s4_c0,brocart
ch3_p14_s4_c0,camp
ch3_p14_s4_c0,drap
ch3_p15_s0_c0,jour
ch3_p15_s0_c0,contraire
ch3_p16_s0_c0,jour
ch3_p16_s0_c0,gilberte
ch3_p16_s0_c0,point
ch3_p16_s0_c0,fois
ch3_p16_s0_c0,rentrée
ch3_p16_s0_c0,heure
ch3_p16_s0_c0,dîner
ch3_p16_s0_c0,suite
ch3_p16_s0_c0,voiture
ch3_p16_s0_c1,temps
ch3_p16_s0_c1,champ
ch3_p16_s0_c1,élysées
ch3_p16_s0_c1,moment
ch3_p16_s0_c1,veille
ch3_p16_s0_c1,moment
ch3_p16_s0_c1,savai
ch3_p16_s0_c1,moment
ch3_p16_s0_c1,vie
ch3_p16_s0_c1,attention
ch3_p16_s0_c2,atome
ch3_p16_s0_c2,plaisir
ch3_p17_s0_c0,temps
ch3_p17_s0_c0,gilberte
ch3_p17_s0_c0,besoin
ch3_p17_s0_c0,cesse
ch3_p17_s0_c0,image
ch3_p17_s0_c0,amour
ch3_p17_s2_c0,contraire
ch3_p17_s2_c0,ami
ch3_p17_s2_c0,camarade
ch3_p17_s2_c0,volontier
ch3_p17_s2_c0,jeu
ch3_p17_s2_c0,marque
ch3_p17_s2_c0,froideur
ch3_p17_s2_c0,croyance
ch3_p17_s2_c0,croyance
ch3_p17_s2_c0,source
ch3_p17_s2_c0,amour
ch3_p17_s2_c0,gilberte
ch3_p17_s2_c0,amour
ch3_p17_s2_c1,manière
ch3_p17_s2_c1,nécessité
ch3_p17_s2_c1,gilberte
ch3_p17_s3_c0,sentiment
ch3_p17_s4_c0,page
ch3_p17_s4_c0,cahier
ch3_p17_s4_c0,nom
ch3_p17_s4_c0,adresse
ch3_p17_s4_c0,vue
ch3_p17_s4_c0,vague
ch3_p17_s4_c0,ligne
ch3_p17_s4_c0,place
ch3_p17_s4_c0,vie
ch3_p17_s4_c0,gilberte
ch3_p17_s4_c0,désir
ch3_p17_s4_c0,chose
ch3_p17_s5_c0,visser
ch3_p17_s5_c0,gilberte
ch3_p17_s5_c0,aveu
ch3_p17_s5_c0,amour
ch3_p17_s6_c0,doute
ch3_p17_s6_c0,raison
ch3_p17_s6_c0,impatient
ch3_p17_s6_c0,homme
ch3_p17_s7_c0,culture
ch3_p17_s7_c0,plaisir
ch3_p17_s7_c0,femme
ch3_p17_s7_c0,gilberte
ch3_p17_s7_c0,image
ch3_p17_s7_c0,réalité
ch3_p17_s7_c0,besoin
ch3_p17_s7_c0,plaisir
ch3_p17_s7_c0,inclination
ch3_p17_s7_c0,inclination
ch3_p17_s7_c1,jardinier
ch3_p17_s7_c1,fleur
ch3_p17_s8_c0,époque
ch3_p17_s8_c0,gilberte
ch3_p17_s8_c0,amour
ch3_p17_s8_c0,obstacle
ch3_p17_s8_c0,bonheur
ch3_p17_s8_c0,ordre
ch3_p17_s8_c0,chef
ch3_p17_s8_c0,douceur
ch3_p17_s8_c0,aveu
ch3_p17_s8_c0,simulation
ch3_p17_s8_c0,indifférence
ch3_p17_s8_c1,joie
ch3_p17_s8_c1,guise
ch3_p17_s8_c1,amour
ch3_p17_s8_c1,valeur
ch3_p17_s8_c1,communication
ch3_p17_s8_c1,vrai
ch3_p17_s8_c1,chemin
ch3_p18_s0_c0,champ
ch3_p18_s0_c0,élysées
ch3_p18_s0_c0,amour
ch3_p18_s0_c0,rectification
ch3_p18_s0_c0,cause
ch3_p18_s0_c0,présence
ch3_p18_s0_c0,gilberte
ch3_p18_s0_c0,swann
ch3_p18_s0_c0,vue
ch3_p18_s0_c0,image
ch3_p18_s0_c0,mémoire
ch3_p18_s0_c0,gilberte
ch3_p18_s0_c0,swann
ch3_p18_s0_c1,instinct
ch3_p18_s0_c1,marche
ch3_p18_s0_c1,pied
ch3_p18_s0_c1,temps
ch3_p18_s0_c1,fillette
ch3_p18_s0_c1,objet
ch3_p18_s0_c1,rêve
ch3_p18_s0_c1,être
ch3_p18_s1_c0,exemple
ch3_p18_s1_c0,veille
ch3_p18_s1_c0,mémoire
ch3_p18_s1_c0,oeil
ch3_p18_s1_c0,feu
ch3_p18_s1_c0,joue
ch3_p18_s1_c0,figure
ch3_p18_s1_c0,gilberte
ch3_p18_s1_c0,insistance
ch3_p18_s1_c0,chose
ch3_p18_s1_c0,nez
ch3_p18_s1_c0,trait
ch3_p18_s1_c0,importance
ch3_p18_s1_c0,caractère
ch3_p18_s1_c0,histoire
ch3_p18_s1_c0,espèce
ch3_p18_s1_c0,transmuer
ch3_p18_s1_c0,fillette
ch3_p18_s1_c0,genre
ch3_p18_s1_c0,museau
ch3_p18_s2_c0,instant
ch3_p18_s2_c0,image
ch3_p18_s2_c0,gilberte
ch3_p18_s2_c0,tête
ch3_p18_s2_c0,mise
ch3_p18_s2_c0,point
ch3_p18_s2_c0,heure
ch3_p18_s2_c0,amour
ch3_p18_s2_c0,ouvrage
ch3_p18_s2_c1,balle
ch3_p18_s2_c1,philosophe
ch3_p18_s2_c1,corps
ch3_p18_s2_c1,compte
ch3_p18_s2_c1,monde
ch3_p18_s2_c1,réalité
ch3_p18_s2_c1,intelligence
ch3_p18_s2_c1,balle
ch3_p18_s2_c1,camarade
ch3_p18_s2_c1,âme
ch3_p18_s2_c2,bienséance
ch3_p18_s2_c2,heure
ch3_p18_s2_c2,propos
ch3_p18_s2_c2,silence
ch3_p18_s2_c2,main
ch3_p18_s2_c2,image
ch3_p18_s2_c2,parole
ch3_p18_s2_c2,amour
ch3_p18_s2_c2,progrès
ch3_p18_s2_c2,fois
ch3_p18_s4_c0,jour
ch3_p18_s4_c0,gilberte
ch3_p18_s4_c0,baraque
ch3_p18_s4_c0,marchand
ch3_p18_s4_c0,swann
ch3_p18_s4_c0,pain
ch3_p18_s4_c0,épice
ch3_p18_s4_c0,hygiène
ch3_p18_s4_c0,eczéma
ch3_p18_s4_c0,constipation
ch3_p18_s4_c0,prophète
ch3_p18_s4_c0,gilberte
ch3_p18_s4_c0,garçon
ch3_p18_s4_c0,coloriste
ch3_p18_s4_c0,naturaliste
ch3_p18_s4_c0,livre
ch3_p18_s4_c0,enfant
ch3_p18_s5_c0,sucre
ch3_p18_s5_c0,orge
ch3_p18_s5_c0,violet
ch3_p18_s5_c0,larme
ch3_p18_s5_c0,oeil
ch3_p18_s5_c0,prune
ch3_p18_s5_c0,voix
ch3_p18_s5_c0,prune
ch3_p18_s5_c0,ver
ch3_p18_s6_c0,bille
ch3_p18_s6_c0,sou
ch3_p18_s7_c0,admiration
ch3_p18_s7_c0,bille
ch3_p18_s7_c0,agate
ch3_p18_s7_c0,blonde
ch3_p18_s7_c0,fille
ch3_p18_s7_c0,centime
ch3_p18_s7_c0,pièce
ch3_p18_s8_c0,gilberte
ch3_p18_s8_c0,argent
ch3_p18_s9_c0,transparence
ch3_p18_s9_c0,fondu
ch3_p18_s9_c0,vie
ch3_p18_s12_c0,désignai
ch3_p18_s12_c0,couleur
ch3_p18_s12_c0,oeil
ch3_p18_s13_c0,gilberte
ch3_p18_s13_c0,rayon
ch3_p18_s13_c0,caressa
ch3_p18_s13_c0,rançon
ch3_p18_s13_c0,captif
ch3_p18_s13_c0,souvenir
ch3_p19_s0_c0,fois
ch3_p19_s0_c0,désir
ch3_p19_s0_c0,berma
ch3_p19_s0_c0,pièce
ch3_p19_s0_c0,brochure
ch3_p19_s0_c0,bergotte
ch3_p19_s0_c0,racine
ch3_p19_s0_c0,commerce
ch3_p19_s1_c0,titre
ch3_p19_s1_c0,soir
ch3_p19_s1_c0,télégramme
ch3_p19_s1_c0,enveloppe
ch3_p19_s1_c0,nom
ch3_p19_s1_c0,gilberte
ch3_p19_s1_c0,swann
ch3_p19_s1_c0,fois
ch3_p19_s1_c0,cahier
ch3_p19_s2_c0,lendemain
ch3_p19_s2_c0,paquet
ch3_p19_s2_c0,faveur
ch3_p19_s2_c0,cire
ch3_p19_s2_c0,brochure
ch3_p19_s3_c0,manchon
ch3_p19_s3_c0,télégramme
ch3_p19_s4_c0,adresse
ch3_p19_s4_c0,pneumatique
ch3_p19_s4_c0,bleu
ch3_p19_s4_c0,télégraphiste
ch3_p19_s4_c0,concierge
ch3_p19_s4_c0,gilberte
ch3_p19_s4_c0,chambre
ch3_p19_s4_c0,chose
ch3_p19_s4_c0,prix
ch3_p19_s4_c0,bleu
ch3_p19_s4_c0,jour
ch3_p19_s4_c1,peine
ch3_p19_s4_c1,ligne
ch3_p19_s4_c1,écriture
ch3_p19_s4_c1,cercle
ch3_p19_s4_c1,poste
ch3_p19_s4_c1,inscription
ch3_p19_s4_c1,crayon
ch3_p19_s4_c1,facteur
ch3_p19_s4_c1,signe
ch3_p19_s4_c1,réalisation
ch3_p19_s4_c1,cachet
ch3_p19_s4_c1,monde
ch3_p19_s4_c1,violette
ch3_p19_s4_c1,ceinture
ch3_p19_s4_c1,vie
ch3_p19_s4_c1,fois
ch3_p19_s4_c1,rêve
ch3_p20_s0_c0,jour
ch3_p20_s0_c0,gilberte
ch3_p20_s0_c0,cas
ch3_p20_s0_c0,nom
ch3_p20_s0_c0,baptême
ch3_p20_s2_c0,moment
ch3_p20_s2_c0,composant
ch3_p20_s2_c0,phrase
ch3_p20_s2_c0,grammaire
ch3_p20_s2_c0,but
ch3_p20_s2_c0,mot
ch3_p20_s2_c0,nom
ch3_p20_s3_c0,impression
ch3_p20_s3_c0,instant
ch3_p20_s3_c0,bouche
ch3_p20_s3_c0,modalité
ch3_p20_s3_c0,camarade
ch3_p20_s3_c0,nom
ch3_p20_s3_c0,famille
ch3_p20_s3_c0,parent
ch3_p20_s3_c0,lèvre
ch3_p20_s3_c0,effort
ch3_p20_s3_c0,père
ch3_p20_s3_c0,mot
ch3_p20_s3_c0,valeur
ch3_p20_s3_c0,air
ch3_p20_s3_c1,peau
ch3_p20_s3_c1,fruit
ch3_p20_s3_c1,pulpe
ch3_p20_s3_c1,regard
ch3_p20_s3_c1,degré
ch3_p20_s3_c1,intimité
ch3_p20_s3_c1,parole
ch3_p20_s3_c1,conscience
ch3_p20_s3_c1,plaisir
ch3_p20_s3_c1,gratitude
ch3_p20_s3_c1,sourire
ch3_p21_s0_c0,moment
ch3_p21_s0_c0,valeur
ch3_p21_s0_c0,plaisir
ch3_p21_s1_c0,fillette
ch3_p21_s1_c0,souvenir
ch3_p21_s1_c0,gilberte
ch3_p21_s1_c0,cœur
ch3_p21_s1_c0,prix
ch3_p21_s1_c0,bonheur
ch3_p21_s2_c0,maison
ch3_p21_s2_c0,goûtai
ch3_p21_s2_c0,jour
ch3_p21_s2_c0,nécessité
ch3_p21_s2_c0,lendemain
ch3_p21_s2_c0,contemplation
ch3_p21_s2_c0,gilberte
ch3_p21_s2_c0,amour
ch3_p21_s2_c0,raison
ch3_p21_s2_c0,nécessité
ch3_p21_s2_c0,passé
ch3_p21_s2_c1,avantage
ch3_p21_s2_c1,échelon
ch3_p21_s2_c1,pied
ch3_p21_s2_c1,bonheur
ch3_p22_s0_c0,marque
ch3_p22_s0_c0,amitié
ch3_p22_s0_c0,peine
ch3_p22_s0_c0,air
ch3_p22_s0_c0,plaisir
ch3_p22_s0_c0,jour
ch3_p22_s0_c0,espérance
ch3_p22_s1_c0,gilberte
ch3_p22_s1_c0,champ
ch3_p22_s1_c0,élysées
ch3_p22_s1_c0,allégresse
ch3_p22_s1_c0,vague
ch3_p22_s1_c0,anticipation
ch3_p22_s1_c0,bonheur
ch3_p22_s1_c0,matin
ch3_p22_s1_c0,salon
ch3_p22_s1_c0,maman
ch3_p22_s1_c0,tour
ch3_p22_s1_c0,cheveu
ch3_p22_s1_c0,main
ch3_p22_s1_c0,savon
ch3_p22_s1_c0,colonne
ch3_p22_s1_c0,poussière
ch3_p22_s1_c0,piano
ch3_p22_s1_c1,orgue
ch3_p22_s1_c1,barbarie
ch3_p22_s1_c1,fenêtre
ch3_p22_s1_c1,revue
ch3_p22_s1_c1,hiver
ch3_p22_s1_c1,soir
ch3_p22_s1_c1,visite
ch3_p22_s1_c1,journée
ch3_p22_s1_c1,printemps
ch3_p22_s2_c0,croisée
ch3_p22_s2_c0,dame
ch3_p22_s2_c0,face
ch3_p22_s2_c0,clin
ch3_p22_s2_c0,œil
ch3_p22_s2_c0,côté
ch3_p22_s2_c0,chaise
ch3_p22_s2_c0,bond
ch3_p22_s2_c0,largeur
ch3_p22_s2_c0,salle
ch3_p22_s2_c0,rayon
ch3_p22_s2_c0,sieste
ch3_p22_s2_c0,instant
ch3_p22_s3_c0,collège
ch3_p22_s3_c0,classe
ch3_p22_s3_c0,heure
ch3_p22_s3_c0,soleil
ch3_p22_s3_c0,languir
ch3_p22_s3_c0,impatience
ch3_p22_s3_c0,ennui
ch3_p22_s3_c0,lueur
ch3_p22_s3_c0,pupitre
ch3_p22_s3_c0,invitation
ch3_p22_s3_c0,fête
ch3_p22_s3_c0,heure
ch3_p22_s3_c0,moment
ch3_p22_s3_c0,françoise
ch3_p22_s3_c0,sortie
ch3_p22_s3_c0,champ
ch3_p22_s3_c0,élysées
ch3_p22_s3_c0,rue
ch3_p22_s3_c0,lumière
ch3_p22_s3_c0,foule
ch3_p22_s3_c0,balcon
ch3_p22_s3_c1,soleil
ch3_p22_s3_c1,maison
ch3_p22_s3_c1,nuage
ch3_p22_s5_c0,champ
ch3_p22_s5_c0,élysées
ch3_p22_s5_c0,gilberte
ch3_p22_s5_c0,arrivée
ch3_p22_s6_c0,pelouse
ch3_p22_s6_c0,soleil
ch3_p22_s6_c0,flamboyer
ch3_p22_s6_c0,pointe
ch3_p22_s6_c0,brin
ch3_p22_s6_c0,herbe
ch3_p22_s6_c0,pigeon
ch3_p22_s6_c0,air
ch3_p22_s6_c0,sculpture
ch3_p22_s6_c0,pioche
ch3_p22_s6_c0,jardinier
ch3_p22_s6_c0,surface
ch3_p22_s6_c0,sol
ch3_p22_s6_c0,oeil
ch3_p22_s6_c0,horizon
ch3_p22_s6_c0,moment
ch3_p22_s6_c0,image
ch3_p22_s6_c0,gilberte
ch3_p22_s6_c0,instituteur
ch3_p22_s6_c1,statue
ch3_p22_s6_c1,enfant
ch3_p22_s6_c1,rayon
ch3_p22_s6_c1,bénédiction
ch3_p22_s6_c1,soleil
ch3_p22_s7_c0,lecteur
ch3_p22_s7_c0,débat
ch3_p22_s7_c0,fauteuil
ch3_p22_s7_c0,place
ch3_p22_s7_c0,gardien
ch3_p22_s7_c0,geste
ch3_p22_s7_c0,main
ch3_p22_s7_c0,temps
ch3_p22_s8_c0,préposé
ch3_p22_s8_c0,prix
ch3_p22_s8_c0,fauteuil
ch3_p22_s8_c0,minauderie
ch3_p22_s8_c0,ouverture
ch3_p22_s8_c0,gant
ch3_p22_s8_c0,ticket
ch3_p22_s8_c0,centime
ch3_p22_s8_c0,bouquet
ch3_p22_s8_c0,amabilité
ch3_p22_s8_c0,donateur
ch3_p22_s8_c0,place
ch3_p22_s9_c0,évolution
ch3_p22_s9_c0,cou
ch3_p22_s9_c0,boa
ch3_p22_s9_c0,chaisier
ch3_p22_s9_c0,bout
ch3_p22_s9_c0,papier
ch3_p22_s9_c0,poignet
ch3_p22_s9_c0,femme
ch3_p22_s9_c0,corsage
ch3_p22_s9_c0,homme
ch3_p22_s9_c0,rose
ch3_p23_s0_c0,françoise
ch3_p23_s0_c0,gilberte
ch3_p23_s0_c0,rencontrion
ch3_p23_s0_c0,pelouse
ch3_p23_s0_c0,cheval
ch3_p23_s0_c0,bois
ch3_p23_s0_c0,fillette
ch3_p23_s0_c0,voix
ch3_p23_s0_c0,vite
ch3_p23_s0_c0,quart
ch3_p23_s0_c0,heure
ch3_p23_s0_c0,gilberte
ch3_p23_s2_c0,partie
ch3_p23_s2_c0,barre
ch3_p23_s3_c0,avenue
ch3_p23_s3_c0,champ
ch3_p23_s3_c0,élysées
ch3_p23_s3_c0,gilberte
ch3_p23_s3_c0,rue
ch3_p23_s3_c0,boissy
ch3_p23_s3_c0,anglas
ch3_p23_s3_c0,mademoiselle
ch3_p23_s3_c0,temps
ch3_p23_s3_c0,course
ch3_p23_s3_c0,swann
ch3_p23_s3_c0,fille
ch3_p23_s4_c0,faute
ch3_p23_s4_c0,pelouse
ch3_p23_s4_c0,côté
ch3_p23_s4_c0,gilberte
ch3_p23_s4_c0,attente
ch3_p23_s4_c0,champ
ch3_p23_s4_c0,élysée
ch3_p23_s4_c0,durée
ch3_p23_s4_c0,immense
ch3_p23_s4_c0,étendue
ch3_p23_s4_c0,espace
ch3_p23_s4_c0,temps
ch3_p23_s4_c0,point
ch3_p23_s4_c0,moment
ch3_p23_s4_c0,image
ch3_p23_s4_c0,gilberte
ch3_p23_s4_c1,image
ch3_p23_s4_c1,image
ch3_p23_s4_c1,raison
ch3_p23_s4_c1,cœur
ch3_p23_s4_c1,heure
ch3_p23_s4_c1,lieu
ch3_p23_s4_c1,heure
ch3_p23_s4_c1,demie
ch3_p23_s4_c1,chapeau
ch3_p23_s4_c1,visite
ch3_p23_s4_c1,place
ch3_p23_s4_c1,béret
ch3_p23_s4_c1,jeu
ch3_p23_s4_c1,ambassadeur
ch3_p23_s4_c1,guignol
ch3_p23_s4_c1,occupation
ch3_p23_s4_c1,gilberte
ch3_p23_s4_c1,maison
ch3_p23_s4_c2,contact
ch3_p23_s4_c2,mystère
ch3_p23_s4_c2,vie
ch3_p23_s5_c0,mystère
ch3_p23_s5_c0,ordre
ch3_p23_s5_c0,fillette
ch3_p23_s5_c0,voix
ch3_p23_s5_c0,suite
ch3_p23_s5_c0,partie
ch3_p23_s5_c0,barre
ch3_p23_s5_c0,gilberte
ch3_p23_s5_c0,révérence
ch3_p23_s5_c0,dame
ch3_p23_s5_c0,débat
ch3_p23_s5_c0,soleil
ch3_p23_s5_c0,feu
ch3_p23_s5_c0,sourire
ch3_p23_s5_c0,air
ch3_p23_s5_c0,fille
ch3_p23_s5_c0,gilberte
ch3_p23_s5_c0,parent
ch3_p23_s5_c1,ami
ch3_p23_s5_c1,parent
ch3_p23_s5_c1,visite
ch3_p23_s5_c1,existence
ch3_p23_s6_c0,existence
ch3_p23_s6_c0,impression
ch3_p23_s6_c0,swann
ch3_p23_s6_c0,fille
ch3_p23_s7_c0,mme
ch3_p23_s7_c0,swann
ch3_p23_s7_c0,fille
ch3_p23_s7_c0,étude
ch3_p23_s7_c0,jeu
ch3_p23_s7_c0,amitié
ch3_p23_s7_c0,gilberte
ch3_p23_s7_c0,gilberte
ch3_p23_s7_c0,lieu
ch3_p23_s7_c0,source
ch3_p23_s7_c0,inconnu
ch3_p23_s7_c0,charme
ch3_p23_s8_c0,part
ch3_p23_s8_c0,objet
ch3_p23_s8_c0,préoccupation
ch3_p23_s8_c0,jour
ch3_p23_s8_c0,swann
ch3_p23_s8_c0,curiosité
ch3_p23_s8_c0,parent
ch3_p23_s8_c0,gilberte
ch3_p23_s8_c0,champ
ch3_p23_s8_c0,élysées
ch3_p23_s8_c0,fois
ch3_p23_s8_c0,battement
ch3_p23_s8_c0,cœur
ch3_p23_s8_c0,apparition
ch3_p23_s8_c0,chapeau
ch3_p23_s8_c0,manteau
ch3_p23_s8_c0,pèlerine
ch3_p23_s8_c1,aspect
ch3_p23_s8_c1,personnage
ch3_p23_s8_c1,série
ch3_p23_s8_c1,ouvrage
ch3_p23_s8_c1,particularité
ch3_p23_s9_c0,relation
ch3_p23_s9_c0,comte
ch3_p23_s9_c0,paris
ch3_p23_s9_c0,combray
ch3_p23_s9_c0,chose
ch3_p23_s9_c0,orléan
ch3_p23_s9_c0,fond
ch3_p23_s9_c0,promeneur
ch3_p23_s9_c0,classe
ch3_p23_s9_c0,allée
ch3_p23_s9_c0,champ
ch3_p23_s9_c0,élysées
ch3_p23_s9_c1,milieu
ch3_p23_s9_c1,égard
ch3_p24_s0_c0,salut
ch3_p24_s0_c0,camarade
ch3_p24_s0_c0,gilberte
ch3_p24_s0_c0,famille
ch3_p24_s0_c0,air
ch3_p24_s1_c0,campagne
ch3_p24_s1_c0,ombre
ch3_p24_s1_c0,gilberte
ch3_p24_s1_c0,swann
ch3_p24_s1_c0,père
ch3_p24_s1_c0,swann
ch3_p24_s1_c0,combray
ch3_p24_s1_c0,idée
ch3_p24_s1_c0,nom
ch3_p24_s1_c0,idée
ch3_p24_s1_c0,réseau
ch3_p24_s1_c1,personnage
ch3_p24_s1_c1,rattachai
ch3_p24_s1_c1,ligne
ch3_p24_s1_c1,invité
ch3_p24_s1_c1,autrefoi
ch3_p24_s1_c1,prix
ch3_p24_s1_c1,mesure
ch3_p24_s1_c1,amour
ch3_p24_s1_c1,mouvement
ch3_p24_s1_c1,honte
ch3_p24_s1_c1,regret
ch3_p24_s1_c1,année
ch3_p24_s1_c1,oeil
ch3_p24_s1_c1,swann
ch3_p24_s1_c1,moment
ch3_p24_s1_c1,champ
ch3_p24_s1_c1,élysées
ch3_p24_s1_c1,gilberte
ch3_p24_s1_c1,nom
ch3_p24_s1_c2,soir
ch3_p24_s1_c2,maman
ch3_p24_s1_c2,chambre
ch3_p24_s1_c2,café
ch3_p24_s1_c2,père
ch3_p24_s1_c2,grand
ch3_p24_s1_c2,parent
ch3_p24_s1_c2,table
ch3_p24_s1_c2,jardin
ch3_p24_s2_c0,gilberte
ch3_p24_s2_c0,partie
ch3_p24_s2_c0,quart
ch3_p24_s2_c0,heure
ch3_p24_s2_c0,monde
ch3_p24_s2_c0,chaise
ch3_p24_s2_c0,fer
ch3_p24_s2_c0,ticket
ch3_p24_s2_c0,main
ch3_p24_s2_c0,philippe
ch3_p24_s2_c0,pelouse
ch3_p24_s2_c0,pigeon
ch3_p24_s2_c0,corps
ch3_p24_s2_c0,forme
ch3_p24_s2_c0,cœur
ch3_p24_s2_c0,lilas
ch3_p24_s2_c0,règne
ch3_p24_s2_c0,oiseau
ch3_p24_s2_c1,lieu
ch3_p24_s2_c1,asile
ch3_p24_s2_c1,vase
ch3_p24_s2_c1,pierre
ch3_p24_s2_c1,bec
ch3_p24_s2_c1,geste
ch3_p24_s2_c1,destination
ch3_p24_s2_c1,abondance
ch3_p24_s2_c1,fruit
ch3_p24_s2_c1,graine
ch3_p24_s2_c1,air
ch3_p24_s2_c1,front
ch3_p24_s2_c1,statue
ch3_p24_s2_c1,objet
ch3_p24_s2_c1,émail
ch3_p24_s2_c1,polychromie
ch3_p24_s2_c1,œuvre
ch3_p24_s2_c1,monotonie
ch3_p24_s2_c1,pierre
ch3_p24_s2_c1,attribut
ch3_p24_s2_c2,déesse
ch3_p24_s2_c2,porte
ch3_p24_s2_c2,épithète
ch3_p24_s2_c2,mortel
ch3_p24_s2_c2,prénom
ch3_p24_s2_c2,divinité
ch3_p25_s0_c0,jour
ch3_p25_s0_c0,soleil
ch3_p25_s0_c0,espérance
ch3_p25_s0_c0,courage
ch3_p25_s0_c0,déception
ch3_p25_s0_c0,gilberte
ch3_p26_s0_c0,chose
ch3_p26_s1_c0,jour
ch3_p26_s1_c0,amitié
ch3_p26_s3_c0,heure
ch3_p27_s0_c0,figure
ch3_p27_s0_c0,joie
ch3_p28_s0_c0,comptez
ch3_p28_s0_c0,ami
ch3_p28_s1_c0,goûter
ch3_p28_s1_c0,amie
ch3_p28_s1_c0,fenêtre
ch3_p28_s1_c0,arrivée
ch3_p28_s1_c0,roi
ch3_p28_s1_c0,théodose
ch3_p28_s1_c0,lendemain
ch3_p28_s1_c0,michel
ch3_p28_s1_c0,strogoff
ch3_p28_s1_c0,noël
ch3_p28_s1_c0,vacance
ch3_p28_s1_c0,jour
ch3_p28_s1_c0,an
ch3_p28_s2_c0,midi
ch3_p28_s4_c0,arbre
ch3_p28_s4_c0,noël
ch3_p28_s4_c0,cas
ch3_p28_s4_c0,paris
ch3_p28_s4_c0,visite
ch3_p28_s4_c0,maman
ch3_p28_s5_c0,adieu
ch3_p28_s5_c0,papa
ch3_p29_s0_c0,françoise
ch3_p29_s0_c0,rue
ch3_p29_s0_c0,soleil
ch3_p29_s0_c0,soir
ch3_p29_s0_c0,fête
ch3_p29_s1_c0,jambe
ch3_p30_s0_c0,françoise
ch3_p30_s0_c0,temps
ch3_p30_s0_c0,saison
ch3_p30_s2_c0,dieu
ch3_p30_s2_c0,pauvre
ch3_p30_s2_c0,malade
ch3_p31_s0_c0,sanglot
ch3_p31_s0_c0,mot
ch3_p31_s0_c0,gilberte
ch3_p31_s0_c0,joie
ch3_p31_s0_c0,champ
ch3_p31_s0_c0,élysées
ch3_p31_s1_c0,charme
ch3_p31_s1_c0,fonctionnement
ch3_p31_s1_c0,esprit
ch3_p31_s1_c0,position
ch3_p31_s1_c0,rapport
ch3_p31_s1_c0,gilberte
ch3_p31_s1_c0,contrainte
ch3_p31_s1_c0,pli
ch3_p31_s1_c0,marque
ch3_p31_s1_c0,indifférence
ch3_p31_s1_c0,chose
ch3_p31_s1_c0,romanesque
ch3_p31_s1_c0,milieu
ch3_p31_s1_c0,larme
ch3_p31_s1_c0,sourire
ch3_p31_s1_c0,ébauche
ch3_p31_s1_c0,baiser
ch3_p31_s2_c0,heure
ch3_p31_s2_c0,courrier
ch3_p31_s2_c0,soir
ch3_p31_s2_c0,lettre
ch3_p31_s2_c0,gilberte
ch3_p31_s2_c0,raison
ch3_p31_s2_c0,raison
ch3_p31_s2_c0,apparence
ch3_p31_s2_c0,gilberte
ch3_p31_s2_c0,camarade
ch3_p32_s0_c0,soir
ch3_p32_s0_c0,lettre
ch3_p32_s0_c0,phrase
ch3_p32_s1_c0,coup
ch3_p32_s2_c0,lettre
ch3_p32_s2_c0,gilberte
ch3_p32_s2_c0,cas
ch3_p32_s3_c0,pensée
ch3_p32_s3_c0,mot
ch3_p32_s3_c0,peur
ch3_p32_s3_c0,champ
ch3_p32_s3_c0,réalisation
ch3_p32_s4_c0,coïncidence
ch3_p32_s4_c0,lettre
ch3_p32_s4_c0,côté
ch3_p32_s4_c0,gilberte
ch3_p32_s4_c0,œuvre
ch3_p32_s4_c0,impression
ch3_p32_s4_c0,chose
ch3_p32_s4_c0,chose
ch3_p32_s4_c0,bonheur
ch3_p32_s4_c0,esprit
ch3_p32_s4_c0,volonté
ch3_p32_s4_c0,amour
ch3_p33_s0_c0,page
ch3_p33_s0_c0,gilberte
ch3_p33_s0_c0,page
ch3_p33_s0_c0,bergotte
ch3_p33_s0_c0,beauté
ch3_p33_s0_c0,mythe
ch3_p33_s0_c0,racine
ch3_p33_s0_c0,côté
ch3_p33_s0_c0,bille
ch3_p33_s0_c0,agathe
ch3_p33_s1_c0,bonté
ch3_p33_s1_c0,amie
ch3_p33_s1_c0,besoin
ch3_p33_s1_c0,raison
ch3_p33_s1_c0,passion
ch3_p33_s1_c0,qualité
ch3_p33_s1_c0,littérature
ch3_p33_s1_c0,conversation
ch3_p33_s1_c0,amour
ch3_p33_s1_c0,imitation
ch3_p33_s1_c0,raison
ch3_p33_s1_c0,amour
ch3_p33_s1_c1,qualité
ch3_p33_s1_c1,amour
ch3_p33_s1_c1,swann
ch3_p33_s1_c1,caractère
ch3_p33_s1_c1,beauté
ch3_p33_s1_c1,odette
ch3_p33_s1_c1,gilberte
ch3_p33_s1_c1,combray
ch3_p33_s1_c1,cause
ch3_p33_s1_c1,inconnu
ch3_p33_s1_c1,vie
ch3_p33_s1_c1,avantage
ch3_p33_s1_c2,gilberte
ch3_p33_s1_c2,jour
ch3_p33_s1_c2,collaborateur
ch3_p33_s1_c2,soir
ch3_p33_s1_c2,travail
ch3_p33_s1_c2,brochure
ch3_p33_s2_c0,bergotte
ch3_p33_s2_c0,vieillard
ch3_p33_s2_c0,cause
ch3_p33_s2_c0,gilberte
ch3_p33_s2_c0,vue
ch3_p33_s2_c0,cause
ch3_p33_s2_c0,gilberte
ch3_p33_s3_c0,plaisir
ch3_p33_s3_c0,page
ch3_p33_s3_c0,racine
ch3_p33_s3_c0,papier
ch3_p33_s3_c0,cachet
ch3_p33_s3_c0,cire
ch3_p33_s3_c0,flot
ch3_p33_s3_c0,ruban
ch3_p33_s4_c0,bille
ch3_p33_s4_c0,agate
ch3_p33_s4_c0,part
ch3_p33_s4_c0,cœur
ch3_p33_s4_c0,amie
ch3_p33_s4_c0,part
ch3_p33_s4_c0,charme
ch3_p33_s4_c0,vie
ch3_p33_s4_c0,gilberte
ch3_p33_s4_c0,chambre
ch3_p33_s4_c0,lit
ch3_p33_s5_c0,beauté
ch3_p33_s5_c0,pierre
ch3_p33_s5_c0,beauté
ch3_p33_s5_c0,page
ch3_p33_s5_c0,bergotte
ch3_p33_s5_c0,idée
ch3_p33_s5_c0,amour
ch3_p33_s5_c0,gilberte
ch3_p33_s5_c0,moment
ch3_p33_s5_c0,néant
ch3_p33_s5_c0,sorte
ch3_p33_s5_c0,consistance
ch3_p33_s5_c0,amour
ch3_p33_s5_c1,élément
ch3_p33_s5_c1,talent
ch3_p33_s5_c1,loi
ch3_p33_s5_c1,gilberte
ch3_p33_s5_c1,connaître
ch3_p33_s5_c1,livre
ch3_p33_s5_c1,pierre
ch3_p33_s5_c1,gilberte
ch3_p33_s5_c1,conséquent
ch3_p33_s5_c1,message
ch3_p33_s5_c1,bonheur
ch3_p33_s6_c0,amour
ch3_p33_s6_c0,cesse
ch3_p33_s6_c0,lendemain
ch3_p33_s6_c0,aveu
ch3_p33_s6_c0,gilberte
ch3_p33_s6_c0,soir
ch3_p33_s6_c0,travail
ch3_p33_s6_c0,journée
ch3_p33_s6_c0,ombre
ch3_p33_s6_c0,rebut
ch3_p33_s6_c0,fils
ch3_p33_s6_c0,souci
ch3_p33_s6_c0,bonheur
ch3_p33_s6_c0,ordre
ch3_p33_s6_c0,ouvrage
ch3_p33_s7_c0,intérêt
ch3_p33_s7_c0,amour
ch3_p33_s7_c0,action
ch3_p33_s7_c0,gilberte
ch3_p33_s7_c0,faute
ch3_p33_s8_c0,sens
ch3_p33_s9_c0,ordre
ch3_p33_s9_c0,gilberte
ch3_p33_s9_c0,lieu
ch3_p33_s9_c0,champ
ch3_p33_s9_c0,élysées
ch3_p33_s9_c0,matinée
ch3_p33_s9_c0,course
ch3_p33_s9_c0,instituteur
ch3_p33_s9_c0,absence
ch3_p33_s9_c0,vacance
ch3_p33_s9_c0,jour
ch3_p33_s9_c0,an
ch3_p33_s9_c0,tort
ch3_p33_s10_c0,désespoir
ch3_p33_s10_c0,jour
ch3_p33_s11_c0,ordre
ch3_p33_s11_c0,gilberte
ch3_p33_s11_c0,souci
ch3_p33_s11_c0,oeil
ch3_p33_s11_c0,cause
ch3_p33_s11_c0,mère
ch3_p33_s11_c0,françoise
ch3_p33_s11_c0,caoutchouc
ch3_p33_s11_c0,chapeau
ch3_p33_s11_c0,plumet
ch3_p33_s11_c1,champ
ch3_p33_s11_c1,élysées
ch3_p33_s11_c1,mère
ch3_p33_s11_c1,françoise
ch3_p33_s11_c1,brave
ch3_p33_s11_c1,femme
ch3_p33_s11_c1,besoin
ch3_p33_s11_c1,gilberte
ch3_p33_s11_c1,mois
ch3_p33_s11_c1,avance
ch3_p33_s11_c1,époque
ch3_p33_s11_c1,paris
ch3_p33_s11_c1,pays
ch3_p33_s11_c1,lieu
ch3_p33_s11_c1,exil
ch3_p33_s11_c2,paris
ch3_p33_s11_c2,champ
ch3_p33_s11_c2,élysées
ch3_p33_s11_c2,peine
ch3_p33_s11_c2,souci
ch3_p33_s11_c2,besoin
ch3_p33_s11_c2,action
ch3_p33_s11_c2,gilberte
ch3_p33_s12_c0,contraire
ch3_p33_s12_c0,instituteur
ch3_p33_s12_c0,pensai
ch3_p33_s13_c0,champ
ch3_p33_s13_c0,élysées
ch3_p33_s13_c0,emplette
ch3_p33_s13_c0,mademoiselle
ch3_p33_s13_c0,mère
ch3_p33_s14_c0,vacance
ch3_p33_s14_c0,endroit
ch3_p33_s14_c0,endroit
ch3_p33_s14_c0,désir
ch3_p33_s14_c0,parent
ch3_p33_s14_c0,amusement
ch3_p33_s14_c0,famille
ch3_p33_s14_c0,intention
ch3_p33_s15_c0,ami
ch3_p33_s15_c0,veille
ch3_p33_s15_c0,partie
ch3_p33_s15_c0,négligence
ch3_p33_s15_c1,affection
ch3_p33_s15_c1,gré
ch3_p33_s15_c1,plaisir
ch3_p33_s15_c1,mot
ch3_p33_s15_c1,conduite
ch3_p33_s16_c0,action
ch3_p33_s16_c0,volonté
ch3_p34_s0_c0,ordre
ch3_p34_s0_c0,ouvrière
ch3_p34_s0_c0,action
ch3_p34_s0_c0,suite
ch3_p34_s0_c0,clarté
ch3_p34_s0_c0,désir
ch3_p34_s0_c0,action
ch3_p35_s0_c0,parole
ch3_p35_s0_c0,amour
ch3_p35_s0_c0,persuadaient
ch3_p35_s0_c0,lendemain
ch3_p35_s0_c0,jour
ch3_p35_s0_c0,sentiment
ch3_p35_s0_c0,gilberte
ch3_p35_s0_c0,indifférence
ch3_p35_s0_c0,amitié
ch3_p35_s0_c0,gilberte
ch3_p35_s1_c0,amour
ch3_p35_s1_c0,amitié
ch3_p35_s2_c0,lendemain
ch3_p35_s2_c0,fête
ch3_p35_s2_c0,anniversaire
ch3_p35_s2_c0,an
ch3_p35_s2_c0,jour
ch3_p35_s2_c0,temps
ch3_p35_s2_c0,frais
ch3_p35_s2_c0,héritage
ch3_p35_s2_c0,passé
ch3_p35_s2_c0,legs
ch3_p35_s2_c0,tristesse
ch3_p35_s2_c0,gilberte
ch3_p35_s2_c0,amitié
ch3_p35_s2_c0,base
ch3_p35_s2_c0,amitié
ch3_p36_s0_c0,portée
ch3_p36_s0_c0,main
ch3_p36_s0_c0,plan
ch3_p36_s0_c0,paris
ch3_p36_s0_c0,rue
ch3_p36_s0_c0,mme
ch3_p36_s0_c0,swann
ch3_p36_s0_c0,trésor
ch3_p36_s1_c0,plaisir
ch3_p36_s1_c0,sorte
ch3_p36_s1_c0,fidélité
ch3_p36_s1_c0,propos
ch3_p36_s1_c0,nom
ch3_p36_s1_c0,rue
ch3_p36_s1_c0,père
ch3_p36_s1_c0,mère
ch3_p36_s1_c0,courant
ch3_p36_s1_c0,amour
ch3_p37_s0_c0,temps
ch3_p37_s0_c0,rue
ch3_p37_s0_c0,bois
ch3_p37_s0_c0,cas
ch3_p38_s0_c0,propos
ch3_p38_s0_c0,parent
ch3_p38_s0_c0,nom
ch3_p38_s0_c0,swann
ch3_p38_s0_c0,cesse
ch3_p38_s0_c0,besoin
ch3_p38_s0_c0,sonorité
ch3_p38_s0_c0,musique
ch3_p38_s0_c0,lecture
ch3_p38_s1_c0,nom
ch3_p38_s1_c0,swann
ch3_p38_s1_c0,égard
ch3_p38_s1_c0,mot
ch3_p38_s1_c0,nom
ch3_p38_s2_c0,pensée
ch3_p38_s3_c0,décomposai
ch3_p38_s3_c0,épelai
ch3_p38_s3_c0,orthographe
ch3_p38_s3_c0,surprise
ch3_p38_s4_c0,temps
ch3_p38_s5_c0,joie
ch3_p38_s5_c0,pensée
ch3_p38_s5_c0,conversation
ch3_p38_s6_c0,sujet
ch3_p38_s6_c0,gilberte
ch3_p38_s6_c0,fin
ch3_p38_s6_c0,parole
ch3_p38_s6_c0,parole
ch3_p38_s6_c0,parole
ch3_p38_s6_c0,parole
ch3_p38_s6_c0,vertu
ch3_p38_s6_c0,force
ch3_p38_s6_c1,gilberte
ch3_p38_s6_c1,chose
ch3_p38_s7_c0,parent
ch3_p38_s7_c0,gilberte
ch3_p38_s7_c0,instituteur
ch3_p38_s7_c0,proposition
ch3_p38_s7_c0,fois
ch3_p38_s7_c0,gilberte
ch3_p38_s8_c0,éloge
ch3_p38_s8_c0,dame
ch3_p38_s8_c0,débat
ch3_p38_s8_c0,parent
ch3_p38_s8_c0,ambassadeur
ch3_p38_s8_c0,altesse
ch3_p38_s8_c0,beauté
ch3_p38_s8_c0,magnificence
ch3_p38_s8_c0,noblesse
ch3_p38_s8_c0,jour
ch3_p38_s8_c0,nom
ch3_p38_s8_c0,gilberte
ch3_p38_s8_c0,mme
ch3_p38_s8_c0,blatin
ch3_p39_s1_c0,mère
ch3_p39_s1_c0,honte
ch3_p39_s2_c0,garde
ch3_p39_s3_c0,garde
ch3_p39_s7_c0,veuve
ch3_p39_s7_c0,huissier
ch3_p39_s8_c0,enfant
ch3_p39_s8_c0,manège
ch3_p39_s8_c0,leçon
ch3_p39_s8_c0,gymnastique
ch3_p39_s8_c0,prétexte
ch3_p39_s8_c0,garçon
ch3_p39_s9_c0,rage
ch3_p39_s9_c0,monde
ch3_p39_s9_c0,espèce
ch3_p39_s9_c0,mme
ch3_p39_s9_c0,swann
ch3_p39_s10_c0,milieu
ch3_p39_s11_c0,relation
ch3_p39_s12_c0,embarras
ch3_p40_s0_c0,swann
ch3_p40_s0_c0,temps
ch3_p40_s0_c0,table
ch3_p40_s0_c0,nez
ch3_p40_s0_c0,oeil
ch3_p40_s1_c0,père
ch3_p40_s1_c0,enfant
ch3_p40_s2_c0,swann
ch3_p40_s3_c0,personne
ch3_p40_s3_c0,connussent
ch3_p40_s3_c0,hasard
ch3_p40_s3_c0,journée
ch3_p40_s4_c0,fois
ch3_p40_s4_c0,mère
ch3_p40_s4_c0,train
ch3_p40_s4_c0,soir
ch3_p40_s4_c0,dîner
ch3_p40_s4_c0,course
ch3_p40_s4_c0,propos
ch3_p40_s4_c0,quartier
ch3_p40_s4_c0,rayon
ch3_p40_s4_c0,parapluie
ch3_p40_s4_c0,swann
ch3_p40_s4_c0,milieu
ch3_p40_s4_c0,récit
ch3_p40_s4_c0,fleur
ch3_p40_s5_c0,volupté
ch3_p40_s5_c0,foule
ch3_p40_s5_c0,forme
ch3_p40_s5_c0,swann
ch3_p40_s5_c0,parapluie
ch3_p40_s6_c0,milieu
ch3_p40_s6_c0,événement
ch3_p40_s6_c0,vibration
ch3_p40_s6_c0,amour
ch3_p40_s6_c0,gilberte
ch3_p40_s7_c0,père
ch3_p40_s7_c0,conséquence
ch3_p40_s7_c0,visite
ch3_p40_s7_c0,roi
ch3_p40_s7_c0,théodose
ch3_p40_s7_c0,moment
ch3_p40_s7_c0,hôte
ch3_p40_s7_c0,france
ch3_p40_s7_c0,allié
ch3_p40_s8_c0,revanche
ch3_p40_s8_c0,envie
ch3_p40_s8_c0,swann
ch3_p40_s8_c0,manteau
ch3_p40_s8_c0,pèlerine
ch3_p42_s0_c0,mère
ch3_p42_s0_c0,air
ch3_p42_s0_c0,froid
ch3_p42_s0_c0,swann
ch3_p42_s0_c0,cause
ch3_p42_s0_c0,mme
ch3_p42_s0_c0,swann
ch3_p44_s0_c0,brouillés
ch3_p44_s1_c0,fiction
ch3_p44_s1_c0,rapport
ch3_p44_s1_c0,swann
ch3_p44_s1_c0,rapprochement
ch3_p46_s0_c0,monde
ch3_p46_s1_c0,femme
ch3_p47_s0_c0,combray
ch3_p48_s1_c0,combray
ch3_p48_s1_c0,paris
ch3_p48_s1_c0,chose
ch3_p48_s2_c0,air
ch3_p48_s2_c0,personne
ch3_p48_s3_c0,moment
ch3_p48_s3_c0,ensemble
ch3_p48_s3_c0,paquet
ch3_p48_s4_c0,fille
ch3_p48_s4_c0,mère
ch3_p48_s4_c0,prodige
ch3_p48_s4_c0,esprit
ch3_p48_s4_c0,swann
ch3_p48_s4_c0,amour
ch3_p48_s4_c0,champ
ch3_p48_s4_c0,élysées
ch3_p48_s4_c0,nom
ch3_p48_s4_c0,mère
ch3_p48_s4_c0,qualité
ch3_p48_s4_c0,camarade
ch3_p48_s4_c0,fille
ch3_p48_s4_c0,renseignement
ch3_p48_s4_c0,grand
ch3_p48_s4_c0,parent
ch3_p48_s4_c0,famille
ch3_p48_s4_c1,endroit
ch3_p48_s4_c1,habition
ch3_p48_s4_c1,particularité
ch3_p48_s4_c1,vie
ch3_p48_s4_c1,autrefoi
ch3_p48_s5_c0,mère
ch3_p48_s5_c0,charme
ch3_p48_s5_c0,rayon
ch3_p48_s5_c0,quartier
ch3_p48_s5_c0,swann
ch3_p48_s5_c0,moment
ch3_p48_s5_c0,vue
ch3_p48_s5_c0,souvenir
ch3_p48_s5_c0,mouvement
ch3_p48_s5_c0,geste
ch3_p49_s0_c0,père
ch3_p49_s0_c0,grand
ch3_p49_s0_c0,parent
ch3_p49_s0_c0,swann
ch3_p49_s0_c0,titre
ch3_p49_s0_c0,agent
ch3_p49_s0_c0,change
ch3_p49_s0_c0,plaisir
ch3_p49_s1_c0,imagination
ch3_p49_s1_c0,paris
ch3_p49_s1_c0,famille
ch3_p49_s1_c0,paris
ch3_p49_s1_c0,pierre
ch3_p49_s1_c0,maison
ch3_p49_s1_c0,porte
ch3_p49_s1_c0,cocher
ch3_p49_s1_c0,fenêtre
ch3_p49_s2_c0,ornement
ch3_p49_s3_c0,père
ch3_p49_s3_c0,mère
ch3_p49_s3_c0,maison
ch3_p49_s3_c0,swann
ch3_p49_s3_c0,maison
ch3_p49_s3_c0,temps
ch3_p49_s3_c0,quartier
ch3_p49_s3_c0,bois
ch3_p49_s3_c0,famille
ch3_p49_s3_c0,swann
ch3_p49_s3_c0,genre
ch3_p49_s3_c0,famille
ch3_p49_s3_c0,agent
ch3_p49_s3_c0,change
ch3_p49_s4_c0,degré
ch3_p49_s4_c0,mérite
ch3_p49_s4_c0,univers
ch3_p49_s5_c0,contraire
ch3_p49_s5_c0,degré
ch3_p49_s6_c0,maison
ch3_p49_s6_c0,gilberte
ch3_p49_s6_c0,financier
ch3_p49_s6_c0,cran
ch3_p49_s6_c0,air
ch3_p49_s6_c0,moment
ch3_p49_s6_c0,avis
ch3_p49_s6_c0,malentendu
ch3_p49_s7_c0,gilberte
ch3_p49_s7_c0,qualité
ch3_p49_s7_c0,monde
ch3_p49_s7_c0,émotion
ch3_p49_s7_c0,couleur
ch3_p49_s7_c0,parent
ch3_p49_s7_c0,sens
ch3_p49_s7_c0,amour
ch3_p50_s0_c0,jour
ch3_p50_s0_c0,gilberte
ch3_p50_s0_c0,champ
ch3_p50_s0_c0,élysées
ch3_p50_s0_c0,promenade
ch3_p50_s1_c0,françoise
ch3_p50_s1_c0,pèlerinage
ch3_p50_s1_c0,maison
ch3_p50_s1_c0,swann
ch3_p50_s2_c0,fin
ch3_p50_s2_c0,instituteur
ch3_p50_s2_c0,mme
ch3_p50_s2_c0,swann
ch3_p50_s3_c0,confiance
ch3_p50_s3_c0,médaille
ch3_p50_s4_c0,voyage
ch3_p50_s4_c0,chouette
ch3_p50_s4_c0,tic
ch3_p50_s4_c0,tac
ch3_p50_s4_c0,horloge
ch3_p50_s4_c0,mur
ch3_p50_s4_c0,chat
ch3_p50_s4_c0,minuit
ch3_p50_s4_c0,bois
ch3_p50_s4_c0,meuble
ch3_p50_s7_c0,gilberte
ch3_p50_s7_c0,chemin
ch3_p50_s7_c0,maître
ch3_p50_s7_c0,hôtel
ch3_p50_s7_c0,chien
ch3_p50_s7_c0,émotion
ch3_p50_s7_c0,favori
ch3_p50_s7_c0,regard
ch3_p50_s7_c0,passion
ch3_p50_s8_c0,françoise
ch3_p52_s0_c0,route
ch3_p52_s0_c0,porte
ch3_p52_s0_c0,cocher
ch3_p52_s0_c0,concierge
ch3_p52_s0_c0,concierge
ch3_p52_s0_c0,galon
ch3_p52_s0_c0,livrée
ch3_p52_s0_c0,charme
ch3_p52_s0_c0,nom
ch3_p52_s0_c0,gilberte
ch3_p52_s0_c1,air
ch3_p52_s0_c1,indignité
ch3_p52_s0_c1,vie
ch3_p52_s0_c1,fenêtre
ch3_p52_s0_c1,rideau
ch3_p52_s0_c1,mousseline
ch3_p52_s0_c1,fenêtre
ch3_p52_s0_c1,regard
ch3_p52_s0_c1,gilberte
ch3_p52_s1_c0,fois
ch3_p52_s1_c0,boulevard
ch3_p52_s1_c0,entrée
ch3_p52_s1_c0,rue
ch3_p52_s1_c0,duphot
ch3_p52_s1_c0,swann
ch3_p52_s1_c0,dentiste
ch3_p52_s1_c0,imagination
ch3_p52_s1_c0,père
ch3_p52_s1_c0,gilberte
ch3_p52_s1_c0,humanité
ch3_p52_s1_c0,présence
ch3_p52_s1_c0,milieu
ch3_p52_s1_c0,monde
ch3_p52_s1_c0,madeleine
ch3_p52_s1_c1,pensée
ch3_p52_s1_c1,rue
ch3_p52_s1_c1,apparition
ch3_p53_s0_c0,gilberte
ch3_p53_s0_c0,mme
ch3_p53_s0_c0,swann
ch3_p53_s0_c0,jour
ch3_p53_s0_c0,allée
ch3_p53_s0_c0,acacia
ch3_p53_s0_c0,lac
ch3_p53_s0_c0,allée
ch3_p53_s0_c0,reine
ch3_p53_s0_c0,marguerite
ch3_p53_s0_c0,françoise
ch3_p53_s0_c0,côté
ch3_p53_s0_c0,bois
ch3_p53_s0_c0,boulogne
ch3_p53_s1_c0,jardin
ch3_p53_s1_c0,flore
ch3_p53_s1_c0,paysage
ch3_p53_s1_c0,colline
ch3_p53_s1_c0,grotte
ch3_p53_s1_c0,pré
ch3_p53_s1_c0,rocher
ch3_p53_s1_c0,rivière
ch3_p53_s1_c0,fosse
ch3_p53_s1_c0,colline
ch3_p53_s1_c0,marais
ch3_p53_s1_c0,ébat
ch3_p53_s1_c0,hippopotame
ch3_p53_s1_c0,zèbre
ch3_p53_s1_c0,crocodile
ch3_p53_s1_c0,lapin
ch3_p53_s1_c0,ours
ch3_p53_s1_c0,héron
ch3_p53_s1_c1,milieu
ch3_p53_s1_c1,cadre
ch3_p53_s1_c1,bois
ch3_p53_s1_c1,monde
ch3_p53_s1_c1,arbre
ch3_p53_s1_c1,chêne
ch3_p53_s1_c1,amérique
ch3_p53_s1_c1,exploitation
ch3_p53_s1_c1,virginie
ch3_p53_s1_c1,sapinière
ch3_p53_s1_c1,bord
ch3_p53_s1_c1,lac
ch3_p53_s1_c1,futaie
ch3_p53_s1_c1,coup
ch3_p53_s1_c1,fourrure
ch3_p53_s1_c1,oeil
ch3_p53_s1_c1,bête
ch3_p53_s1_c1,promeneuse
ch3_p53_s1_c1,jardin
ch3_p53_s1_c1,femme
ch3_p53_s1_c2,allée
ch3_p53_s1_c2,myrtes
ch3_p53_s1_c2,enéide
ch3_p53_s1_c2,arbre
ch3_p53_s1_c2,essence
ch3_p53_s1_c2,allée
ch3_p53_s1_c2,acacia
ch3_p53_s1_c2,beauté
ch3_p53_s2_c0,culmination
ch3_p53_s2_c0,rocher
ch3_p53_s2_c0,eau
ch3_p53_s2_c0,joie
ch3_p53_s2_c0,enfant
ch3_p53_s2_c0,otarie
ch3_p53_s2_c0,allée
ch3_p53_s2_c0,acacia
ch3_p53_s2_c0,parfum
ch3_p53_s2_c0,approche
ch3_p53_s2_c0,singularité
ch3_p53_s2_c0,individualité
ch3_p53_s2_c0,faîte
ch3_p53_s2_c0,aperçu
ch3_p53_s2_c0,frondaison
ch3_p53_s2_c1,élégance
ch3_p53_s2_c1,coupe
ch3_p53_s2_c1,tissu
ch3_p53_s2_c1,centaine
ch3_p53_s2_c1,fleur
ch3_p53_s2_c1,colonie
ch3_p53_s2_c1,parasite
ch3_p53_s2_c1,nom
ch3_p53_s2_c1,cœur
ch3_p53_s2_c1,désir
ch3_p53_s2_c1,valse
ch3_p53_s2_c1,nom
ch3_p53_s2_c1,invité
ch3_p53_s2_c1,huissier
ch3_p53_s2_c1,entrée
ch3_p53_s2_c1,bal
ch3_p53_s3_c0,allée
ch3_p53_s3_c0,côté
ch3_p53_s3_c0,mme
ch3_p53_s3_c0,swann
ch3_p53_s3_c0,nom
ch3_p53_s3_c0,guerre
ch3_p53_s3_c0,nom
ch3_p53_s3_c0,sorte
ch3_p53_s3_c0,incognito
ch3_p53_s3_c0,soin
ch3_p53_s4_c0,beau
ch3_p53_s4_c0,ordre
ch3_p53_s4_c0,élégance
ch3_p53_s4_c0,loi
ch3_p53_s4_c0,connaissance
ch3_p53_s4_c0,pouvoir
ch3_p53_s4_c0,avance
ch3_p53_s4_c0,révélation
ch3_p53_s4_c0,apparition
ch3_p53_s4_c0,toilette
ch3_p53_s4_c0,attelage
ch3_p53_s4_c0,détail
ch3_p53_s4_c0,sein
ch3_p53_s4_c0,croyance
ch3_p53_s4_c0,âme
ch3_p53_s4_c0,cohésion
ch3_p53_s4_c0,chef
ch3_p53_s4_c0,œuvre
ch3_p53_s4_c0,ensemble
ch3_p53_s4_c0,éphémère
ch3_p53_s5_c0,mme
ch3_p53_s5_c0,swann
ch3_p53_s5_c0,gilberte
ch3_p53_s5_c0,parent
ch3_p53_s5_c0,charme
ch3_p53_s5_c0,amour
ch3_p53_s5_c0,trouble
ch3_p53_s5_c0,point
ch3_p53_s5_c0,contact
ch3_p53_s5_c0,partie
ch3_p53_s5_c0,vie
ch3_p53_s5_c1,sentiment
ch3_p53_s5_c1,vénération
ch3_p53_s5_c1,frein
ch3_p53_s5_c1,puissance
ch3_p53_s5_c1,mal
ch3_p54_s0_c0,place
ch3_p54_s0_c0,simplicité
ch3_p54_s0_c0,ordre
ch3_p54_s0_c0,mérite
ch3_p54_s0_c0,grandeur
ch3_p54_s0_c0,mme
ch3_p54_s0_c0,swann
ch3_p54_s0_c0,pied
ch3_p54_s0_c0,polonais
ch3_p54_s0_c0,drap
ch3_p54_s0_c0,tête
ch3_p54_s0_c0,toquet
ch3_p54_s0_c0,aile
ch3_p54_s0_c0,lophophore
ch3_p54_s0_c0,bouquet
ch3_p54_s0_c0,violette
ch3_p54_s0_c0,corsage
ch3_p54_s0_c1,allée
ch3_p54_s0_c1,acacia
ch3_p54_s0_c1,chemin
ch3_p54_s0_c1,clin
ch3_p54_s0_c1,œil
ch3_p54_s0_c1,monsieur
ch3_p54_s0_c1,voiture
ch3_p54_s0_c1,silhouette
ch3_p54_s0_c1,chic
ch3_p54_s1_c0,lieu
ch3_p54_s1_c0,simplicité
ch3_p54_s1_c0,faste
ch3_p54_s1_c0,rang
ch3_p54_s1_c0,françoise
ch3_p54_s1_c0,jambe
ch3_p54_s1_c0,heure
ch3_p54_s1_c0,allée
ch3_p54_s1_c0,porte
ch3_p54_s1_c0,dauphin
ch3_p54_s1_c0,image
ch3_p54_s1_c0,prestige
ch3_p54_s1_c0,arrivée
ch3_p54_s1_c0,reine
ch3_p54_s1_c0,impression
ch3_p54_s1_c0,suite
ch3_p54_s1_c1,notion
ch3_p54_s1_c1,vague
ch3_p54_s1_c1,vol
ch3_p54_s1_c1,cheval
ch3_p54_s1_c1,mince
ch3_p54_s1_c1,dessin
ch3_p54_s1_c1,constantin
ch3_p54_s1_c1,guys
ch3_p54_s1_c1,siège
ch3_p54_s1_c1,cosaque
ch3_p54_s1_c1,côté
ch3_p54_s1_c1,groom
ch3_p54_s1_c1,tigre
ch3_p54_s1_c1,feu
ch3_p54_s1_c1,baudenord
ch3_p54_s1_c1,forme
ch3_p54_s1_c1,cœur
ch3_p54_s1_c1,blessure
ch3_p54_s1_c1,victoria
ch3_p54_s1_c2,dessein
ch3_p54_s1_c2,travers
ch3_p54_s1_c2,luxe
ch3_p54_s1_c2,cri
ch3_p54_s1_c2,allusion
ch3_p54_s1_c2,forme
ch3_p54_s1_c2,fond
ch3_p54_s1_c2,abandon
ch3_p54_s1_c2,mme
ch3_p54_s1_c2,swann
ch3_p54_s1_c2,cheveu
ch3_p54_s1_c2,mèche
ch3_p54_s1_c2,ceint
ch3_p54_s1_c2,bandeau
ch3_p54_s1_c2,fleur
ch3_p54_s1_c2,violette
ch3_p54_s1_c2,voile
ch3_p54_s1_c2,main
ch3_p54_s1_c2,mauve
ch3_p54_s1_c3,lèvre
ch3_p54_s1_c3,sourire
ch3_p54_s1_c3,bienveillance
ch3_p54_s1_c3,majesté
ch3_p54_s1_c3,provocation
ch3_p54_s1_c3,cocotte
ch3_p54_s1_c3,douceur
ch3_p54_s1_c3,personne
ch3_p54_s2_c0,sourire
ch3_p54_s2_c0,réalité
ch3_p54_s4_c0,chance
ch3_p54_s6_c0,moment
ch3_p54_s6_c0,file
ch3_p54_s7_c0,inconnu
ch3_p54_s7_c0,lèvre
ch3_p54_s7_c0,sourire
ch3_p54_s7_c0,attente
ch3_p54_s7_c0,souvenir
ch3_p54_s7_c0,ami
ch3_p54_s8_c0,homme
ch3_p54_s8_c0,sourire
ch3_p54_s8_c0,rosse
ch3_p54_s8_c0,langue
ch3_p54_s8_c0,vipère
ch3_p54_s10_c0,coquelin
ch3_p54_s10_c0,discourant
ch3_p54_s10_c0,milieu
ch3_p54_s10_c0,ami
ch3_p54_s10_c0,main
ch3_p54_s10_c0,personne
ch3_p54_s10_c0,voiture
ch3_p54_s10_c0,large
ch3_p54_s10_c0,bonjour
ch3_p54_s10_c0,théâtre
ch3_p54_s11_c0,mme
ch3_p54_s11_c0,swann
ch3_p54_s11_c0,vue
ch3_p54_s11_c0,hauteur
ch3_p54_s11_c0,tir
ch3_p54_s11_c0,pigeon
ch3_p54_s11_c0,file
ch3_p54_s11_c0,allée
ch3_p54_s11_c0,pied
ch3_p54_s12_c0,jour
ch3_p54_s12_c0,courage
ch3_p54_s12_c0,côté
ch3_p54_s12_c0,françoise
ch3_p54_s12_c0,direction
ch3_p54_s13_c0,moment
ch3_p54_s13_c0,allée
ch3_p54_s13_c0,piéton
ch3_p54_s13_c0,mme
ch3_p54_s13_c0,swann
ch3_p54_s13_c0,robe
ch3_p54_s13_c0,mauve
ch3_p54_s13_c0,vêtue
ch3_p54_s13_c0,peuple
ch3_p54_s13_c0,reine
ch3_p54_s13_c0,étoffe
ch3_p54_s13_c0,atour
ch3_p54_s13_c0,femme
ch3_p54_s13_c0,regard
ch3_p54_s13_c0,manche
ch3_p54_s13_c0,ombrelle
ch3_p54_s13_c0,attention
ch3_p54_s13_c0,personne
ch3_p54_s13_c0,affaire
ch3_p54_s13_c0,but
ch3_p54_s13_c0,exercice
ch3_p54_s13_c1,tête
ch3_p54_s14_c0,lévrier
ch3_p54_s14_c0,regard
ch3_p55_s0_c0,chose
ch3_p55_s0_c0,singulier
ch3_p55_s0_c0,radiation
ch3_p55_s0_c0,applaudissement
ch3_p55_s0_c0,foule
ch3_p55_s0_c0,moment
ch3_p55_s0_c0,berma
ch3_p55_s2_c0,passant
ch3_p55_s2_c0,toilette
ch3_p55_s2_c0,point
ch3_p55_s2_c0,repère
ch3_p55_s2_c0,ami
ch3_p55_s2_c0,renseigneraient
ch3_p55_s3_c0,promeneur
ch3_p55_s3_c0,demi
ch3_p56_s1_c0,mme
ch3_p56_s1_c0,swann
ch3_p56_s3_c0,odette
ch3_p56_s3_c0,crécy
ch3_p57_s0_c0,odette
ch3_p57_s0_c0,crécy
ch3_p57_s1_c0,oeil
ch3_p57_s1_c0,jeunesse
ch3_p57_s2_c0,jour
ch3_p57_s2_c0,démission
ch3_p57_s2_c0,mac
ch3_p57_s2_c0,mahon
ch3_p58_s1_c0,mme
ch3_p58_s1_c0,swann
ch3_p58_s1_c0,femme
ch3_p58_s1_c0,monsieur
ch3_p58_s1_c0,jockey
ch3_p58_s1_c0,ami
ch3_p58_s1_c0,prince
ch3_p58_s1_c0,galles
ch3_p59_s0_c0,avoir
ch3_p59_s0_c0,moment
ch3_p59_s1_c0,hôtel
ch3_p59_s1_c0,chinoiserie
ch3_p59_s2_c0,bruit
ch3_p59_s2_c0,crieur
ch3_p59_s2_c0,journal
ch3_p60_s0_c0,réflexion
ch3_p60_s0_c0,murmure
ch3_p60_s0_c0,célébrité
ch3_p60_s1_c0,cœur
ch3_p60_s1_c0,impatience
ch3_p60_s1_c0,instant
ch3_p60_s1_c0,milieu
ch3_p60_s1_c0,désolation
ch3_p60_s1_c0,banquier
ch3_p60_s1_c0,homme
ch3_p60_s1_c0,attention
ch3_p60_s1_c0,vrai
ch3_p60_s1_c0,parent
ch3_p60_s1_c0,mari
ch3_p60_s1_c0,camarade
ch3_p60_s1_c0,fille
ch3_p60_s1_c1,femme
ch3_p60_s1_c1,réputation
ch3_p60_s1_c1,beauté
ch3_p60_s1_c1,inconduite
ch3_p60_s1_c1,élégance
ch3_p60_s2_c0,mme
ch3_p60_s2_c0,swann
ch3_p60_s2_c0,coup
ch3_p60_s2_c0,chapeau
ch3_p60_s2_c0,sourire
ch3_p60_s4_c0,gilberte
ch3_p60_s4_c0,nom
ch3_p60_s4_c0,garde
ch3_p60_s4_c0,bois
ch3_p60_s4_c0,batelier
ch3_p60_s4_c0,canard
ch3_p60_s4_c0,lac
ch3_p60_s4_c0,pain
ch3_p60_s4_c0,personnage
ch3_p60_s4_c0,familier
ch3_p60_s4_c0,caractère
ch3_p60_s4_c0,emploi
ch3_p60_s4_c0,théâtre
ch3_p60_s4_c0,promenade
ch3_p60_s4_c0,bois
ch3_p60_s5_c0,jour
ch3_p60_s5_c0,vue
ch3_p60_s5_c0,allée
ch3_p60_s5_c0,acacia
ch3_p60_s5_c0,allée
ch3_p60_s5_c0,reine
ch3_p60_s5_c0,marguerite
ch3_p60_s5_c0,femme
ch3_p60_s5_c0,air
ch3_p60_s5_c0,ami
ch3_p60_s5_c0,tube
ch3_p60_s5_c0,voiture
ch3_p61_s0_c0,complexité
ch3_p61_s0_c0,bois
ch3_p61_s0_c0,boulogne
ch3_p61_s0_c0,lieu
ch3_p61_s0_c0,sens
ch3_p61_s0_c0,mot
ch3_p61_s0_c0,jardin
ch3_p61_s0_c0,année
ch3_p61_s0_c0,trianon
ch3_p61_s0_c0,matin
ch3_p61_s0_c0,mois
ch3_p61_s0_c0,novembre
ch3_p61_s0_c0,paris
ch3_p61_s0_c0,maison
ch3_p61_s0_c0,proximité
ch3_p61_s0_c0,privation
ch3_p61_s0_c0,spectacle
ch3_p61_s0_c0,automne
ch3_p61_s0_c0,nostalgie
ch3_p61_s0_c1,fièvre
ch3_p61_s0_c1,feuille
ch3_p61_s1_c0,chambre
ch3_p61_s1_c0,mois
ch3_p61_s1_c0,désir
ch3_p61_s1_c0,pensée
ch3_p61_s1_c0,objet
ch3_p61_s1_c0,tache
ch3_p61_s1_c0,oeil
ch3_p61_s2_c0,matin
ch3_p61_s2_c0,pluie
ch3_p61_s2_c0,jour
ch3_p61_s2_c0,temps
ch3_p61_s2_c0,coin
ch3_p61_s2_c0,rideau
ch3_p61_s2_c0,coin
ch3_p61_s2_c0,bouche
ch3_p61_s2_c0,secret
ch3_p61_s2_c0,bonheur
ch3_p61_s2_c0,feuille
ch3_p61_s2_c0,lumière
ch3_p61_s2_c0,beauté
ch3_p61_s2_c0,arbre
ch3_p61_s2_c0,vent
ch3_p61_s2_c0,cheminée
ch3_p61_s2_c0,bord
ch3_p61_s2_c0,mer
ch3_p61_s2_c1,trianon
ch3_p61_s2_c1,bois
ch3_p61_s2_c1,boulogne
ch3_p61_s3_c0,heure
ch3_p61_s3_c0,saison
ch3_p61_s3_c0,bois
ch3_p61_s4_c0,party
ch3_p61_s4_c0,découverte
ch3_p61_s4_c0,espace
ch3_p61_s4_c0,face
ch3_p61_s4_c0,masse
ch3_p61_s4_c0,arbre
ch3_p61_s4_c0,feuille
ch3_p61_s4_c0,feuille
ch3_p61_s4_c0,été
ch3_p61_s4_c0,rang
ch3_p61_s4_c0,marronnier
ch3_p61_s4_c0,tableau
ch3_p61_s4_c0,peine
ch3_p61_s4_c0,décorateur
ch3_p61_s4_c0,couleur
ch3_p61_s4_c1,allée
ch3_p61_s4_c1,lumière
ch3_p61_s4_c1,promenade
ch3_p61_s4_c1,personnage
ch3_p62_s0_c0,feuille
ch3_p62_s0_c0,arbre
ch3_p62_s0_c0,vent
ch3_p62_s0_c0,vilain
ch3_p62_s0_c0,chevelure
ch3_p62_s1_c0,ailleurs
ch3_p62_s1_c0,éveil
ch3_p62_s1_c0,mois
ch3_p62_s1_c0,mai
ch3_p62_s1_c0,feuille
ch3_p62_s1_c0,empelopsi
ch3_p62_s1_c0,épine
ch3_p62_s1_c0,hiver
ch3_p62_s1_c0,matin
ch3_p62_s1_c0,fleur
ch3_p62_s2_c0,bois
ch3_p62_s2_c0,aspect
ch3_p62_s2_c0,pépinière
ch3_p62_s2_c0,parc
ch3_p62_s2_c0,intérêt
ch3_p62_s2_c0,préparation
ch3_p62_s2_c0,fête
ch3_p62_s2_c0,milieu
ch3_p62_s2_c0,arbre
ch3_p62_s2_c0,sorte
ch3_p62_s2_c0,espèce
ch3_p62_s2_c0,feuillage
ch3_p62_s2_c0,vide
ch3_p62_s2_c0,air
ch3_p62_s2_c0,clarté
ch3_p62_s3_c0,saison
ch3_p62_s3_c0,bois
ch3_p62_s3_c0,boulogne
ch3_p62_s3_c0,essence
ch3_p62_s3_c0,party
ch3_p62_s3_c0,assemblage
ch3_p62_s3_c0,composite
ch3_p62_s4_c0,heure
ch3_p62_s5_c0,endroit
ch3_p62_s5_c0,arbre
ch3_p62_s5_c0,feuille
ch3_p62_s5_c0,altération
ch3_p62_s5_c0,matière
ch3_p62_s5_c0,point
ch3_p62_s5_c0,lumière
ch3_p62_s5_c0,soleil
ch3_p62_s5_c0,matin
ch3_p62_s5_c0,heure
ch3_p62_s5_c0,moment
ch3_p62_s5_c0,crépuscule
ch3_p62_s5_c0,lampe
ch3_p62_s5_c0,distance
ch3_p62_s5_c0,feuillage
ch3_p62_s5_c0,reflet
ch3_p62_s5_c1,feuille
ch3_p62_s5_c1,arbre
ch3_p62_s5_c1,candélabre
ch3_p62_s5_c1,faîte
ch3_p62_s6_c0,brique
ch3_p62_s6_c0,jaune
ch3_p62_s6_c0,maçonnerie
ch3_p62_s6_c0,dessin
ch3_p62_s6_c0,ciel
ch3_p62_s6_c0,feuille
ch3_p62_s6_c0,marronnier
ch3_p62_s6_c0,contraire
ch3_p62_s6_c0,doigt
ch3_p62_s7_c0,arbre
ch3_p62_s7_c0,vigne
ch3_p62_s7_c0,éblouissement
ch3_p62_s7_c0,bouquet
ch3_p62_s7_c0,fleur
ch3_p62_s7_c0,variété
ch3_p62_s7_c0,œillet
ch3_p62_s8_c0,party
ch3_p62_s8_c0,bois
ch3_p62_s8_c0,été
ch3_p62_s8_c0,épaisseur
ch3_p62_s8_c0,monotonie
ch3_p62_s8_c0,verdure
ch3_p62_s9_c0,espace
ch3_p62_s9_c0,entrée
ch3_p62_s9_c0,feuillage
ch3_p62_s9_c0,oriflamme
ch3_p62_s10_c0,carte
ch3_p62_s10_c0,couleur
ch3_p62_s10_c0,armenonville
ch3_p62_s10_c0,pré
ch3_p62_s10_c0,catelan
ch3_p62_s10_c0,madrid
ch3_p62_s10_c0,champ
ch3_p62_s10_c0,course
ch3_p62_s10_c0,bord
ch3_p62_s10_c0,lac
ch3_p62_s11_c0,moment
ch3_p62_s11_c0,construction
ch3_p62_s11_c0,grotte
ch3_p62_s11_c0,moulin
ch3_p62_s11_c0,arbre
ch3_p62_s11_c0,place
ch3_p62_s11_c0,pelouse
ch3_p62_s11_c0,plateforme
ch3_p62_s12_c0,bois
ch3_p62_s12_c0,bois
ch3_p62_s12_c0,destination
ch3_p62_s12_c0,vie
ch3_p62_s12_c0,arbre
ch3_p62_s12_c0,exaltation
ch3_p62_s12_c0,admiration
ch3_p62_s12_c0,automne
ch3_p62_s12_c0,désir
ch3_p62_s13_c0,source
ch3_p62_s13_c0,joie
ch3_p62_s13_c0,âme
ch3_p62_s13_c0,cause
ch3_p62_s13_c0,motive
ch3_p62_s14_c0,arbre
ch3_p62_s14_c0,tendresse
ch3_p62_s14_c0,insatisfaite
ch3_p62_s14_c0,insu
ch3_p62_s14_c0,chef
ch3_p62_s14_c0,œuvre
ch3_p62_s14_c0,promeneuse
ch3_p62_s14_c0,jour
ch3_p62_s14_c0,heure
ch3_p62_s15_c0,allée
ch3_p62_s15_c0,acacia
ch3_p62_s16_c0,futaie
ch3_p62_s16_c0,lumière
ch3_p62_s16_c0,matin
ch3_p62_s16_c0,division
ch3_p62_s16_c0,arbre
ch3_p62_s16_c0,ensemble
ch3_p62_s16_c0,tige
ch3_p62_s16_c0,bouquet
ch3_p62_s17_c0,arbre
ch3_p62_s17_c0,ciseau
ch3_p62_s17_c0,rayon
ch3_p62_s17_c0,ombre
ch3_p62_s17_c0,moitié
ch3_p62_s17_c0,tronc
ch3_p62_s17_c0,branche
ch3_p62_s17_c0,ensemble
ch3_p62_s17_c0,moitié
ch3_p62_s17_c0,pilier
ch3_p62_s17_c0,ombre
ch3_p62_s17_c0,ensoleillement
ch3_p62_s17_c0,alentour
ch3_p62_s17_c0,fantôme
ch3_p62_s17_c0,clarté
ch3_p62_s17_c0,réseau
ch3_p62_s17_c0,ombre
ch3_p62_s17_c0,factice
ch3_p62_s17_c0,contour
ch3_p62_s18_c0,rayon
ch3_p62_s18_c0,soleil
ch3_p62_s18_c0,branche
ch3_p62_s18_c0,humidité
ch3_p62_s18_c0,atmosphère
ch3_p62_s18_c0,couleur
ch3_p62_s18_c0,émeraude
ch3_p62_s18_c0,futaie
ch3_p62_s18_c0,mer
ch3_p62_s19_c0,arbre
ch3_p62_s19_c0,vie
ch3_p62_s19_c0,feuille
ch3_p62_s19_c0,fourreau
ch3_p62_s19_c0,velours
ch3_p62_s19_c0,tronc
ch3_p62_s19_c0,émail
ch3_p62_s19_c0,sphère
ch3_p62_s19_c0,faîte
ch3_p62_s19_c0,peuplier
ch3_p62_s19_c0,ronde
ch3_p62_s19_c0,soleil
ch3_p62_s19_c0,lune
ch3_p62_s19_c0,création
ch3_p62_s19_c0,michel
ch3_p62_s19_c0,ange
ch3_p62_s20_c0,année
ch3_p62_s20_c0,sorte
ch3_p62_s20_c0,greffe
ch3_p62_s20_c0,commun
ch3_p62_s20_c0,femme
ch3_p62_s20_c0,dryade
ch3_p62_s20_c0,mondaine
ch3_p62_s20_c0,passage
ch3_p62_s20_c0,branche
ch3_p62_s20_c0,puissance
ch3_p62_s20_c0,saison
ch3_p62_s20_c0,temps
ch3_p62_s20_c0,jeunesse
ch3_p62_s20_c1,lieu
ch3_p62_s20_c1,chef
ch3_p62_s20_c1,œuvre
ch3_p62_s20_c1,élégance
ch3_p62_s20_c1,instant
ch3_p62_s20_c1,feuillage
ch3_p62_s20_c1,inconscient
ch3_p62_s21_c0,beauté
ch3_p62_s21_c0,sapin
ch3_p62_s21_c0,acacia
ch3_p62_s21_c0,bois
ch3_p62_s21_c0,boulogne
ch3_p62_s21_c0,marronnier
ch3_p62_s21_c0,lilas
ch3_p62_s21_c0,trianon
ch3_p62_s21_c0,souvenir
ch3_p62_s21_c0,époque
ch3_p62_s21_c0,œuvre
ch3_p62_s21_c0,art
ch3_p62_s21_c0,temple
ch3_p62_s21_c0,amour
ch3_p62_s21_c0,pied
ch3_p62_s21_c0,feuille
ch3_p62_s22_c0,bord
ch3_p62_s22_c0,lac
ch3_p62_s22_c0,tir
ch3_p62_s22_c0,pigeon
ch3_p62_s23_c0,idée
ch3_p62_s23_c0,perfection
ch3_p62_s23_c0,hauteur
ch3_p62_s23_c0,victoria
ch3_p62_s23_c0,maigreur
ch3_p62_s23_c0,cheval
ch3_p62_s23_c0,guêpe
ch3_p62_s23_c0,oeil
ch3_p62_s23_c0,sang
ch3_p62_s23_c0,cheval
ch3_p62_s23_c0,diomède
ch3_p62_s23_c0,désir
ch3_p62_s23_c0,année
ch3_p62_s23_c0,chemin
ch3_p62_s23_c1,oeil
ch3_p62_s23_c1,moment
ch3_p62_s23_c1,mme
ch3_p62_s23_c1,swann
ch3_p62_s23_c1,groom
ch3_p62_s23_c1,poing
ch3_p62_s23_c1,saint
ch3_p62_s23_c1,georges
ch3_p62_s23_c1,aile
ch3_p62_s23_c1,acier
ch3_p62_s25_c0,automobile
ch3_p62_s25_c0,mécanicien
ch3_p62_s25_c0,valet
ch3_p62_s25_c0,pied
ch3_p62_s26_c0,oeil
ch3_p62_s26_c0,corps
ch3_p62_s26_c0,oeil
ch3_p62_s26_c0,mémoire
ch3_p62_s26_c0,chapeau
ch3_p62_s26_c0,femme
ch3_p62_s26_c0,couronne
ch3_p62_s27_c0,couvert
ch3_p62_s27_c0,fruit
ch3_p62_s27_c0,fleur
ch3_p62_s27_c0,oiseau
ch3_p62_s28_c0,lieu
ch3_p62_s28_c0,robe
ch3_p62_s28_c0,mme
ch3_p62_s28_c0,swann
ch3_p62_s28_c0,air
ch3_p62_s28_c0,reine
ch3_p62_s28_c0,tunique
ch3_p62_s28_c0,pli
ch3_p62_s28_c0,tanagra
ch3_p62_s28_c0,style
ch3_p62_s28_c0,directoire
ch3_p62_s28_c0,chiffron
ch3_p62_s28_c0,fleur
ch3_p62_s28_c0,papier
ch3_p62_s29_c0,tête
ch3_p62_s29_c0,monsieur
ch3_p62_s29_c0,mme
ch3_p62_s29_c0,swann
ch3_p62_s29_c0,allée
ch3_p62_s29_c0,reine
ch3_p62_s29_c0,marguerite
ch3_p62_s29_c0,chapeau
ch3_p62_s29_c0,autrefoi
ch3_p62_s30_c0,tête
ch3_p62_s31_c0,party
ch3_p62_s31_c0,spectacle
ch3_p62_s31_c0,croyance
ch3_p62_s31_c0,consistance
ch3_p62_s31_c0,unité
ch3_p62_s31_c0,existence
ch3_p62_s31_c0,hasard
ch3_p62_s31_c0,vérité
ch3_p62_s31_c0,beauté
ch3_p62_s31_c0,oeil
ch3_p62_s32_c0,femme
ch3_p62_s32_c0,élégance
ch3_p62_s32_c0,foi
ch3_p62_s32_c0,toilette
ch3_p62_s32_c0,importance
ch3_p62_s33_c0,croyance
ch3_p62_s33_c0,vivace
ch3_p62_s33_c0,manque
ch3_p62_s33_c0,puissance
ch3_p62_s33_c0,réalité
ch3_p62_s33_c0,chose
ch3_p62_s33_c0,attachement
ch3_p62_s33_c0,incrédulité
ch3_p62_s33_c0,cause
ch3_p62_s33_c0,mort
ch3_p62_s33_c0,dieu
ch3_p63_s0_c0,horreur
ch3_p63_s1_c0,automobile
ch3_p63_s1_c0,attelage
ch3_p63_s2_c0,doute
ch3_p63_s2_c0,monde
ch3_p63_s2_c0,femme
ch3_p63_s2_c0,robe
ch3_p63_s2_c0,étoffe
ch3_p63_s3_c0,arbre
ch3_p63_s3_c0,feuillage
ch3_p63_s3_c0,vulgarité
ch3_p63_s3_c0,folie
ch3_p63_s3_c0,exquis
ch3_p63_s4_c0,horreur
ch3_p63_s5_c0,consolation
ch3_p63_s5_c0,femme
ch3_p63_s5_c0,élégance
ch3_p63_s6_c0,créature
ch3_p63_s6_c0,chapeau
ch3_p63_s6_c0,volière
ch3_p63_s6_c0,potager
ch3_p63_s6_c0,mme
ch3_p63_s6_c0,swann
ch3_p63_s6_c0,capote
ch3_p63_s6_c0,mauve
ch3_p63_s6_c0,chapeau
ch3_p63_s6_c0,fleur
ch3_p63_s6_c0,iris
ch3_p63_s6_c0,droite
ch3_p63_s7_c0,aurais
ch3_p63_s7_c0,émotion
ch3_p63_s7_c0,matin
ch3_p63_s7_c0,hiver
ch3_p63_s7_c0,mme
ch3_p63_s7_c0,swann
ch3_p63_s7_c0,pied
ch3_p63_s7_c0,paletot
ch3_p63_s7_c0,loutre
ch3_p63_s7_c0,coiffée
ch3_p63_s7_c0,béret
ch3_p63_s7_c0,couteau
ch3_p63_s7_c0,plume
ch3_p63_s7_c0,perdrix
ch3_p63_s7_c0,tiédeur
ch3_p63_s7_c0,appartement
ch3_p63_s7_c0,bouquet
ch3_p63_s7_c0,violette
ch3_p63_s7_c0,corsage
ch3_p63_s7_c0,fleurissement
ch3_p63_s7_c0,bleu
ch3_p63_s7_c0,face
ch3_p63_s7_c0,ciel
ch3_p63_s7_c0,air
ch3_p63_s7_c1,arbre
ch3_p63_s7_c1,branche
ch3_p63_s7_c1,charme
ch3_p63_s7_c1,saison
ch3_p63_s7_c1,temps
ch3_p63_s7_c1,cadre
ch3_p63_s7_c1,atmosphère
ch3_p63_s7_c1,atmosphère
ch3_p63_s7_c1,femme
ch3_p63_s7_c1,vase
ch3_p63_s7_c1,jardinière
ch3_p63_s7_c1,salon
ch3_p63_s7_c1,feu
ch3_p63_s7_c1,canapé
ch3_p63_s7_c1,soie
ch3_p63_s7_c1,fleur
ch3_p63_s7_c1,fenêtre
ch3_p63_s7_c1,neige
ch3_p63_s8_c0,toilette
ch3_p63_s8_c0,année
ch3_p63_s9_c0,cause
ch3_p63_s9_c0,solidarité
ch3_p63_s9_c0,party
ch3_p63_s9_c0,souvenir
ch3_p63_s9_c0,mémoire
ch3_p63_s9_c0,assemblage
ch3_p63_s9_c0,journée
ch3_p63_s9_c0,femme
ch3_p63_s9_c0,tasse
ch3_p63_s9_c0,thé
ch3_p63_s9_c0,appartement
ch3_p63_s9_c0,mur
ch3_p63_s9_c0,couleur
ch3_p63_s9_c0,mme
ch3_p63_s9_c0,swann
ch3_p63_s9_c0,année
ch3_p63_s9_c0,partie
ch3_p63_s9_c0,récit
ch3_p63_s9_c0,feu
ch3_p63_s9_c1,rouge
ch3_p63_s9_c1,combustion
ch3_p63_s9_c1,flamme
ch3_p63_s9_c1,chrysanthème
ch3_p63_s9_c1,crépuscule
ch3_p63_s9_c1,novembre
ch3_p63_s9_c1,instant
ch3_p63_s9_c1,plaisir
ch3_p63_s10_c0,instant
ch3_p63_s10_c0,charme
ch3_p63_s11_c0,rappelai
ch3_p63_s13_c0,appartement
ch3_p63_s13_c0,louis
ch3_p63_s13_c0,blanc
ch3_p63_s13_c0,émaillé
ch3_p63_s13_c0,hortensia
ch3_p63_s14_c0,paris
ch3_p63_s15_c0,mme
ch3_p63_s15_c0,swann
ch3_p63_s15_c0,château
ch3_p63_s15_c0,février
ch3_p63_s15_c0,temps
ch3_p63_s15_c0,chrysanthème
ch3_p63_s15_c0,élément
ch3_p63_s15_c0,souvenir
ch3_p63_s15_c0,année
ch3_p63_s15_c0,millésime
ch3_p63_s15_c0,élément
ch3_p63_s15_c0,désir
ch3_p63_s15_c0,plaisir
ch3_p63_s16_c0,femme
ch3_p63_s16_c0,toilette
ch3_p63_s16_c0,temps
ch3_p63_s16_c0,imagination
ch3_p63_s16_c0,légende
ch3_p63_s18_c0,avenue
ch3_p63_s18_c0,acacia
ch3_p63_s18_c0,allée
ch3_p63_s18_c0,myrtes
ch3_p63_s18_c0,ombre
ch3_p63_s18_c0,désespérément
ch3_p63_s18_c0,bosquet
ch3_p63_s19_c0,chemin
ch3_p63_s20_c0,soleil
ch3_p63_s21_c0,nature
ch3_p63_s21_c0,bois
ch3_p63_s21_c0,idée
ch3_p63_s21_c0,jardin
ch3_p63_s21_c0,femme
ch3_p63_s21_c0,moulin
ch3_p63_s21_c0,ciel
ch3_p63_s21_c0,vent
ch3_p63_s21_c0,lac
ch3_p63_s21_c0,vaguelette
ch3_p63_s21_c0,lac
ch3_p63_s21_c0,oiseau
ch3_p63_s21_c0,bois
ch3_p63_s21_c0,bois
ch3_p63_s21_c1,cri
ch3_p63_s21_c1,chêne
ch3_p63_s21_c1,couronne
ch3_p63_s21_c1,majesté
ch3_p63_s21_c1,vide
ch3_p63_s21_c1,forêt
ch3_p63_s21_c1,contradiction
ch3_p63_s21_c1,réalité
ch3_p63_s21_c1,tableau
ch3_p63_s21_c1,mémoire
ch3_p63_s21_c1,charme
ch3_p63_s21_c1,mémoire
ch3_p63_s21_c1,sens
ch3_p63_s22_c0,réalité
ch3_p63_s23_c0,mme
ch3_p63_s23_c0,swann
ch3_p63_s23_c0,moment
ch3_p63_s23_c0,avenue
ch3_p63_s24_c0,lieu
ch3_p63_s24_c0,monde
ch3_p63_s24_c0,espace
ch3_p63_s24_c0,facilité
ch3_p63_s25_c0,tranche
ch3_p63_s25_c0,milieu
ch3_p63_s25_c0,impression
ch3_p63_s25_c0,vie
ch3_p63_s25_c0,souvenir
ch3_p63_s25_c0,image
ch3_p63_s25_c0,regret
ch3_p63_s25_c0,instant
ch3_p63_s25_c0,maison
ch3_p63_s25_c0,route
ch3_p63_s25_c0,avenue
ch3_p63_s25_c0,année
